SA2_MAINCODE_2016,Sme_Usl_ad_1_yr_ago_as_2016_M,Sme_Usl_ad_1_yr_ago_as_2016_F,Sme_Usl_ad_1_yr_ago_as_2016_P,Dif_Usl_ad_1_yr_ago_Sme_SA2_M,Dif_Usl_ad_1_yr_ago_Sme_SA2_F,Dif_Usl_ad_1_yr_ago_Sme_SA2_P,Dif_Us_ad_1_ago_Dif_SA2_NSW_M,Dif_Us_ad_1_ago_Dif_SA2_NSW_F,Dif_Us_ad_1_ago_Dif_SA2_NSW_P,Dif_Us_ad_1_ago_Dif_SA2_Vic_M,Dif_Us_ad_1_ago_Dif_SA2_Vic_F,Dif_Us_ad_1_ago_Dif_SA2_Vic_P,Dif_Us_ad_1_ago_Dif_SA2_Qld_M,Dif_Us_ad_1_ago_Dif_SA2_Qld_F,Dif_Us_ad_1_ago_Dif_SA2_Qld_P,Dif_Us_ad_1_ago_Dif_SA2_SA_M,Dif_Us_ad_1_ago_Dif_SA2_SA_F,Dif_Us_ad_1_ago_Dif_SA2_SA_P,Dif_Us_ad_1_ago_Dif_SA2_WA_M,Dif_Us_ad_1_ago_Dif_SA2_WA_F,Dif_Us_ad_1_ago_Dif_SA2_WA_P,Dif_Us_ad_1_ago_Dif_SA2_Tas_M,Dif_Us_ad_1_ago_Dif_SA2_Tas_F,Dif_Us_ad_1_ago_Dif_SA2_Tas_P,Dif_Us_ad_1_ago_Dif_SA2_NT_M,Dif_Us_ad_1_ago_Dif_SA2_NT_F,Dif_Us_ad_1_ago_Dif_SA2_NT_P,Dif_Us_ad_1_ago_Dif_SA2_ACT_M,Dif_Us_ad_1_ago_Dif_SA2_ACT_F,Dif_Us_ad_1_ago_Dif_SA2_ACT_P,Dif_Us_ad_1_ago_Dif_SA2_OT_M,Dif_Us_ad_1_ago_Dif_SA2_OT_F,Dif_Us_ad_1_ago_Dif_SA2_OT_P,Dif_Us_ad_1_ago_Dif_SA2_Tot_M,Dif_Us_ad_1_ago_Dif_SA2_Tot_F,Dif_Us_ad_1_ago_Dif_SA2_Tot_P,Difnt_Usl_add_1_yr_ago_OS_M,Difnt_Usl_add_1_yr_ago_OS_F,Difnt_Usl_add_1_yr_ago_OS_P,Difnt_Usl_add_1_yr_ago_Ns_M,Difnt_Usl_add_1_yr_ago_Ns_F,Difnt_Usl_add_1_yr_ago_Ns_P,Difnt_Usl_add_1_yr_ago_Tot_M,Difnt_Usl_add_1_yr_ago_Tot_F,Difnt_Usl_add_1_yr_ago_Tot_P,N_stated_M,N_stated_F,N_stated_P,Tot_M,Tot_F,Tot_P
201011001,4206,4398,8596,245,265,511,20,19,37,726,720,1445,15,19,36,7,15,23,4,3,9,8,3,11,4,3,11,0,4,5,0,0,0,777,788,1566,29,50,79,4,11,18,1059,1116,2171,365,360,724,5625,5866,11494
201011002,4175,4660,8832,146,174,323,18,18,34,688,779,1468,14,25,35,10,10,16,13,10,23,4,10,12,9,11,16,5,4,9,0,0,0,767,859,1625,44,49,97,14,18,28,968,1103,2072,498,540,1030,5641,6306,11944
201011003,8410,9202,17611,390,438,830,20,27,46,953,1178,2137,41,46,88,12,10,19,24,21,41,5,4,12,6,10,17,0,3,7,0,0,0,1060,1302,2358,46,62,106,19,14,25,1512,1808,3325,892,964,1854,10816,11976,22794
201011004,8346,9253,17595,506,582,1090,30,29,58,1197,1314,2514,38,46,85,17,17,31,13,13,29,4,3,11,4,4,13,0,3,3,0,0,0,1306,1433,2741,80,103,180,30,16,45,1917,2138,4051,1036,1200,2235,11299,12586,23890
201011005,2738,2716,5457,131,103,234,11,11,26,344,375,718,11,18,26,9,8,18,5,0,3,5,5,8,0,0,0,4,3,10,0,0,0,395,424,819,35,23,53,3,5,10,562,552,1117,275,240,516,3573,3512,7085
201011006,2669,2809,5479,71,75,142,9,4,13,347,421,766,7,9,14,3,3,6,5,3,12,3,3,6,3,0,3,0,0,3,0,0,0,377,449,821,14,10,23,3,6,7,458,541,999,230,279,512,3359,3624,6986
201011007,1756,1659,3414,7,8,13,3,7,11,108,101,213,3,6,6,3,0,3,0,0,0,0,0,0,0,0,0,0,0,0,0,0,0,119,115,232,0,0,0,3,3,8,128,127,253,119,112,231,2003,1887,3894
201011008,5448,5887,11331,229,222,456,16,15,34,556,622,1179,16,19,38,17,14,32,5,5,9,0,3,3,0,4,3,0,0,4,0,0,0,620,691,1307,63,37,94,12,13,23,926,963,1882,568,653,1214,6938,7496,14435
201021009,2420,2397,4818,51,58,116,9,3,11,181,176,349,3,4,12,3,0,5,0,0,0,0,0,0,0,0,0,0,0,0,0,0,0,196,184,382,4,6,11,3,3,4,256,258,508,246,241,492,2916,2900,5816
201021010,3115,3115,6232,86,104,188,4,13,14,221,244,468,3,8,8,0,0,3,5,0,7,0,0,0,3,3,3,0,0,0,0,0,0,241,272,510,4,14,14,3,10,9,328,398,723,369,421,794,3815,3930,7748
201021011,3424,3612,7039,150,196,345,20,19,31,240,278,519,12,15,28,3,0,3,3,10,13,3,0,3,3,0,7,0,0,0,0,0,0,281,322,606,22,24,45,8,11,15,460,552,1011,387,451,841,4269,4621,8894
201021012,2360,2299,4655,35,37,73,0,3,0,159,164,323,3,0,3,4,3,3,3,0,5,0,0,0,5,5,7,0,0,0,0,0,0,175,175,342,7,3,8,0,3,3,213,218,426,263,257,521,2833,2776,5612
201031013,1349,1326,2669,44,43,85,0,7,7,79,86,172,0,8,7,0,4,8,0,3,5,0,0,0,0,0,0,0,0,0,0,0,0,94,110,198,3,5,5,0,0,0,139,158,298,168,154,322,1651,1635,3289
201031014,1637,1591,3224,38,59,99,10,8,25,115,110,221,4,3,9,0,0,0,3,3,3,0,0,0,0,0,4,0,0,0,0,0,0,131,127,266,0,7,7,0,4,6,180,202,375,574,178,757,2389,1968,4358
201031015,1873,1789,3663,29,25,52,3,6,11,182,167,349,3,3,5,6,3,12,8,3,6,0,0,0,0,0,0,0,0,0,0,0,0,198,181,381,0,8,6,5,0,4,234,213,448,158,166,330,2268,2172,4437
201031016,2954,3220,6174,203,237,444,15,13,27,234,263,493,3,4,7,8,7,13,5,3,9,0,0,0,3,6,11,0,0,0,0,0,0,263,288,558,7,11,13,7,3,9,479,540,1022,304,350,649,3737,4107,7845
201031017,2254,2087,4343,59,39,104,11,11,18,156,150,300,8,8,22,3,0,3,0,0,3,3,3,3,0,0,0,0,0,0,0,0,0,180,178,353,3,3,9,3,0,4,250,226,470,221,206,426,2726,2510,5234
202011018,5024,5274,10301,217,200,420,46,36,81,732,883,1610,26,20,44,8,15,31,6,3,11,10,14,27,4,9,17,3,0,5,0,0,0,842,980,1818,59,73,124,12,13,30,1125,1273,2396,801,806,1606,6946,7347,14301
202011019,4368,4592,8966,156,215,376,22,13,32,489,548,1038,21,17,45,8,10,14,10,8,13,6,4,11,4,10,16,0,0,0,0,0,0,558,612,1170,21,25,43,15,7,25,746,863,1615,596,645,1243,5714,6105,11821
202011020,4864,5303,10162,167,206,373,35,35,76,679,777,1461,25,16,45,12,18,30,16,9,28,6,7,13,0,4,9,5,0,8,0,0,0,778,880,1661,35,56,83,5,4,9,990,1143,2135,507,583,1092,6359,7031,13389
202011021,3162,3511,6677,134,182,314,27,37,68,554,657,1211,9,16,20,9,8,14,9,10,14,3,5,10,3,4,3,3,3,6,0,0,0,618,735,1355,37,48,84,16,9,25,797,980,1776,360,393,752,4319,4882,9203
202011022,7116,7840,14951,388,406,801,36,45,80,706,845,1546,26,27,56,8,7,21,12,23,30,3,5,8,3,3,6,0,0,0,0,0,0,800,948,1750,49,71,122,15,12,31,1263,1438,2696,847,937,1780,9222,10212,19430
202011023,2138,2125,4265,26,32,59,0,3,8,156,154,314,5,6,13,5,3,8,3,0,3,0,0,0,3,0,4,0,0,0,0,0,0,172,175,348,3,4,13,3,0,3,202,216,424,178,153,334,2520,2495,5015
202011024,3509,3554,7064,108,110,218,17,12,23,333,348,683,17,16,29,7,5,18,10,8,11,0,6,6,0,0,0,4,3,3,0,0,0,386,396,776,15,14,27,4,0,8,506,517,1026,228,210,437,4243,4282,8525
202011025,4311,4527,8840,178,230,406,17,17,32,605,657,1259,12,15,32,11,8,23,0,4,8,0,3,3,7,6,12,3,0,5,0,0,0,657,719,1377,30,30,63,12,10,19,875,985,1864,407,440,840,5593,5947,11544
202021026,2959,2917,5874,32,28,61,17,11,26,282,308,587,3,3,5,0,0,0,3,5,7,0,0,0,0,0,0,0,0,0,0,0,0,301,328,627,8,9,13,7,5,18,353,371,720,262,240,501,3573,3526,7099
202021027,3529,4076,7607,211,230,439,13,13,25,264,326,589,7,7,22,11,9,26,9,3,16,3,3,7,8,4,16,0,0,0,0,0,0,322,367,689,31,32,56,5,5,11,565,638,1198,1152,529,1680,5246,5239,10480
202021028,3526,3406,6931,73,75,153,5,13,17,225,265,490,4,8,17,0,3,4,7,7,12,3,3,3,0,3,10,0,3,3,0,0,0,249,301,547,11,11,22,10,6,13,349,387,739,356,385,742,4231,4188,8414
202021029,1769,1716,3490,56,77,137,7,3,9,138,149,283,8,3,13,10,5,17,4,5,5,3,0,5,3,9,12,0,0,0,0,0,0,163,178,338,4,3,6,3,3,8,228,255,483,241,265,511,2242,2239,4484
202021030,3662,3880,7543,244,258,503,19,24,40,250,292,538,9,4,11,3,6,9,0,6,6,4,3,8,3,0,3,0,0,0,0,0,0,282,337,618,28,19,43,7,16,25,564,622,1183,407,414,821,4633,4916,9545
202021031,2656,2805,5463,83,78,159,11,7,16,222,249,466,3,3,7,4,0,3,4,6,14,4,4,6,0,0,5,0,0,0,0,0,0,245,274,527,14,15,28,3,4,4,346,371,721,281,363,640,3285,3538,6828
202031032,1857,1776,3633,19,27,49,0,3,3,144,146,291,3,3,3,0,0,0,0,4,0,0,0,4,0,0,5,0,0,0,0,0,0,151,158,308,3,3,5,0,0,0,179,186,357,178,160,343,2213,2123,4334
202031033,2908,2770,5678,82,88,172,7,8,20,117,123,243,4,3,13,3,0,3,7,6,16,0,0,0,3,0,6,0,0,0,0,0,0,145,145,293,8,9,15,9,8,17,253,248,503,416,404,823,3575,3424,7001
203011034,2589,2541,5134,99,114,213,11,5,15,254,229,486,5,7,11,0,3,4,0,3,3,0,0,0,3,3,3,0,0,0,0,0,0,276,254,525,7,6,13,14,7,19,394,375,770,206,213,412,3187,3128,6318
203011035,2915,2808,5715,56,51,106,4,3,7,221,245,467,5,5,10,0,0,0,0,3,4,0,0,3,4,0,6,0,0,0,0,0,0,238,265,501,8,5,16,8,5,16,311,327,635,221,214,433,3438,3342,6784
203011036,2390,2332,4718,73,79,146,4,7,9,167,173,343,3,3,3,0,3,6,3,8,8,3,0,3,3,4,7,0,0,0,0,0,0,185,193,383,5,3,8,3,3,6,265,280,541,224,205,428,2873,2816,5688
203021037,5059,5563,10625,183,163,344,13,35,45,700,781,1482,18,32,49,6,7,12,11,9,19,5,14,19,6,6,14,7,4,10,0,0,0,766,885,1648,89,62,149,4,5,10,1046,1117,2162,531,555,1084,6635,7241,13873
203021038,9791,10250,20037,621,681,1301,31,37,72,783,826,1606,40,32,67,18,17,35,12,12,18,0,5,10,3,3,9,3,0,3,0,0,0,888,931,1823,156,171,323,34,25,64,1695,1806,3500,1232,1289,2519,12715,13340,26051
203021039,4457,4696,9150,146,169,315,27,29,53,631,765,1399,24,19,45,8,16,26,12,18,33,0,6,10,8,3,4,7,12,19,0,0,0,725,868,1587,101,129,226,22,8,30,986,1170,2156,587,648,1240,6033,6514,12553
203021040,7022,7735,14756,298,348,651,27,28,49,880,1020,1909,32,24,59,17,12,25,12,9,25,7,5,18,4,13,18,3,3,5,0,0,0,988,1124,2110,114,118,228,19,10,27,1425,1597,3019,663,757,1421,9105,10095,19198
203021041,8179,8969,17146,443,478,920,38,32,70,1302,1366,2668,32,47,76,12,10,30,15,9,27,4,9,13,9,15,24,3,3,5,0,0,0,1413,1492,2902,143,76,219,21,30,45,2015,2073,4088,808,944,1758,11002,11990,22994
203021042,8291,8646,16934,357,397,761,42,53,89,1047,1108,2147,40,34,78,8,17,26,23,22,39,5,9,18,9,4,13,3,13,17,0,0,0,1175,1254,2427,172,135,302,11,7,16,1718,1786,3508,713,714,1428,10718,11145,21864
203021043,6682,6860,13542,374,419,797,17,10,32,526,581,1107,23,19,44,3,5,10,10,11,24,3,0,5,6,3,9,0,0,0,0,0,0,587,639,1226,50,63,113,15,21,33,1028,1145,2169,1557,618,2170,9263,8622,17879
203021044,4924,5245,10170,224,252,478,14,18,35,408,488,899,20,20,39,4,8,9,11,3,8,5,3,9,0,0,0,0,0,0,0,0,0,465,534,1003,20,30,54,10,15,28,725,831,1555,443,471,911,6090,6548,12641
203021045,5482,6066,11550,196,216,411,16,12,34,508,601,1109,13,13,26,3,0,5,10,7,16,3,0,6,3,3,8,5,5,8,0,0,0,562,646,1203,39,30,74,14,14,31,814,906,1715,579,609,1189,6877,7583,14458
203021046,3654,3917,7575,163,189,352,22,20,47,464,529,995,13,13,21,10,6,16,10,12,17,0,0,3,0,0,0,8,3,12,0,0,0,521,595,1112,69,69,135,9,10,18,757,865,1617,424,429,849,4832,5211,10044
203021047,5451,5826,11273,170,193,363,18,16,31,592,627,1220,14,13,31,12,13,18,8,11,21,0,0,0,6,3,11,3,3,4,0,0,0,650,689,1346,74,70,146,14,29,42,909,987,1900,605,700,1307,6966,7506,14477
203031048,5014,5395,10407,310,340,653,8,9,23,464,544,1011,25,17,40,3,0,5,15,12,26,4,3,8,3,6,12,4,4,6,0,0,0,526,610,1129,19,19,41,11,8,20,866,973,1845,442,537,984,6322,6900,13227
203031049,1915,1939,3851,112,115,226,6,9,17,178,171,346,9,12,15,8,0,4,0,0,0,0,0,0,0,9,7,0,0,0,0,0,0,201,197,398,21,20,41,3,8,9,338,339,677,236,241,477,2488,2517,5005
203031050,8651,9045,17695,621,682,1311,36,38,68,936,1041,1977,35,36,69,6,5,7,18,19,43,5,9,15,6,3,13,3,8,12,0,0,0,1044,1157,2201,61,83,147,13,15,33,1744,1942,3689,859,863,1722,11253,11860,23113
203031051,2748,2900,5648,134,157,289,6,12,17,323,328,647,9,8,11,3,6,11,7,4,9,0,0,0,4,3,5,0,4,3,0,0,0,346,356,698,5,3,11,9,8,11,488,521,1011,348,346,698,3584,3772,7354
203031052,1495,1736,3228,69,83,143,3,5,9,125,141,264,7,8,15,3,3,5,3,4,13,0,0,0,3,6,7,0,0,0,0,0,0,147,165,317,10,14,23,0,3,0,225,267,490,194,208,400,1910,2208,4118
203031053,6779,7080,13859,631,660,1289,22,20,44,685,672,1353,24,18,43,7,10,16,15,16,32,6,4,10,12,14,25,5,5,15,0,0,0,779,756,1536,74,78,150,14,11,21,1498,1508,3004,632,636,1270,8905,9224,18131
204011054,2488,2474,4960,167,160,327,8,11,22,136,152,282,9,8,13,3,0,6,3,7,8,0,0,0,0,7,9,0,0,0,0,0,0,164,177,342,25,17,42,3,4,8,355,361,715,312,301,610,3157,3130,6288
204011055,2478,2556,5032,132,141,272,12,23,36,134,154,289,7,20,33,0,0,0,4,5,9,0,0,0,3,0,3,0,0,0,0,0,0,166,202,377,8,12,18,8,8,15,312,363,675,261,269,531,3051,3180,6235
204011056,5375,5441,10812,294,335,625,19,26,49,462,519,984,38,25,59,8,9,14,10,11,15,0,3,4,9,7,12,0,0,3,0,0,0,546,597,1140,34,57,91,9,8,22,885,1003,1880,484,550,1037,6745,6990,13735
204011057,3306,3268,6569,250,267,513,24,35,59,269,302,576,19,18,34,5,9,19,13,12,26,5,8,9,9,6,10,0,0,0,0,0,0,343,391,728,37,39,74,7,9,17,639,700,1337,441,426,863,4377,4391,8774
204011058,1551,1534,3076,84,83,166,6,9,12,112,131,241,9,9,14,0,0,0,0,0,3,3,0,3,0,0,0,0,0,0,0,0,0,134,143,276,7,21,25,4,7,5,226,252,481,205,207,411,1982,1986,3970
204011059,2264,2387,4653,168,161,336,8,5,21,126,158,281,21,19,38,5,5,10,4,3,5,3,5,6,0,0,3,3,6,9,0,0,0,171,197,367,73,14,86,4,5,7,418,377,795,408,420,833,3099,3182,6285
204011060,1652,1450,3100,24,19,46,61,31,88,161,114,279,155,77,238,16,12,31,11,5,12,6,0,6,34,23,56,17,6,18,0,0,0,463,275,740,11,7,23,8,4,8,508,303,813,238,217,455,2403,1971,4371
204011061,61,64,130,0,0,3,0,0,0,11,11,17,0,0,0,0,0,0,0,0,0,0,0,0,0,0,0,0,0,0,0,0,0,11,11,17,0,0,0,0,0,0,6,10,19,14,17,31,89,95,183
204011062,1447,1387,2830,67,60,124,0,4,6,92,101,200,0,0,0,0,4,4,0,0,0,0,0,0,0,3,0,0,0,0,0,0,0,98,109,208,3,8,13,4,3,3,172,178,355,184,164,346,1802,1724,3529
204021063,3796,4145,7937,355,398,756,31,37,67,214,249,464,12,14,30,3,0,7,7,5,10,0,3,6,3,10,13,0,0,0,0,0,0,274,324,597,10,15,24,5,8,17,640,742,1391,425,493,916,4865,5381,10244
204021064,1463,1409,2868,17,15,37,9,9,19,100,109,209,7,9,12,0,0,0,0,0,4,3,3,3,0,0,0,0,0,0,0,0,0,117,128,247,6,8,7,3,0,3,141,157,299,216,176,393,1821,1740,3561
204021065,1530,1566,3092,75,72,143,60,74,133,67,69,137,10,3,16,0,0,0,0,0,0,0,0,0,0,3,4,5,3,5,0,0,0,137,155,297,5,11,17,6,4,14,226,242,466,129,137,267,1886,1945,3827
204021066,6798,7611,14410,639,715,1355,46,53,103,365,446,808,26,30,56,4,0,6,10,11,21,0,0,3,9,8,16,0,3,4,0,0,0,464,554,1019,35,46,78,17,15,35,1155,1334,2487,732,881,1612,8687,9824,18514
204021067,4052,3960,8012,84,78,156,20,24,45,214,199,412,13,20,28,7,4,9,6,10,16,0,0,0,0,0,0,0,0,3,0,0,0,261,252,516,5,12,17,5,8,14,361,349,704,402,396,790,4815,4695,9509
204031068,1641,1838,3476,99,115,216,15,22,40,100,111,206,4,10,11,4,3,3,3,0,3,0,4,4,3,3,7,3,4,5,0,0,0,131,151,281,0,10,10,3,3,7,237,275,514,368,184,555,2247,2294,4547
204031069,3110,3114,6229,188,219,405,49,55,107,157,155,316,23,36,58,11,9,13,7,17,26,3,3,5,0,3,3,3,0,3,0,0,0,261,270,530,22,46,66,3,3,4,471,532,1003,424,434,857,4007,4086,8089
204031070,1252,1283,2535,28,25,49,37,39,72,64,64,130,5,9,17,0,0,0,5,0,8,0,0,0,0,0,0,0,0,0,0,0,0,115,113,226,0,0,0,0,0,0,138,141,281,124,126,247,1517,1551,3068
204031071,1822,1868,3688,113,106,225,14,12,29,94,106,201,4,4,9,0,0,0,3,4,10,6,7,13,3,3,10,0,0,0,0,0,0,125,138,265,8,13,20,4,3,9,250,262,517,187,206,396,2258,2342,4596
204031072,2435,2330,4765,121,123,240,63,62,125,111,86,190,6,5,15,0,3,5,0,3,4,0,0,3,3,3,10,3,3,4,0,0,0,186,162,349,3,3,10,4,3,9,320,292,612,266,250,521,3025,2876,5893
204031073,5561,5845,11409,234,266,497,156,187,342,506,571,1069,72,63,135,12,19,32,10,15,23,3,4,10,3,3,9,5,14,18,0,0,0,766,873,1635,29,40,64,15,16,27,1041,1187,2231,531,581,1114,7129,7618,14749
204031074,8615,8978,17592,683,713,1393,385,372,751,782,763,1546,158,111,270,30,29,57,46,46,83,21,18,45,18,15,28,32,18,43,0,0,0,1470,1364,2829,69,85,152,22,19,40,2239,2175,4416,1036,1027,2063,11884,12180,24069
204031075,1852,1908,3762,55,73,128,36,36,79,88,115,199,9,9,13,0,0,0,8,11,21,0,0,0,0,0,3,0,0,0,0,0,0,148,173,317,3,10,10,0,0,0,203,252,453,119,117,236,2181,2278,4453
205011076,5864,6175,12034,369,417,789,16,17,31,703,817,1523,31,40,69,8,6,13,12,18,24,4,6,16,4,3,9,0,3,3,0,0,0,781,914,1691,22,16,37,22,13,31,1187,1359,2551,686,713,1400,7735,8252,15985
205011077,2508,2419,4927,59,45,101,3,9,13,193,199,388,4,8,16,0,3,3,0,3,3,0,3,3,0,5,5,0,0,0,0,0,0,206,223,429,3,10,14,5,5,10,272,282,556,258,243,496,3038,2938,5972
205011078,3017,3062,6073,137,158,292,3,3,9,195,276,471,4,12,20,4,0,4,3,0,8,0,0,0,3,3,9,0,0,0,0,0,0,220,292,515,9,13,16,0,0,7,363,466,823,311,342,653,3688,3862,7557
205011079,6873,7460,14335,456,512,966,26,35,58,662,725,1388,30,25,52,8,9,20,16,13,24,0,4,7,0,0,0,6,8,8,0,0,0,741,818,1562,43,51,89,20,22,39,1257,1395,2658,727,833,1555,8857,9683,18545
205021080,0,0,4,0,0,0,0,0,0,0,0,0,0,0,0,0,0,0,0,0,0,0,0,0,0,0,0,0,0,0,0,0,0,0,0,0,0,0,0,0,0,0,0,0,0,0,0,0,0,0,4
205021081,5102,5716,10818,439,539,979,38,55,94,373,400,773,31,44,79,14,12,26,9,13,24,0,0,0,7,5,10,3,5,10,0,0,0,475,533,1007,18,16,38,21,18,32,956,1105,2060,751,915,1664,6812,7736,14548
205021082,3257,3064,6325,81,83,163,11,11,19,219,212,435,7,10,15,0,0,0,10,10,16,0,0,4,4,3,7,3,0,8,0,0,0,249,249,502,14,16,22,3,12,12,344,359,701,346,298,652,3954,3721,7672
205021083,0,0,0,0,0,0,0,0,0,0,0,0,0,0,0,0,0,0,0,0,0,0,0,0,0,0,0,0,0,0,0,0,0,0,0,0,0,0,0,0,0,0,0,0,0,0,0,0,0,0,0
205021084,3689,3795,7484,287,319,606,31,30,57,253,265,512,24,25,50,8,13,21,14,9,24,7,3,13,10,3,10,3,6,4,0,0,0,344,348,695,4,24,24,6,8,21,645,695,1341,491,507,1000,4830,4995,9830
205021085,2642,2552,5194,148,141,283,33,29,66,88,88,171,6,12,26,3,4,9,7,9,9,0,0,0,0,3,4,0,0,0,0,0,0,140,141,282,9,6,14,10,4,12,303,292,595,317,294,614,3257,3140,6401
205021086,2435,2463,4895,139,142,285,19,15,32,207,227,434,16,22,36,7,0,11,3,3,8,0,0,0,4,4,7,0,0,0,0,0,0,258,274,529,3,9,12,8,7,12,404,428,834,267,260,526,3105,3154,6260
205031087,3361,3394,6750,183,197,383,8,3,13,224,245,472,7,6,16,4,4,9,0,0,3,0,0,0,3,3,7,0,0,0,0,0,0,253,267,519,18,17,31,8,11,15,462,497,958,481,451,938,4308,4339,8643
205031088,48,40,88,0,0,0,0,0,0,3,9,12,0,0,0,0,0,0,0,0,0,0,0,0,0,0,0,0,0,0,0,0,0,3,9,12,0,0,0,0,0,0,5,9,13,6,6,14,61,54,119
205031089,3597,3698,7299,177,213,389,11,8,24,253,311,565,17,16,33,0,0,0,4,5,5,0,0,3,3,0,5,0,0,0,0,0,0,287,343,632,3,12,18,5,3,7,481,570,1049,331,365,696,4413,4625,9036
205031090,4235,4469,8702,264,294,562,8,3,13,293,319,612,16,13,27,0,3,3,8,7,16,3,3,7,0,0,4,0,0,0,0,0,0,328,352,678,14,17,36,10,12,16,611,677,1292,454,501,951,5299,5644,10945
205031091,3771,4070,7839,295,350,647,16,12,26,375,387,765,21,21,44,6,6,15,12,11,23,3,4,5,7,8,15,3,0,3,0,0,0,438,447,888,31,26,58,13,10,26,777,846,1623,397,417,815,4950,5330,10281
205031092,4,3,10,0,0,0,0,0,0,0,0,0,0,0,0,0,0,0,0,0,0,0,0,0,0,0,0,0,0,0,0,0,0,0,0,0,0,0,0,0,0,0,0,0,0,0,0,0,8,3,13
205031093,8139,8573,16711,734,809,1544,27,48,75,670,754,1426,38,33,68,6,4,11,8,17,28,7,3,12,12,7,17,0,0,0,0,0,0,762,875,1635,44,39,79,28,22,48,1563,1746,3306,983,1022,2007,10686,11338,22026
205041094,4519,4562,9082,161,201,365,22,14,34,289,314,605,19,11,31,0,7,6,9,8,14,3,3,5,3,9,9,0,0,0,0,0,0,336,368,706,30,24,52,3,3,10,534,605,1137,535,538,1072,5589,5705,11289
205041095,6299,6656,12950,453,541,990,5,14,21,346,382,729,17,26,45,0,0,0,12,5,18,0,3,7,8,4,12,3,0,4,0,0,0,399,444,843,18,31,43,12,10,22,881,1026,1904,747,758,1509,7926,8433,16367
205041096,5068,5172,10236,351,389,737,14,15,31,370,450,823,16,19,39,7,7,14,19,12,24,3,3,6,0,0,0,0,0,0,0,0,0,431,505,939,26,28,48,17,17,40,822,946,1765,827,829,1653,6712,6950,13657
205041097,9818,10488,20305,832,974,1808,36,35,71,601,655,1261,55,38,94,13,10,21,12,22,28,12,6,13,8,5,16,0,0,4,0,0,0,733,775,1509,56,70,125,32,22,51,1656,1841,3493,1249,1400,2649,12725,13727,26451
205041098,1925,1838,3761,46,39,82,0,0,3,152,142,289,6,10,14,0,0,0,0,0,0,0,0,0,0,0,0,0,0,0,0,0,0,155,148,308,4,0,4,5,4,10,211,194,405,164,167,333,2299,2202,4498
205051099,12,5,22,0,0,0,0,0,0,0,3,3,0,0,0,0,0,0,0,0,0,0,0,0,0,0,0,0,0,0,0,0,0,0,3,3,0,0,0,0,0,0,0,3,3,0,0,0,16,6,25
205051100,1679,1597,3273,42,28,68,19,5,24,177,142,315,12,7,20,6,0,5,6,3,8,3,3,4,3,3,5,13,5,15,0,0,0,240,168,407,10,9,19,5,3,3,291,208,494,268,231,498,2233,2036,4272
205051101,5464,5568,11039,362,413,777,17,20,30,260,304,565,21,21,44,7,3,10,9,15,24,0,0,0,12,11,17,0,0,0,0,0,0,323,371,694,36,41,78,15,14,24,731,837,1564,553,556,1109,6746,6963,13711
205051102,1614,1544,3161,45,54,100,6,0,4,124,120,241,5,5,9,0,0,0,3,3,8,0,0,0,0,0,0,0,0,0,0,0,0,137,124,260,9,11,20,3,3,6,190,189,384,964,173,1140,2777,1907,4685
205051103,5285,5680,10968,466,576,1044,53,56,106,337,367,704,27,33,61,15,13,34,24,24,48,3,4,9,12,11,28,9,13,19,0,0,0,481,520,1002,46,45,85,17,20,36,1003,1166,2170,660,676,1342,6954,7528,14479
205051104,2130,2068,4198,116,121,241,13,6,20,123,110,226,5,6,14,0,3,7,3,0,3,0,0,3,0,0,0,0,0,0,0,0,0,146,129,272,3,9,8,3,3,13,272,258,532,270,268,539,2674,2595,5263
206011105,8258,8712,16970,380,401,781,145,107,251,1656,1819,3477,87,92,180,33,36,72,53,51,107,22,12,27,5,10,14,30,40,68,0,0,0,2024,2168,4188,482,535,1024,37,28,63,2922,3129,6051,1068,1064,2132,12254,12901,25156
206011106,3282,3691,6980,147,157,303,59,54,111,857,972,1829,36,40,79,28,23,47,31,25,50,3,6,15,0,3,3,12,20,27,0,0,0,1026,1139,2163,199,254,460,13,11,22,1385,1555,2944,451,475,931,5123,5729,10849
206011107,4719,5051,9767,118,124,245,44,51,98,803,869,1675,41,51,97,20,20,39,31,25,55,7,11,13,3,3,8,9,12,16,0,0,0,956,1038,2000,197,242,444,16,15,33,1294,1425,2716,508,591,1102,6523,7059,13583
206011108,9698,10436,20135,262,266,524,67,64,129,1130,1172,2301,54,56,113,15,28,45,46,32,79,12,16,23,4,3,8,8,13,15,0,0,0,1343,1377,2717,317,317,635,33,33,67,1955,1989,3946,836,888,1722,12491,13306,25799
206011109,3908,4103,8005,74,58,128,9,3,9,389,389,774,15,11,20,6,10,18,3,9,13,6,5,10,3,5,4,3,0,4,0,0,0,428,424,855,65,55,123,7,6,7,565,543,1114,353,371,722,4824,5014,9839
206021110,3176,3483,6660,65,57,125,22,23,42,519,582,1097,14,11,26,4,12,11,16,12,23,0,0,7,3,3,6,4,3,9,0,0,0,574,643,1221,95,100,189,6,11,22,743,810,1552,311,329,640,4239,4617,8850
206021111,8713,9668,18387,254,311,562,58,88,142,1085,1374,2462,32,51,87,11,18,31,29,32,61,10,9,11,3,9,17,9,16,18,0,0,0,1240,1594,2834,205,264,474,35,47,83,1736,2218,3955,999,1077,2075,11446,12965,24411
206021112,6497,7197,13701,182,193,370,49,50,99,947,1114,2064,29,37,63,13,18,34,17,19,41,5,7,11,3,3,5,5,9,17,0,0,0,1066,1266,2333,151,162,311,19,20,41,1416,1641,3054,716,760,1477,8633,9599,18231
206031113,5358,5577,10929,123,143,262,38,43,78,692,761,1456,20,27,49,0,9,10,10,12,22,5,8,12,0,3,4,16,15,25,0,0,0,787,879,1661,145,167,310,14,17,35,1061,1201,2263,636,686,1319,7055,7466,14516
206031114,9876,10799,20675,399,448,844,61,56,117,1232,1326,2555,47,58,102,18,25,46,22,25,49,9,13,21,7,6,15,12,10,25,0,0,0,1407,1514,2918,271,325,594,33,20,53,2105,2308,4416,1042,1089,2127,13025,14194,27220
206031115,3168,3621,6787,108,117,228,34,36,71,555,534,1089,17,26,46,14,12,30,10,15,29,3,10,8,5,0,5,9,10,19,0,0,0,648,643,1292,214,213,426,17,10,30,988,987,1976,629,589,1210,4781,5195,9977
206031116,5147,5606,10748,123,128,247,36,42,84,707,730,1433,26,35,56,13,13,26,12,14,30,6,7,16,4,0,5,0,6,4,0,0,0,800,853,1651,160,172,335,16,15,33,1104,1160,2266,534,529,1070,6784,7298,14086
206041117,4365,5010,9378,443,588,1033,93,111,207,1088,1319,2410,45,63,114,24,29,50,65,74,136,19,23,43,8,17,25,24,36,58,0,0,0,1367,1669,3035,1468,1862,3326,25,27,57,3306,4146,7457,1001,1057,2063,8675,10215,18893
206041118,2923,2704,5625,259,227,486,65,63,127,708,710,1415,54,42,96,20,15,31,24,21,43,3,3,8,4,0,4,11,8,18,0,0,0,883,868,1756,715,708,1430,13,18,25,1873,1822,3695,787,717,1509,5581,5240,10825
206041119,1511,1662,3168,50,52,95,22,19,42,306,358,661,17,16,35,8,16,16,14,7,17,3,4,6,3,0,3,6,13,18,0,0,0,377,430,805,98,98,189,0,0,6,518,575,1096,297,333,636,2325,2574,4897
206041120,17,18,39,0,0,0,0,0,0,0,9,9,0,0,0,0,0,0,0,0,0,0,0,0,0,0,0,0,0,0,0,0,0,6,9,8,0,3,3,0,0,0,6,12,15,18,16,37,36,45,84
206041121,3609,3832,7439,150,187,336,15,22,39,649,681,1331,22,32,57,24,21,42,24,12,34,6,6,14,4,10,12,6,11,15,0,0,0,761,792,1545,130,162,287,12,18,29,1057,1150,2205,460,538,994,5120,5520,10640
206041122,8366,8736,17105,1309,1439,2752,186,158,345,2059,2201,4261,119,127,247,55,54,110,86,83,168,20,17,36,7,16,23,27,41,64,0,3,3,2557,2693,5258,3242,3809,7052,53,60,106,7171,7997,15168,2556,2315,4872,18091,19049,37139
206041123,5418,5535,10951,326,367,699,92,113,208,1594,1688,3281,76,85,162,33,37,69,38,62,101,16,22,42,3,12,14,21,27,48,0,0,0,1873,2045,3920,941,1048,1986,24,24,44,3164,3488,6647,1616,1256,2877,10195,10275,20471
206041124,1871,2080,3955,63,68,135,55,80,141,553,611,1164,37,68,106,15,27,42,51,37,89,15,12,31,5,10,12,20,27,51,0,0,0,762,872,1635,276,327,597,11,9,16,1113,1277,2391,434,556,991,3419,3918,7332
206041125,1819,2038,3858,52,60,113,17,28,45,359,447,814,25,23,48,8,8,16,21,18,38,0,4,3,0,3,6,6,6,7,0,0,0,439,532,969,112,134,246,3,3,7,605,735,1339,384,471,853,2812,3242,6049
206041126,4695,4604,9301,390,369,759,142,129,271,1387,1409,2792,103,99,209,48,34,85,73,76,154,19,25,41,17,11,28,27,23,49,0,0,0,1816,1815,3632,977,1065,2044,18,20,35,3203,3265,6469,1407,1309,2709,9306,9179,18479
206041127,3,0,3,0,0,0,0,0,0,0,0,0,0,0,0,0,0,0,0,0,0,0,0,0,0,0,0,0,0,0,0,0,0,0,0,0,0,0,0,0,0,0,0,0,0,0,0,0,3,0,3
206051128,5285,5530,10820,204,223,427,66,54,119,720,800,1515,51,42,89,18,11,31,20,17,39,8,3,12,3,8,10,15,6,17,0,0,0,887,941,1832,287,287,578,15,10,27,1394,1469,2861,762,785,1543,7448,7777,15226
206051129,4762,5291,10056,260,300,562,57,60,120,884,1059,1944,34,42,78,3,7,14,21,18,38,4,10,14,5,8,9,3,7,9,0,0,0,1013,1209,2226,188,246,434,18,16,32,1478,1779,3254,808,911,1723,7047,7981,15029
206051130,5353,5829,11180,346,363,707,55,65,125,738,793,1532,44,47,94,8,7,17,27,28,57,13,12,19,4,3,12,5,3,6,0,0,0,893,967,1858,177,218,391,22,14,28,1440,1554,2991,829,936,1762,7615,8318,15932
206051131,5,0,10,0,0,0,0,0,0,0,6,3,0,0,0,0,0,0,0,0,0,0,0,0,0,0,0,0,0,0,0,0,0,0,6,3,0,0,0,0,0,0,0,6,3,3,0,3,8,9,18
206051132,3771,4021,7792,114,133,246,46,42,92,638,661,1302,41,44,85,10,7,18,20,22,47,10,4,13,0,0,0,6,6,9,0,0,0,778,794,1572,196,214,415,7,14,17,1092,1155,2245,691,692,1379,5552,5869,11421
206051133,7575,7353,14927,478,534,1011,140,134,276,1701,1772,3467,124,127,251,40,37,76,73,60,133,19,21,45,14,7,18,8,12,29,0,0,0,2120,2175,4293,699,693,1388,38,27,60,3333,3426,6753,2147,2047,4202,13053,12823,25875
206051134,5299,5451,10750,215,179,389,60,76,130,1080,1134,2221,42,59,101,14,12,25,32,29,61,7,9,21,8,9,11,9,5,16,0,0,0,1256,1332,2587,282,297,576,28,21,47,1776,1825,3599,914,935,1845,7994,8213,16203
206061135,2953,3403,6360,91,113,211,21,29,49,488,647,1133,11,20,38,10,10,19,8,5,18,4,4,8,3,3,4,7,12,16,0,0,0,557,733,1284,83,122,203,0,10,8,730,975,1706,380,432,817,4064,4814,8883
206061136,6081,6338,12418,252,313,563,104,109,210,1266,1412,2674,75,89,164,23,35,62,67,59,124,17,19,35,7,0,11,13,12,27,0,0,0,1571,1735,3309,360,407,762,33,27,64,2220,2477,4701,1199,1202,2403,9497,10024,19522
206061137,5622,6110,11736,324,393,719,158,193,349,1501,1689,3181,103,114,212,35,43,82,73,89,157,14,8,20,5,4,8,14,26,43,0,0,0,1900,2173,4070,635,785,1420,30,26,59,2887,3377,6269,1243,1313,2560,9756,10803,20557
206061138,4330,5099,9427,172,189,364,37,41,81,644,728,1373,23,26,53,7,12,12,12,16,35,4,4,7,0,0,0,7,12,17,0,0,0,743,839,1577,128,153,279,11,7,19,1051,1190,2242,576,708,1280,5953,6997,12955
206071139,2476,2453,4922,114,96,217,39,45,80,710,722,1434,45,33,82,18,10,25,19,18,39,8,6,14,0,3,6,4,6,10,0,0,0,847,846,1691,184,200,380,12,10,22,1155,1153,2311,435,428,866,4065,4028,8094
206071140,2773,3055,5832,74,91,167,21,27,51,525,623,1146,23,23,37,9,6,16,6,9,19,0,3,3,5,5,17,3,9,15,0,0,0,592,709,1299,129,168,294,18,13,34,806,989,1791,341,374,717,3921,4416,8340
206071141,2361,2414,4777,104,89,195,58,62,116,744,760,1502,45,49,91,20,10,34,33,29,64,8,5,15,7,3,7,17,11,25,0,0,0,933,925,1857,177,205,381,9,8,19,1224,1233,2454,602,599,1200,4189,4251,8433
206071142,3203,3391,6592,118,118,240,46,53,97,598,648,1251,34,42,72,16,11,27,18,17,42,7,6,12,7,3,9,6,13,20,0,0,0,734,794,1525,186,181,370,10,5,21,1053,1106,2155,807,762,1570,5059,5263,10319
206071143,4026,4598,8624,112,127,238,53,72,125,646,805,1449,27,41,68,6,13,16,18,22,38,7,6,16,9,7,13,7,12,20,0,0,0,782,975,1754,148,211,356,19,21,45,1057,1333,2392,577,656,1238,5657,6584,12247
206071144,9895,10424,20318,599,624,1219,136,133,272,1749,1914,3662,94,104,196,31,43,66,88,86,167,16,17,31,7,3,11,24,14,41,0,0,0,2147,2304,4449,459,489,946,37,30,71,3233,3457,6690,1565,1577,3142,14689,15457,30150
206071145,3151,3369,6516,62,74,139,39,35,72,482,475,961,14,16,29,4,3,9,14,8,15,3,6,8,3,5,13,5,0,8,0,0,0,567,548,1114,110,118,222,6,12,18,746,750,1496,450,462,915,4348,4583,8924
207011146,3046,3175,6223,41,41,83,22,14,39,330,333,661,10,6,16,8,3,9,3,0,5,0,0,0,0,0,0,0,0,0,0,0,0,370,360,729,81,65,140,4,3,8,489,472,957,229,245,480,3766,3896,7663
207011147,5759,6555,12310,184,192,379,11,18,34,629,756,1385,17,28,50,13,12,26,4,11,16,7,3,7,3,3,9,11,10,22,0,0,0,702,841,1544,230,299,529,8,5,10,1120,1344,2467,449,500,950,7333,8403,15731
207011148,8023,8460,16485,241,256,498,11,9,16,659,718,1377,17,19,38,12,8,22,17,9,22,4,3,3,5,4,9,3,3,10,0,0,0,727,775,1501,230,282,511,11,9,18,1206,1323,2523,537,555,1092,9767,10332,20098
207011149,7834,8974,16806,170,200,376,27,39,64,916,1044,1957,29,25,56,12,19,30,19,26,53,8,10,13,6,10,7,15,11,24,0,0,0,1027,1177,2209,228,295,526,16,30,42,1450,1700,3155,605,664,1261,9882,11339,21222
207011150,6457,6785,13243,154,167,319,29,27,60,672,706,1379,16,15,29,5,4,16,13,9,28,0,5,5,0,0,0,3,3,7,0,0,0,741,774,1520,116,139,253,8,5,13,1019,1086,2105,434,417,852,7908,8289,16196
207011151,7411,7928,15342,430,453,891,68,65,129,1465,1489,2951,49,60,109,27,18,42,43,30,77,12,8,22,3,7,11,23,27,46,0,0,0,1691,1705,3394,526,535,1064,25,13,37,2682,2708,5384,985,1053,2040,11072,11693,22765
207011152,5030,5523,10555,182,184,368,38,52,92,1001,1072,2076,23,29,51,12,18,28,31,38,66,9,8,17,0,0,0,8,3,12,0,0,0,1119,1225,2342,247,327,573,19,22,43,1571,1750,3326,552,571,1126,7154,7843,15001
207011153,8909,9826,18734,317,350,663,43,46,95,1073,1158,2234,41,47,85,13,18,30,14,7,22,6,6,10,3,10,9,7,12,17,0,0,0,1207,1293,2498,253,338,593,14,9,24,1783,1999,3783,1019,1004,2027,11704,12833,24538
207011154,2580,2665,5238,35,27,63,4,4,5,256,244,496,4,4,14,8,4,11,0,3,8,4,0,3,0,0,0,0,3,3,0,0,0,275,267,538,63,70,133,3,0,3,376,367,741,234,236,467,3185,3263,6450
207011155,6162,6922,13090,96,127,228,24,25,48,659,735,1396,19,19,37,3,8,12,15,9,29,0,9,9,0,3,3,4,7,7,0,0,0,727,816,1546,157,161,322,3,11,10,987,1116,2102,510,499,1010,7659,8538,16196
207021156,4444,4704,9149,68,60,127,11,10,27,356,356,712,8,11,17,0,4,7,0,0,0,3,5,7,0,0,0,0,0,0,0,0,0,385,385,771,88,68,158,3,3,8,547,520,1071,370,370,735,5362,5595,10961
207021157,7492,8166,15661,238,249,486,32,27,60,1025,1003,2031,22,28,49,21,27,48,27,27,56,5,4,8,3,0,3,8,8,12,0,0,0,1146,1119,2262,328,406,734,15,11,26,1724,1789,3513,595,630,1226,9811,10587,20401
207021159,6636,7182,13814,100,89,193,14,16,30,548,614,1166,14,10,25,9,5,11,8,19,25,0,0,0,0,6,11,4,3,5,0,0,0,602,674,1275,130,158,289,0,6,9,833,924,1763,448,463,916,7921,8572,16488
207021160,5352,5872,11224,80,86,172,13,10,23,475,554,1033,14,16,26,3,5,7,6,9,13,0,0,0,0,0,0,3,3,4,0,0,0,509,597,1108,77,86,169,14,16,28,681,786,1468,360,401,764,6398,7060,13454
207021424,6067,6205,12271,61,88,146,12,9,18,445,482,934,7,5,15,4,9,16,15,14,29,0,0,0,0,0,0,0,0,0,0,0,0,483,526,1008,164,174,336,7,5,13,720,792,1511,332,366,700,7117,7362,14479
207021425,5125,5758,10882,107,121,222,10,16,23,644,688,1329,16,13,23,29,32,58,4,11,17,0,0,0,0,0,0,0,5,5,0,0,0,697,758,1456,217,266,480,9,9,20,1029,1155,2183,353,402,757,6505,7314,13820
207031161,8267,8840,17104,197,212,411,23,25,44,954,942,1892,17,14,30,6,6,16,13,18,24,3,3,10,6,3,8,15,13,26,0,0,0,1026,1022,2049,212,229,441,16,12,23,1451,1472,2926,574,565,1143,10295,10878,21173
207031162,4155,4649,8810,61,59,119,10,4,15,418,386,800,4,4,8,9,8,14,3,5,10,0,0,4,0,0,0,3,0,4,0,0,0,449,414,863,78,83,166,4,7,16,593,560,1160,339,381,720,5089,5596,10688
207031163,6579,7156,13736,332,342,671,32,34,72,1059,1136,2190,27,21,48,23,18,46,8,9,16,9,9,18,0,3,3,6,3,6,0,0,0,1162,1237,2401,654,676,1322,22,17,37,2162,2269,4437,730,756,1481,9465,10185,19652
207031164,6564,7159,13720,157,173,332,25,27,50,800,776,1577,15,22,37,10,6,14,21,18,40,0,3,3,0,3,3,0,8,9,0,0,0,867,859,1727,277,333,610,13,5,24,1322,1373,2691,464,496,955,8349,9027,17375
207031165,3890,4550,8444,178,184,365,32,35,69,658,684,1341,18,16,31,12,11,19,15,14,25,10,14,26,0,10,5,14,3,18,0,0,3,757,774,1531,542,532,1074,11,4,21,1487,1503,2986,325,403,721,5703,6451,12153
207031166,3970,4217,8191,56,59,117,18,14,31,444,417,856,7,9,15,9,9,22,3,3,4,0,0,0,0,0,0,0,3,3,0,0,0,482,457,935,219,202,422,9,6,14,764,721,1487,277,226,503,5013,5167,10184
207031167,3756,4069,7825,75,83,158,19,18,37,455,519,972,12,12,22,8,5,18,7,10,13,0,0,4,3,0,3,4,5,6,0,0,0,512,568,1080,125,150,278,4,4,8,715,804,1523,237,296,535,4718,5168,9889
208011168,5207,5658,10865,166,178,337,15,21,41,468,522,985,3,10,11,0,3,3,5,4,16,0,0,3,3,3,3,3,0,5,0,0,0,511,564,1067,71,87,163,3,0,3,747,831,1575,435,512,952,6389,7000,13388
208011169,8033,9204,17241,376,411,785,52,55,104,872,969,1844,37,37,72,7,14,14,14,20,33,0,0,3,0,5,3,6,8,14,0,0,0,996,1101,2096,225,310,536,23,28,52,1623,1851,3473,844,954,1793,10504,12010,22514
208011170,6034,6586,12614,102,99,196,24,19,43,690,711,1396,18,21,44,0,6,6,5,12,13,0,0,0,3,3,5,4,4,10,0,0,0,743,773,1518,139,140,284,9,4,17,997,1027,2019,502,581,1085,7528,8193,15717
208011171,4065,4541,8598,89,85,176,15,12,26,474,536,1011,15,14,26,7,5,8,4,5,12,3,3,4,0,0,0,0,3,3,0,0,0,510,583,1097,76,71,149,3,11,14,676,754,1433,362,402,766,5104,5689,10797
208011172,6679,7080,13762,169,162,332,29,33,65,735,765,1501,26,23,44,11,8,21,15,14,23,3,0,3,0,7,7,3,8,9,0,0,0,816,857,1671,164,183,347,6,16,22,1157,1215,2373,617,717,1333,8456,9010,17467
208011173,6139,6706,12848,183,205,383,40,38,74,690,747,1439,12,24,34,12,10,15,13,10,25,0,4,7,3,3,4,4,5,6,0,0,3,775,836,1611,119,137,256,3,10,19,1086,1189,2275,601,624,1228,7821,8522,16349
208021174,8426,9224,17646,273,261,536,26,29,56,979,1028,2007,13,15,27,19,15,34,13,19,34,3,6,9,5,3,7,0,3,0,0,0,0,1059,1115,2170,229,238,465,10,13,18,1571,1624,3193,679,676,1355,10672,11517,22189
208021176,6209,6764,12974,215,240,455,36,38,71,1006,1038,2046,29,33,66,8,9,15,12,8,25,13,8,18,0,0,0,6,6,14,0,0,0,1107,1137,2247,372,463,833,20,20,41,1713,1860,3569,631,645,1276,8553,9268,17823
208021177,7534,8054,15592,276,285,562,33,42,75,934,963,1897,20,31,55,9,12,20,24,19,43,8,4,15,7,7,11,6,0,12,0,0,0,1040,1079,2119,327,407,731,16,14,36,1661,1791,3450,807,879,1685,10004,10723,20730
208021178,6552,7173,13725,187,192,381,32,27,59,699,744,1445,17,9,27,8,4,12,20,14,32,8,3,7,0,0,0,8,5,14,0,0,0,787,810,1593,163,206,368,26,24,51,1164,1220,2388,612,562,1176,8331,8962,17293
208021179,4097,4543,8642,98,113,213,25,31,50,570,640,1204,17,23,44,0,4,9,7,12,21,0,0,3,0,0,0,5,0,4,0,0,0,629,707,1342,103,138,236,8,6,15,841,968,1804,368,388,763,5309,5901,11205
208021180,2747,3027,5771,40,55,95,19,16,32,399,414,810,8,0,6,3,7,12,11,9,14,3,0,3,3,0,3,0,3,3,0,0,0,448,444,895,113,129,243,6,7,11,609,635,1246,213,231,445,3566,3894,7464
208021181,3488,3559,7048,60,62,121,20,13,33,544,537,1079,9,4,17,5,11,14,6,10,12,0,9,10,0,0,0,4,0,6,0,0,0,592,580,1172,119,157,280,5,4,14,776,812,1584,262,248,516,4527,4619,9148
208021182,4660,4921,9574,157,138,293,31,23,52,792,800,1588,19,21,37,10,9,20,11,14,22,0,5,8,0,3,6,4,3,7,0,0,0,866,874,1744,318,364,684,6,14,26,1356,1393,2747,438,421,866,6452,6734,13186
208021426,5734,5988,11726,146,158,306,19,23,36,630,648,1271,20,18,39,8,14,17,10,10,20,4,0,8,0,0,0,0,7,7,0,0,0,691,708,1399,118,138,260,19,9,23,971,1014,1983,440,463,907,7151,7469,14615
208021427,5226,5560,10781,105,95,196,13,11,20,520,539,1058,10,7,15,4,3,5,11,5,19,0,0,4,0,0,3,0,0,0,0,0,0,558,568,1127,75,80,158,9,9,16,739,759,1504,374,407,779,6336,6725,13066
208031183,3842,3947,7795,56,37,98,8,3,13,209,228,439,7,4,7,0,0,0,3,0,5,0,0,0,0,0,4,0,0,0,0,0,0,224,242,468,43,50,95,0,4,3,325,334,658,217,240,449,4384,4519,8902
208031184,12,5,20,0,0,0,0,0,0,6,0,10,0,0,0,0,0,0,0,0,0,0,0,0,0,0,0,0,0,0,0,0,0,6,0,10,0,0,0,0,0,0,6,0,10,9,20,35,30,30,58
208031185,4357,4696,9054,98,111,209,3,3,8,506,536,1044,14,12,31,0,0,0,6,6,9,4,3,6,0,0,0,0,0,0,0,0,0,537,564,1104,50,55,97,9,15,23,692,742,1437,438,494,928,5484,5932,11415
208031186,4989,5613,10605,156,188,348,21,14,33,682,780,1464,12,16,27,5,3,8,3,5,10,3,5,7,6,9,9,3,0,3,0,0,0,728,831,1560,57,77,132,18,23,43,966,1119,2080,620,657,1279,6570,7389,13959
208031187,2207,2303,4512,13,11,23,0,3,3,176,182,358,3,0,3,0,0,0,0,0,0,0,0,0,0,0,0,0,0,0,0,0,0,176,190,364,16,12,26,0,5,5,204,213,422,160,175,336,2574,2694,5271
208031188,8281,9168,17455,182,204,387,36,32,65,1012,1059,2071,29,35,56,13,7,20,17,12,31,0,3,3,0,0,0,0,3,8,0,0,0,1101,1151,2251,142,188,330,16,15,36,1442,1555,2993,730,812,1540,10457,11536,21993
208031189,5024,5221,10249,102,124,231,18,19,35,503,502,1009,4,5,11,3,3,8,6,3,13,0,0,0,0,0,0,0,0,0,0,0,0,538,531,1072,40,56,101,4,9,11,689,720,1408,465,482,941,6174,6426,12602
208031190,4719,5167,9886,127,136,260,22,18,44,668,712,1383,12,19,30,3,5,8,7,11,17,4,6,12,4,0,4,0,0,0,0,0,0,718,778,1494,115,123,240,8,5,15,968,1044,2019,452,473,922,6142,6682,12823
208031191,3261,3355,6618,76,78,151,16,12,30,422,441,871,21,17,38,0,4,5,4,3,7,0,0,0,0,0,0,3,3,3,0,0,0,476,484,956,92,116,209,7,7,15,653,679,1332,379,362,739,4290,4403,8693
208031192,0,0,0,0,0,0,0,0,0,0,0,0,0,0,0,0,0,0,0,0,0,0,0,0,0,0,0,0,0,0,0,0,0,0,0,0,0,0,0,0,0,0,0,0,0,0,0,0,0,0,0
208031193,7533,8194,15723,227,237,461,22,27,49,768,846,1612,31,22,48,5,9,12,12,15,27,4,4,5,4,8,10,3,0,4,0,0,0,847,929,1780,197,132,333,10,20,31,1286,1317,2600,670,703,1370,9484,10216,19693
208041194,7090,7899,14989,251,259,507,32,36,66,1001,1065,2062,29,33,68,8,9,16,33,31,62,12,10,18,4,3,6,7,6,10,0,0,0,1122,1191,2313,241,267,502,23,7,28,1630,1718,3354,720,800,1514,9445,10415,19860
208041195,7958,8449,16409,189,240,426,31,40,66,965,1023,1986,28,35,56,10,8,22,17,9,22,3,3,7,3,3,7,8,12,15,0,0,0,1065,1126,2187,340,463,803,10,11,20,1601,1830,3434,622,659,1287,10185,10943,21128
209011196,4051,4060,8108,56,45,101,6,0,9,364,320,681,5,11,11,3,0,3,5,3,6,0,0,3,3,0,6,3,4,10,0,0,0,389,339,725,112,105,217,13,4,15,568,498,1066,290,307,602,4910,4862,9770
209011197,8250,8810,17063,123,146,272,13,11,27,713,749,1461,16,15,34,14,8,27,5,12,14,0,0,3,4,6,8,4,3,6,0,0,0,774,813,1584,61,84,143,12,18,24,969,1054,2027,530,569,1105,9749,10440,20190
209011198,5457,5918,11371,163,153,316,27,38,64,657,789,1444,10,18,25,3,6,11,7,8,21,0,7,7,0,0,0,0,4,5,0,0,0,707,866,1568,141,137,280,14,8,19,1029,1161,2189,471,508,984,6955,7590,14541
209011199,4968,5323,10295,182,169,345,21,20,35,638,608,1246,21,16,36,3,4,4,8,11,17,0,4,7,4,6,6,3,5,7,0,0,0,699,668,1365,131,131,258,19,14,28,1026,980,2003,754,869,1621,6750,7173,13921
209011200,4221,4672,8893,128,138,264,23,24,41,459,567,1020,25,18,43,3,11,14,10,14,28,0,3,8,3,0,5,0,5,4,0,0,0,522,639,1160,101,122,224,12,4,14,758,904,1663,372,360,729,5347,5938,11284
209011201,3090,3231,6317,61,58,118,16,7,27,283,290,574,7,7,13,0,0,5,0,0,0,0,0,0,0,0,0,0,0,5,0,0,0,315,309,620,39,60,99,0,3,8,413,419,839,245,241,487,3748,3892,7638
209011202,6323,6810,13127,167,192,364,12,6,26,606,672,1274,3,16,21,9,6,10,6,4,14,4,3,6,0,0,3,0,3,4,0,0,0,645,717,1361,41,66,108,10,9,19,868,976,1849,435,494,933,7632,8283,15912
209011203,7258,7568,14828,135,144,281,62,22,88,634,611,1244,93,46,133,16,10,23,20,16,31,11,4,13,14,10,29,16,4,26,0,0,0,860,732,1591,116,108,227,9,7,23,1117,996,2112,565,582,1148,8937,9143,18086
209011204,3688,3855,7539,43,47,90,13,8,21,362,338,703,11,7,14,0,0,0,3,3,6,0,0,0,3,3,3,0,0,0,0,0,0,388,362,751,26,39,64,3,11,16,457,454,918,262,267,530,4409,4576,8988
209021205,3743,3948,7689,166,211,379,45,56,103,574,646,1215,18,23,41,8,7,13,10,7,18,13,16,26,3,6,14,8,8,18,0,0,0,681,766,1449,377,405,785,15,17,35,1248,1408,2650,460,453,911,5446,5805,11248
209021207,9504,10271,19776,325,331,663,38,44,85,1283,1237,2521,31,32,59,20,18,39,19,16,30,11,8,17,4,5,10,4,3,12,0,0,0,1418,1357,2775,354,375,726,52,54,111,2150,2118,4272,1311,1350,2660,12970,13747,26709
209021208,9359,9505,18859,231,212,443,36,29,70,898,931,1833,26,20,47,10,5,20,15,11,22,6,3,5,11,3,13,5,6,15,0,0,0,1002,1014,2022,259,272,530,15,12,22,1503,1514,3021,903,913,1819,11770,11932,23702
209021428,7032,7274,14304,193,206,393,43,45,83,1030,1078,2109,38,30,66,27,16,50,19,13,35,6,6,8,4,7,11,3,3,12,0,0,0,1165,1204,2370,264,304,565,32,23,54,1650,1732,3384,1020,1070,2090,9704,10078,19783
209021429,4530,4751,9281,97,88,180,24,25,46,606,660,1269,17,19,36,8,16,27,8,9,20,0,3,5,0,4,3,0,3,7,0,0,0,672,748,1416,130,133,267,10,14,31,915,981,1893,434,438,874,5870,6174,12044
209031209,9528,9923,19455,156,168,325,17,24,38,619,693,1314,17,22,41,0,7,7,8,8,15,0,4,9,0,0,0,3,8,7,0,0,0,670,775,1439,78,88,165,8,3,10,909,1039,1943,601,687,1290,11032,11652,22687
209031210,1480,1501,2982,15,12,30,3,3,5,99,113,209,5,0,3,0,0,0,0,5,5,0,0,0,0,0,0,0,0,0,0,0,0,101,119,220,5,3,9,0,0,0,122,130,259,76,111,186,1679,1742,3424
209031211,1608,1508,3120,36,36,72,0,3,9,142,120,265,0,0,0,0,0,0,0,0,0,0,0,0,0,0,4,0,0,0,0,0,0,148,132,276,0,4,4,0,0,3,183,170,355,160,184,346,1955,1856,3816
209031212,2180,2109,4290,22,18,35,3,0,6,132,161,291,0,6,7,0,0,0,0,0,0,0,0,0,0,0,0,0,0,0,0,0,0,139,171,310,12,12,18,0,3,3,170,202,371,224,238,455,2578,2544,5121
209031213,3991,3991,7977,28,30,56,5,10,12,302,320,621,6,3,12,0,0,3,4,3,9,3,7,4,0,0,0,0,0,0,0,0,0,324,340,664,35,29,63,9,0,11,390,400,789,269,245,509,4646,4636,9279
209031214,2788,2811,5602,25,32,56,3,3,8,228,222,452,7,8,18,0,0,0,0,0,0,0,0,0,3,3,8,0,0,0,0,0,0,244,243,488,23,14,44,0,3,4,292,292,582,254,207,466,3329,3315,6647
209031215,5810,5888,11700,104,141,244,3,5,11,359,382,747,3,4,13,0,3,3,3,5,4,0,0,0,0,0,3,3,3,6,0,0,0,372,410,781,28,29,56,10,10,21,512,591,1106,383,368,755,6709,6852,13568
209041216,2707,2805,5505,62,73,131,20,19,34,413,459,875,14,13,29,9,7,20,9,4,12,3,4,8,3,0,3,0,5,3,0,0,0,470,519,985,136,145,283,11,4,10,674,736,1410,235,224,457,3614,3765,7377
209041217,2311,2332,4643,38,27,69,3,4,8,356,296,655,3,7,7,4,0,4,3,3,4,3,0,3,0,0,0,0,0,0,0,0,0,370,308,685,120,115,232,7,5,12,537,459,1000,230,252,484,3083,3049,6125
209041219,8928,9086,18015,288,250,539,27,30,55,820,823,1647,23,12,41,20,14,39,9,4,19,0,0,3,6,4,7,4,0,3,0,0,0,908,896,1808,227,257,488,16,6,27,1442,1411,2856,820,798,1620,11194,11295,22488
209041220,7339,7544,14883,95,98,191,16,19,36,627,644,1265,19,13,39,12,9,21,3,6,12,0,0,0,3,4,11,0,4,3,0,0,0,689,699,1388,112,120,230,13,10,21,907,925,1829,457,469,924,8704,8944,17647
209041221,4796,4977,9776,44,40,82,14,8,19,428,428,851,12,7,20,5,8,11,8,8,13,0,0,0,3,0,3,3,3,3,0,0,0,461,462,928,74,75,154,7,3,8,592,586,1171,382,418,799,5768,5982,11750
209041223,8148,8220,16360,209,166,375,19,13,35,728,669,1403,11,18,31,10,6,19,12,13,28,5,4,8,4,3,10,3,0,5,0,0,0,800,734,1529,195,226,420,11,8,22,1214,1131,2347,678,667,1342,10037,10016,20050
209041224,6284,6129,12410,277,306,576,20,19,39,692,671,1370,16,22,34,7,3,11,3,0,3,0,0,3,5,5,10,0,3,3,0,0,0,748,724,1475,29,33,67,13,10,18,1061,1073,2139,686,716,1405,8036,7919,15958
209041225,3301,3234,6531,107,146,250,6,8,18,299,299,599,11,10,20,0,3,4,0,3,0,0,0,0,0,0,0,0,0,0,0,0,0,319,324,648,15,14,25,0,3,9,440,481,924,295,295,591,4039,4010,8048
209041430,7675,8084,15757,383,396,780,27,26,48,1107,1274,2385,30,39,69,4,6,4,12,15,21,3,3,6,6,5,13,9,8,13,0,0,0,1192,1374,2566,83,79,165,13,11,26,1668,1860,3532,554,595,1152,9907,10541,20448
209041431,5234,5421,10655,71,66,134,22,20,41,534,502,1034,10,9,15,9,12,21,7,7,19,0,0,0,0,0,0,0,0,0,0,0,0,587,550,1132,112,124,233,16,0,20,778,736,1514,394,412,807,6403,6572,12975
209041432,3225,3349,6570,53,54,110,14,16,25,343,299,650,5,4,13,8,4,16,10,6,13,0,0,0,3,3,3,0,0,0,0,0,0,385,335,719,97,91,189,0,0,0,538,479,1024,310,313,621,4071,4138,8211
209041433,4125,4163,8281,107,86,190,29,29,61,548,531,1080,12,13,25,13,10,16,4,6,14,0,0,0,8,4,16,0,3,9,0,0,0,625,595,1223,113,134,249,3,0,5,852,814,1665,363,360,728,5341,5338,10676
209041434,5496,5737,11228,250,237,495,34,49,86,1271,1352,2626,25,38,64,8,6,18,10,15,24,3,4,10,5,3,8,0,0,0,0,0,0,1367,1468,2832,111,154,268,7,7,14,1737,1871,3609,584,636,1221,7820,8243,16063
209041435,4857,4983,9834,101,84,181,21,18,45,461,485,940,8,12,22,0,3,6,8,11,19,3,3,11,3,4,8,0,0,0,0,0,0,506,542,1043,60,78,136,4,7,10,669,712,1379,310,319,628,5836,6008,11844
209041436,4778,4990,9765,71,78,149,18,21,40,464,479,941,17,11,28,10,14,23,17,7,24,0,0,0,0,0,0,0,0,0,0,0,0,521,536,1059,78,86,165,14,21,37,688,728,1409,328,357,689,5794,6074,11864
209041437,2915,2900,5811,81,68,148,18,29,50,902,874,1783,7,4,15,6,4,8,4,3,9,4,4,7,3,4,10,0,0,0,0,0,0,950,928,1883,115,155,270,0,6,4,1147,1162,2303,313,327,641,4372,4393,8764
210011226,2899,3071,5971,71,71,142,6,5,12,287,353,638,9,9,16,0,3,3,3,0,4,0,0,0,0,0,0,4,0,0,0,0,0,304,372,677,35,32,68,13,4,17,422,482,907,291,300,592,3609,3858,7472
210011227,0,0,0,0,0,0,0,0,0,0,0,0,0,0,0,0,0,0,0,0,0,0,0,0,0,0,0,0,0,0,0,0,0,0,0,0,0,0,0,0,0,0,0,0,0,0,0,0,0,0,0
210011228,3535,3622,7155,57,62,115,0,0,3,261,269,530,4,5,11,0,5,5,3,0,3,0,0,0,0,0,0,0,0,3,0,0,0,271,287,559,20,21,42,3,3,5,355,371,722,269,269,544,4154,4260,8421
210011229,10393,11055,21451,310,300,614,31,24,54,780,792,1578,27,24,49,4,15,18,12,14,24,3,0,8,0,3,3,4,0,3,0,0,0,856,875,1730,111,140,251,18,13,30,1291,1332,2622,853,934,1791,12543,13316,25860
210011230,2662,2883,5545,41,31,73,3,5,13,324,334,663,9,7,19,0,3,6,3,3,8,3,3,6,0,4,3,0,5,4,0,0,0,354,369,725,31,41,73,3,5,8,432,444,878,177,234,411,3268,3564,6835
210011231,3803,3881,7682,83,77,160,14,8,29,371,378,756,3,9,16,3,4,4,6,9,14,3,0,3,0,0,3,3,8,9,0,0,0,406,416,825,34,32,70,5,0,9,533,532,1063,299,292,590,4637,4707,9342
210021232,5060,5214,10276,271,265,534,17,24,35,383,416,795,24,8,30,5,4,9,10,4,8,0,0,3,0,0,0,0,0,3,0,0,0,436,454,890,24,29,52,10,4,13,740,753,1498,423,464,892,6231,6430,12658
210021233,1440,1349,2789,17,22,43,11,11,17,102,106,208,0,0,3,0,3,4,3,0,4,0,0,0,3,3,6,0,4,4,0,0,0,124,119,242,4,11,12,3,7,11,148,161,307,130,120,251,1724,1624,3343
210021234,1656,1747,3401,26,47,74,8,3,9,111,112,221,8,7,18,0,0,0,0,0,0,0,0,0,0,0,0,3,3,4,0,0,0,129,129,255,8,5,14,0,3,3,167,184,351,99,104,205,1925,2032,3961
210021235,3780,3737,7515,152,150,301,15,15,25,298,303,602,9,5,11,3,0,7,3,6,12,3,0,3,0,3,6,0,0,0,0,0,0,330,336,670,10,12,27,10,3,14,501,509,1010,354,373,725,4630,4615,9242
210031236,2778,2930,5705,44,40,80,23,15,38,402,384,782,10,15,25,3,5,5,8,10,16,3,4,6,0,0,0,0,3,3,0,0,0,454,432,887,73,73,150,15,4,16,582,554,1133,335,370,698,3696,3846,7543
210031237,5286,5259,10542,321,256,583,22,14,36,457,390,852,18,12,25,11,10,19,4,3,13,0,0,0,5,3,10,6,10,15,0,0,0,524,436,958,213,201,416,4,3,13,1064,896,1965,545,522,1067,6901,6678,13570
210031239,8472,9018,17490,294,304,600,46,52,94,1191,1182,2367,39,33,70,23,24,44,14,16,34,0,3,9,0,0,8,5,10,12,0,0,0,1318,1324,2640,238,268,505,16,21,40,1864,1926,3786,922,920,1846,11257,11859,23113
210031438,7960,8137,16101,425,344,774,26,32,60,1056,990,2040,23,22,44,9,7,15,19,12,32,7,5,10,14,5,22,0,0,0,0,0,0,1146,1080,2228,383,346,731,40,49,82,1993,1819,3808,966,904,1863,10916,10854,21773
210031439,1124,1265,2385,25,25,46,4,3,6,104,96,203,5,3,7,0,0,3,0,0,0,0,0,0,0,0,0,0,0,0,0,0,0,114,109,220,10,6,19,0,0,0,151,141,290,93,96,187,1369,1491,2863
210031440,2201,2321,4529,36,28,60,10,5,16,218,227,440,4,4,10,0,3,3,0,0,4,0,0,0,0,0,0,0,0,0,0,0,0,230,234,469,23,24,51,5,8,14,297,300,597,202,211,409,2701,2827,5533
210041240,5177,5319,10499,93,109,203,15,18,29,405,422,825,9,14,16,3,0,7,6,3,7,0,6,8,0,3,3,0,0,0,0,0,0,439,457,900,28,28,51,14,15,26,574,605,1184,467,445,905,6219,6373,12585
210041241,10161,10712,20879,557,638,1195,21,27,46,943,994,1937,37,45,80,12,7,16,15,14,31,10,5,16,6,0,6,0,0,3,0,0,0,1036,1093,2133,60,77,138,14,17,28,1661,1828,3487,916,991,1914,12742,13540,26278
210051242,4930,4610,9537,198,179,372,24,18,44,546,460,1001,8,13,17,9,6,16,9,5,12,0,4,3,4,3,3,0,0,0,3,0,3,602,505,1102,217,246,462,6,7,19,1024,935,1954,860,735,1596,6811,6273,13087
210051243,6348,6356,12708,205,182,388,8,15,26,486,461,951,21,15,32,4,7,13,3,3,7,3,3,3,0,0,0,0,5,3,0,0,0,528,509,1041,173,179,349,6,14,24,919,879,1802,705,662,1363,7969,7896,15867
210051245,7072,7433,14511,200,173,375,4,22,29,515,510,1025,11,0,9,9,9,18,8,8,12,0,3,3,0,0,4,3,8,12,0,0,0,553,555,1106,74,91,168,10,5,18,829,832,1662,608,666,1278,8517,8935,17451
210051246,6716,6622,13338,142,121,266,21,15,36,682,704,1385,12,19,32,3,3,3,4,0,3,0,0,0,0,0,0,0,0,0,0,0,0,723,743,1462,52,84,139,9,5,11,917,955,1877,444,426,872,8082,7998,16081
210051247,5926,6008,11935,144,160,305,16,13,31,416,420,839,12,8,27,9,13,27,6,3,10,0,0,3,0,0,0,0,0,0,0,0,0,469,461,930,148,150,298,13,9,21,780,783,1560,586,561,1149,7289,7351,14645
210051248,37,43,87,0,0,0,0,0,0,6,0,5,0,0,0,0,0,0,0,0,0,0,0,0,0,0,0,0,0,0,0,0,0,4,4,8,0,0,0,0,0,0,4,4,8,47,40,90,93,93,181
210051249,8671,9051,17721,265,254,514,38,39,74,644,668,1319,11,12,27,3,3,12,7,4,10,0,0,0,3,0,6,0,3,3,0,0,0,712,738,1449,243,234,476,9,11,25,1228,1235,2463,673,659,1328,10566,10949,21513
210051250,2436,2529,4961,55,49,104,12,10,17,283,271,553,6,6,18,6,3,5,4,6,8,0,0,0,0,0,0,0,0,3,0,0,0,308,295,599,47,64,111,4,3,7,410,415,823,329,283,609,3172,3222,6393
210051441,3337,3296,6633,40,40,75,15,24,42,341,307,653,7,9,9,0,0,0,6,3,8,3,3,4,0,0,0,0,0,0,0,0,0,380,344,716,105,113,214,8,8,15,531,501,1032,312,292,603,4178,4092,8271
210051442,4489,4526,9015,91,75,164,34,41,78,497,496,999,15,9,24,14,6,15,3,3,3,0,0,0,3,0,3,3,3,7,0,0,0,567,563,1135,134,135,262,8,10,14,800,785,1583,354,342,698,5649,5650,11300
210051443,6168,6014,12184,182,178,362,61,53,117,947,915,1861,11,17,21,4,7,10,3,3,10,7,3,10,3,0,4,0,3,3,4,0,4,1041,1001,2035,196,223,419,16,15,31,1436,1416,2852,482,488,968,8088,7912,15999
210051444,4853,4890,9746,183,179,360,73,60,133,1014,1048,2057,22,21,44,10,7,19,24,14,40,0,0,3,5,0,5,0,7,8,0,0,0,1152,1162,2317,250,316,563,20,10,31,1607,1663,3274,400,359,760,6864,6910,13771
210051445,1023,992,2013,13,4,21,3,3,3,479,494,975,3,4,4,0,0,3,0,0,0,0,3,4,0,0,3,0,0,0,0,0,0,488,506,997,27,35,58,0,0,3,529,544,1078,114,113,226,1662,1655,3320
211011251,4576,4779,9352,77,77,154,6,8,15,580,634,1220,10,12,20,4,3,13,0,3,4,3,3,4,0,0,0,0,0,0,0,0,0,608,668,1272,77,95,172,10,5,19,774,848,1619,457,469,930,5810,6099,11907
211011254,5995,6147,12146,111,97,207,15,20,28,679,732,1413,16,20,42,6,8,13,8,3,11,0,0,3,0,0,0,0,0,0,0,0,0,721,790,1514,81,101,182,10,8,23,925,999,1923,433,427,863,7358,7572,14931
211011255,2798,2834,5635,15,18,30,3,11,10,197,210,404,0,0,0,3,0,3,3,3,3,0,0,0,0,0,0,0,0,0,0,0,0,204,218,425,15,11,26,0,0,0,234,251,484,212,198,415,3248,3290,6533
211011256,6245,6511,12755,68,82,153,12,11,22,554,557,1110,6,8,13,8,7,11,4,14,14,0,0,0,0,0,0,3,0,3,0,0,0,592,589,1181,66,91,160,4,3,6,735,765,1495,405,400,807,7381,7679,15066
211011257,3411,3542,6954,22,20,45,4,4,9,242,271,517,8,6,10,0,3,7,0,5,7,0,0,0,0,0,0,0,0,0,0,0,0,259,290,550,33,41,74,3,7,12,322,350,673,145,142,294,3877,4041,7918
211011258,4505,4585,9093,44,37,86,10,11,20,297,311,603,4,3,11,7,6,17,3,7,12,0,0,0,3,0,3,0,0,0,0,0,0,326,335,660,38,61,99,0,3,3,418,439,848,262,260,526,5185,5288,10468
211011259,5547,5951,11501,91,100,185,12,11,21,512,550,1065,8,14,20,10,10,14,3,3,4,0,0,0,0,0,0,0,0,0,0,0,0,549,589,1133,96,119,217,9,6,12,739,810,1551,395,364,756,6680,7127,13809
211011260,7021,7635,14657,92,124,219,14,15,35,699,821,1524,24,13,37,15,8,30,13,7,23,0,3,3,5,4,10,8,0,10,0,0,0,777,882,1658,150,168,316,3,12,20,1025,1187,2212,401,396,798,8448,9218,17665
211011446,8426,8918,17351,178,201,381,28,21,56,967,1055,2020,18,25,40,3,8,7,11,6,18,3,0,7,0,0,0,0,0,0,0,0,0,1035,1116,2149,76,100,177,19,30,48,1311,1444,2753,827,827,1648,10563,11188,21755
211011447,5607,5830,11431,55,69,124,11,13,26,508,522,1031,11,6,22,3,3,6,4,3,8,0,0,0,3,0,4,5,3,9,4,4,8,549,560,1112,46,44,86,16,6,24,664,681,1348,427,511,934,6694,7018,13709
211011448,6055,6244,12304,66,63,127,9,6,11,486,537,1021,9,5,13,8,6,9,5,6,12,3,6,10,0,3,3,0,0,0,0,0,0,518,564,1084,46,47,92,13,8,22,641,681,1318,402,398,805,7105,7327,14426
211011449,1770,1791,3556,9,12,23,0,4,3,163,161,326,3,3,8,0,0,0,0,0,0,0,0,0,0,4,3,0,0,0,0,0,0,173,175,346,6,10,15,3,3,5,188,195,383,146,130,280,2105,2117,4221
211021261,6555,6883,13436,79,81,158,6,10,19,534,558,1097,20,20,40,3,4,7,3,6,8,0,0,0,0,0,0,0,0,0,0,0,0,572,605,1173,70,76,145,8,9,18,725,763,1488,454,444,896,7732,8087,15823
211021262,4259,4265,8528,40,39,85,7,6,18,303,295,598,9,10,14,3,3,7,0,0,3,0,0,0,0,0,0,0,0,0,0,0,0,325,319,640,24,25,57,4,8,9,395,397,789,344,329,667,4998,4987,9991
211031263,4741,4844,9577,50,46,98,4,4,8,431,472,906,5,4,13,0,0,3,0,4,8,3,3,7,0,0,0,4,0,4,0,0,0,454,492,946,35,35,69,9,30,39,549,602,1149,398,483,877,5681,5928,11612
211031265,7428,7660,15092,112,135,242,11,15,29,627,651,1278,16,17,30,7,6,13,6,4,4,3,3,3,3,4,5,3,0,3,0,0,0,672,696,1366,48,70,114,12,5,21,848,905,1751,469,489,951,8737,9053,17789
211031266,6369,6889,13259,131,141,272,24,20,50,879,889,1763,21,28,52,6,10,13,7,13,19,3,0,8,0,0,3,3,3,4,0,0,0,950,958,1914,172,191,364,22,11,35,1274,1303,2581,528,554,1085,8173,8751,16924
211031267,7915,8379,16298,127,134,258,21,18,37,872,893,1764,19,17,32,4,5,8,15,17,34,3,3,9,0,3,3,0,0,0,0,0,0,932,955,1888,146,167,318,27,21,47,1233,1275,2510,595,602,1197,9747,10259,20008
211031268,4001,4031,8029,39,48,85,9,11,14,319,333,652,5,5,10,0,0,0,0,0,0,0,4,4,5,3,4,0,0,0,0,0,0,344,359,698,30,46,75,7,3,12,419,454,874,263,258,518,4682,4738,9418
211031450,5420,6102,11521,85,96,181,17,19,35,792,915,1709,8,9,19,9,10,16,4,13,16,0,3,10,3,4,4,3,4,4,0,0,0,844,976,1823,91,84,177,16,10,26,1035,1166,2202,551,674,1230,7004,7944,14953
211031451,4880,5545,10424,97,101,197,11,9,17,710,797,1510,4,14,15,3,7,14,0,0,3,0,0,3,4,0,3,0,3,9,0,0,0,739,828,1572,64,74,136,24,20,42,924,1027,1949,377,453,826,6174,7030,13202
211031452,1874,2001,3869,10,17,24,0,6,3,182,211,390,3,3,6,4,0,4,4,3,10,0,0,0,0,0,0,5,3,3,0,0,0,200,224,423,13,30,44,3,4,4,229,271,502,120,147,263,2220,2414,4639
211041269,4035,4519,8552,44,58,101,15,12,26,507,468,979,4,15,21,0,0,3,6,9,15,0,0,0,0,0,0,0,0,0,0,0,0,542,507,1045,94,119,214,8,10,14,688,691,1377,268,319,584,4989,5524,10517
211041270,6208,6600,12812,134,143,273,26,28,60,695,739,1433,20,14,36,13,24,34,9,17,23,0,3,4,0,0,0,3,3,3,0,0,0,765,827,1594,139,168,309,14,6,18,1047,1143,2193,442,496,941,7702,8245,15948
211041271,4476,4787,9268,71,67,135,16,23,31,543,527,1068,16,16,30,9,11,15,9,5,14,3,3,8,0,0,0,3,0,5,0,0,0,588,583,1170,141,141,285,11,6,19,817,797,1614,393,475,865,5680,6058,11739
211041272,4212,4429,8645,76,65,139,10,14,20,386,375,759,10,14,23,0,6,8,6,10,18,0,4,7,0,0,0,0,0,3,0,0,0,418,420,838,98,104,208,10,7,14,598,593,1199,235,266,505,5052,5292,10343
211041273,4706,5132,9845,52,69,121,11,12,17,390,449,835,9,13,19,11,6,10,4,6,13,0,7,7,6,0,3,3,0,3,0,0,0,429,486,918,102,112,214,0,3,3,584,667,1255,265,258,523,5560,6059,11618
211051274,4195,4180,8374,46,44,89,13,11,24,297,322,626,12,8,16,0,0,0,8,8,12,0,0,0,3,0,4,3,4,7,0,0,0,334,354,684,29,33,62,8,8,11,407,436,843,338,358,702,4945,4977,9918
211051275,4028,4083,8115,38,46,88,0,8,6,427,436,864,7,18,20,3,0,3,6,4,15,0,0,0,3,0,6,0,0,0,0,0,0,455,464,914,31,43,75,8,0,8,536,551,1084,283,278,559,4846,4917,9765
211051276,5411,5670,11081,257,298,554,10,13,26,368,418,788,12,7,22,0,3,3,7,9,10,0,3,3,7,5,10,6,4,12,0,0,0,411,456,868,29,17,47,15,11,23,712,786,1497,482,506,993,6609,6956,13566
211051277,3488,3775,7262,42,43,89,7,6,16,413,491,912,5,5,7,3,3,4,9,5,16,3,3,4,0,0,0,0,0,0,0,0,0,442,516,962,24,18,42,11,12,21,525,591,1114,323,355,670,4332,4715,9047
211051278,7415,7965,15375,180,199,381,20,26,37,676,761,1435,11,15,28,6,3,9,8,0,5,4,5,11,0,0,4,0,0,0,0,0,0,723,808,1533,37,45,85,13,11,21,954,1063,2022,590,547,1138,8962,9576,18536
211051279,2332,2375,4701,33,33,64,7,3,10,182,169,353,4,0,7,0,0,0,9,5,10,0,0,0,0,0,0,0,0,0,0,0,0,198,184,379,18,15,32,3,6,7,253,237,482,188,195,390,2776,2807,5577
211051280,2755,2898,5651,25,30,51,0,3,6,264,243,504,0,3,3,0,0,0,3,3,7,0,0,0,0,0,0,0,0,0,0,0,0,269,255,523,12,15,29,14,10,24,316,312,628,224,222,453,3300,3434,6732
211051281,8856,8989,17846,209,228,436,16,9,22,866,962,1823,14,21,27,5,10,11,6,0,10,0,0,0,0,0,0,0,0,0,0,3,3,901,1002,1906,78,79,163,19,8,31,1217,1314,2527,656,716,1374,10729,11022,21749
211051282,4008,3910,7918,59,60,118,10,6,12,334,359,695,6,11,23,0,0,0,0,3,3,0,0,3,0,0,0,0,0,3,0,0,0,361,386,742,26,32,54,3,6,9,451,479,930,376,406,780,4828,4798,9625
211051283,4079,4072,8143,50,44,90,6,3,9,304,350,654,12,15,25,0,4,3,0,0,0,0,0,0,0,0,0,0,0,0,0,0,0,320,367,689,21,20,40,5,3,12,394,439,829,305,298,600,4771,4803,9579
211051284,4071,4075,8147,54,58,114,12,9,19,298,260,558,3,8,13,0,0,0,5,4,11,8,3,6,0,0,3,0,0,0,0,0,0,321,296,614,21,24,44,8,3,5,399,379,776,302,289,596,4775,4744,9514
211051285,3186,3212,6401,38,45,77,8,4,11,249,249,492,0,5,3,0,0,0,3,4,3,0,0,0,0,6,4,0,0,0,0,0,0,258,266,529,7,11,14,3,7,11,308,328,634,236,238,475,3732,3777,7509
211051286,6678,6550,13232,256,294,548,14,20,32,426,471,898,30,19,50,3,4,6,13,13,19,0,0,0,0,0,3,0,0,3,0,0,0,487,527,1014,13,23,38,12,12,20,761,853,1615,572,569,1141,8017,7970,15988
212011287,4713,4753,9464,127,163,286,19,15,33,1012,1074,2083,18,21,40,3,3,3,7,12,17,0,0,3,0,0,0,0,0,0,0,0,0,1060,1127,2183,46,46,91,14,16,25,1245,1344,2594,423,367,787,6380,6469,12845
212011288,3534,3527,7056,82,90,166,7,7,13,300,318,615,10,10,18,0,0,3,3,3,9,0,0,0,3,3,3,0,0,0,0,0,0,321,338,659,11,5,20,4,11,14,416,448,862,329,318,639,4276,4288,8559
212011289,7538,7218,14752,202,222,422,15,8,20,546,586,1134,15,15,31,0,0,0,8,3,11,0,0,0,3,3,6,0,0,0,0,0,0,577,625,1209,23,24,44,15,10,28,820,880,1703,678,689,1368,9034,8783,17818
212011290,2861,2913,5769,88,103,196,9,3,10,333,340,676,9,3,9,0,0,0,0,5,6,3,3,7,0,0,0,0,0,0,0,0,0,352,354,701,5,10,16,4,6,10,451,479,923,338,340,684,3646,3729,7378
212011291,6434,6855,13290,277,315,588,24,21,44,1231,1327,2557,30,26,56,6,4,15,7,11,15,3,3,5,5,10,13,3,3,8,0,0,0,1313,1403,2719,62,74,134,25,14,43,1682,1803,3486,709,719,1433,8824,9381,18207
212011292,10489,11168,21656,444,489,937,50,50,103,1388,1503,2892,31,27,58,14,10,22,16,3,21,7,0,7,9,9,18,0,0,3,0,0,0,1507,1605,3117,147,173,317,12,21,33,2117,2289,4403,941,1032,1976,13549,14489,28038
212021293,8757,9766,18522,229,243,469,25,35,60,842,904,1748,18,15,27,15,14,21,9,15,27,6,5,13,3,3,3,3,5,8,0,0,0,923,985,1908,137,151,285,15,8,30,1303,1385,2692,678,775,1454,10737,11926,22666
212021294,10115,10219,20337,277,314,590,25,29,58,1247,1307,2551,22,39,58,17,16,27,11,13,28,11,8,20,11,3,15,4,3,10,0,0,0,1346,1416,2765,172,196,367,11,10,19,1803,1939,3743,694,639,1336,12617,12799,25412
212021295,4285,4041,8318,185,146,330,27,22,52,626,444,1068,26,11,38,29,16,46,13,8,19,3,6,8,0,0,0,0,0,0,0,0,0,734,504,1238,120,122,238,11,4,19,1046,783,1827,519,459,978,5849,5276,11123
212021297,4209,4293,8496,76,72,149,17,14,31,488,468,956,11,8,17,3,3,12,3,3,3,3,6,9,0,0,0,0,0,0,0,0,0,530,499,1029,100,132,228,8,3,9,710,705,1416,363,333,697,5284,5333,10611
212021299,3262,3205,6469,20,25,49,0,3,6,302,324,628,0,0,0,0,0,0,4,0,3,0,0,0,0,0,0,0,0,0,0,0,0,306,329,641,25,23,53,3,4,5,363,384,746,227,262,495,3857,3851,7703
212021453,4926,5015,9941,59,60,116,5,9,11,407,370,773,0,0,3,3,7,6,3,3,3,5,0,9,0,0,0,0,0,3,0,0,0,424,391,815,52,60,110,6,13,21,543,522,1066,417,346,763,5887,5880,11768
212021454,5607,5545,11152,68,85,148,10,14,24,416,402,822,8,12,21,7,5,10,9,10,22,0,0,0,3,0,6,0,0,0,0,0,0,449,446,904,85,94,185,8,5,12,608,638,1246,406,404,809,6621,6584,13202
212021455,5573,5602,11179,54,60,120,10,18,23,500,480,982,16,16,32,0,0,0,3,5,13,0,0,0,0,0,3,0,0,0,0,0,0,540,519,1053,65,74,144,6,11,21,672,660,1331,390,337,731,6632,6601,13240
212021456,5494,5510,11001,92,63,152,10,12,26,670,640,1307,11,6,19,15,11,30,15,9,19,4,0,3,3,4,3,7,3,6,0,0,0,721,694,1412,127,138,262,16,13,27,956,904,1863,422,466,888,6868,6887,13751
212031300,7713,7738,15451,188,167,356,23,27,45,875,901,1778,20,20,33,9,11,16,7,9,16,3,10,11,0,5,6,3,7,10,0,0,0,941,975,1922,116,133,251,24,14,37,1268,1295,2565,892,883,1774,9867,9918,19786
212031301,8393,8882,17276,329,358,685,35,43,78,2359,2481,4845,42,26,69,16,13,25,13,20,27,0,3,3,3,8,10,9,12,18,0,0,0,2474,2600,5070,226,279,498,18,21,44,3052,3253,6303,742,785,1525,12178,12928,25109
212031302,7631,7628,15255,169,186,350,27,25,59,1074,1106,2176,27,20,47,22,18,43,20,19,37,3,4,14,0,0,0,0,0,0,0,0,0,1181,1200,2380,139,173,308,13,9,19,1498,1565,3062,751,683,1435,9877,9878,19756
212031303,3488,3452,6938,46,56,95,8,0,9,370,421,792,5,8,12,0,3,3,11,8,15,0,3,3,0,0,0,0,0,0,0,0,0,393,439,838,24,18,42,3,3,5,458,516,977,371,421,794,4318,4393,8709
212031304,5437,5405,10841,118,116,240,21,23,44,1148,1134,2285,18,22,40,6,6,20,9,10,23,0,0,3,3,3,4,3,0,6,0,0,0,1218,1202,2423,106,124,231,20,10,30,1465,1461,2921,464,460,922,7365,7326,14687
212031305,10128,9834,19959,341,296,631,40,29,73,877,820,1697,18,11,29,25,14,41,14,14,31,3,7,11,6,3,7,4,3,9,0,0,0,984,912,1889,227,290,515,20,20,37,1574,1506,3078,1070,1015,2091,12777,12359,25128
212031306,6028,6120,12150,138,129,261,24,15,40,548,561,1106,14,17,36,6,3,7,6,6,10,0,3,3,3,6,5,9,3,10,0,0,0,607,612,1220,148,163,312,25,37,64,919,944,1862,485,448,929,7429,7510,14941
212031308,3228,3114,6339,68,65,130,4,4,11,248,267,515,4,4,13,0,0,0,0,0,0,0,0,0,0,0,3,0,0,0,0,0,0,266,277,543,6,3,11,4,6,10,343,355,695,332,290,620,3901,3753,7658
212031457,5620,5614,11233,43,49,91,12,14,25,421,445,870,12,3,15,3,3,8,13,7,23,3,0,3,0,4,6,0,0,0,0,0,0,468,472,941,45,61,105,7,5,17,566,583,1152,313,315,629,6493,6515,13006
212031458,6823,6948,13763,97,107,206,22,21,41,607,628,1235,14,9,22,3,12,11,12,7,21,3,3,3,0,0,0,0,0,3,0,0,0,654,681,1336,95,146,243,19,19,39,867,953,1822,491,463,954,8177,8368,16542
212041309,4816,4932,9746,54,78,135,17,18,27,336,330,664,9,4,15,3,3,5,8,8,24,0,3,3,9,3,9,3,3,6,0,0,0,381,374,756,98,90,187,10,4,18,549,541,1093,368,339,708,5733,5811,11546
212041310,4757,4637,9392,164,141,303,33,26,61,633,478,1112,12,9,21,14,6,18,9,7,25,5,8,14,0,0,0,3,0,3,0,0,0,708,540,1249,348,361,703,9,16,23,1232,1052,2286,421,387,807,6411,6076,12484
212041311,11265,9928,21196,985,648,1630,82,50,133,1395,1115,2511,59,46,103,60,31,100,38,21,60,19,27,49,5,8,14,0,0,0,0,0,0,1659,1310,2965,548,584,1135,39,20,59,3231,2559,5787,1727,1441,3162,16220,13926,30147
212041312,9028,8977,18014,220,193,414,31,34,61,871,713,1584,15,12,27,20,13,30,12,4,19,0,0,0,6,7,16,4,4,8,0,0,0,967,786,1753,184,229,405,24,7,27,1396,1211,2607,782,732,1517,11207,10923,22129
212041313,4331,4429,8764,65,67,129,7,9,13,251,303,563,9,8,15,0,0,0,5,5,13,3,0,3,3,0,3,0,0,0,0,0,0,274,329,608,40,40,80,5,0,12,388,436,824,307,305,613,5029,5169,10198
212041314,10353,10647,20999,272,285,560,26,28,54,1063,1083,2143,26,19,44,12,9,15,23,17,39,0,3,4,3,0,3,0,3,3,0,0,0,1145,1156,2299,204,265,464,22,19,39,1639,1728,3363,691,623,1314,12679,12998,25673
212041316,3091,3068,6164,35,32,66,10,10,18,261,260,521,6,0,10,6,3,8,4,3,9,0,0,0,0,0,0,0,0,0,0,0,0,289,275,564,60,49,106,6,6,6,384,360,746,245,258,505,3723,3685,7406
212041317,8283,8047,16333,463,428,890,38,15,52,853,651,1503,31,28,56,9,15,23,14,17,27,3,0,4,5,4,8,3,0,4,0,0,0,950,729,1676,455,475,930,33,24,56,1897,1649,3551,874,756,1630,11056,10448,21507
212041318,4989,5205,10197,119,110,224,9,10,18,495,414,911,3,6,13,3,3,4,8,7,9,0,0,0,3,0,6,0,3,5,0,0,0,526,439,965,164,188,349,20,5,30,826,746,1575,382,320,707,6203,6276,12479
212041459,4463,4430,8893,148,121,270,11,22,32,763,637,1397,11,13,25,3,5,12,3,5,3,0,0,4,0,4,6,0,3,7,0,0,0,807,688,1491,225,282,506,30,13,46,1209,1102,2310,525,476,1000,6200,6005,12203
212041460,7005,7295,14300,251,234,477,14,10,30,865,712,1574,19,12,36,19,7,27,8,5,12,7,3,11,3,0,3,3,3,5,0,0,0,937,758,1694,265,309,582,31,41,70,1481,1344,2826,677,589,1268,9165,9225,18393
212051319,6544,6991,13533,180,161,341,24,21,46,951,922,1875,17,16,36,3,8,11,21,9,28,3,0,4,9,5,16,4,8,14,0,0,0,1039,995,2033,271,331,605,18,12,32,1512,1505,3013,768,781,1547,8823,9267,18094
212051320,6267,6150,12413,783,784,1569,72,70,144,1391,1312,2697,49,55,102,32,29,61,35,30,69,27,33,65,11,12,20,25,21,44,0,0,0,1643,1565,3210,1644,1783,3423,38,26,58,4099,4158,8252,798,743,1544,11168,11049,22213
212051321,8295,8675,16972,204,206,417,28,40,65,819,738,1559,22,21,40,8,18,29,17,22,40,3,0,3,3,0,4,7,10,11,0,0,0,912,839,1755,379,389,774,12,7,18,1514,1448,2957,505,511,1014,10308,10631,20942
212051322,7195,7633,14833,197,213,412,44,27,69,854,759,1616,18,9,25,13,12,28,21,32,49,3,3,4,0,0,0,3,8,14,0,0,0,955,859,1810,442,500,944,17,9,31,1618,1579,3194,532,559,1090,9344,9772,19117
212051323,5884,6224,12112,137,132,268,24,20,45,637,654,1291,21,13,28,9,10,19,11,17,32,3,3,7,0,0,3,5,3,8,0,0,0,711,724,1428,265,264,528,15,12,25,1116,1133,2251,401,414,814,7401,7768,15172
212051324,6807,7359,14163,173,162,337,34,31,65,902,816,1721,12,21,31,14,15,28,17,20,37,6,6,18,3,4,5,7,4,9,0,0,0,993,912,1907,289,294,586,10,8,20,1469,1380,2849,594,569,1156,8863,9306,18170
212051325,7738,7917,15656,141,131,271,20,20,42,689,684,1380,23,12,40,7,12,20,10,3,12,3,5,7,4,4,9,5,4,5,0,0,0,754,749,1504,198,215,414,11,11,21,1102,1101,2204,653,634,1290,9500,9652,19155
212051326,7925,8239,16171,186,184,373,36,38,73,1011,973,1980,14,18,33,14,18,30,13,17,34,8,5,9,7,3,8,4,7,11,0,0,0,1103,1076,2171,370,387,753,22,13,38,1681,1660,3341,790,751,1542,10399,10655,21047
212051327,7976,8478,16452,159,173,339,19,16,33,616,652,1267,11,12,27,4,7,9,7,5,10,0,0,0,0,0,5,6,4,10,0,0,0,660,693,1358,151,188,337,10,0,13,985,1057,2039,528,600,1133,9485,10140,19626
213011328,2914,2713,5631,92,68,158,16,10,32,429,332,762,12,12,22,8,3,6,6,4,9,3,0,4,0,3,3,0,3,3,0,0,0,468,377,844,132,125,259,14,18,31,707,584,1297,433,358,787,4055,3660,7711
213011329,4085,4165,8252,53,42,92,6,5,10,253,262,520,8,7,11,3,0,3,0,0,0,0,0,0,6,3,5,0,0,0,0,0,0,277,275,551,53,59,109,3,3,8,380,383,766,254,264,521,4723,4816,9535
213011330,10326,10499,20825,278,297,576,34,24,55,894,808,1696,23,29,56,17,8,17,12,9,21,3,8,9,6,6,20,3,3,4,0,0,0,989,895,1882,221,262,489,9,22,27,1493,1480,2975,998,994,1999,12819,12980,25795
213011331,3392,3603,6992,29,35,63,3,4,5,251,260,507,0,0,4,4,0,4,3,0,3,0,4,3,0,0,0,3,0,3,0,0,0,267,267,529,40,50,97,12,4,16,351,359,712,254,291,551,3996,4250,8248
213011332,5555,5705,11262,64,61,130,13,10,20,387,355,738,5,11,13,5,3,9,0,0,0,0,0,0,6,4,13,0,3,5,0,0,0,422,380,801,51,70,120,11,12,20,544,522,1070,383,349,729,6481,6578,13057
213011333,5545,5628,11176,85,81,159,18,13,33,482,481,962,9,10,18,3,0,3,6,4,11,0,0,3,0,0,0,3,0,6,0,0,0,513,516,1032,95,111,203,7,14,19,701,715,1412,549,515,1064,6792,6861,13660
213011334,7507,7590,15097,277,219,496,41,35,75,800,747,1550,21,24,47,14,8,19,10,6,10,0,0,0,0,0,0,3,4,4,0,0,0,883,820,1703,264,274,542,22,25,45,1449,1336,2785,994,942,1942,9951,9868,19823
213011335,6603,6644,13251,180,163,348,31,20,48,654,593,1243,0,10,11,21,19,34,12,3,16,4,4,5,3,0,4,0,0,0,0,0,0,717,646,1356,252,214,460,6,7,20,1157,1027,2184,851,736,1586,8612,8411,17019
213011336,3633,3411,7046,147,106,252,11,13,27,519,436,952,20,18,34,4,10,19,3,7,9,0,6,12,8,3,9,0,3,3,0,0,0,563,492,1058,180,173,355,21,7,27,905,783,1687,481,426,902,5021,4610,9636
213011337,4489,4668,9158,165,145,314,16,14,29,503,431,935,6,3,12,11,9,18,4,4,11,3,3,8,6,7,9,0,0,5,0,0,0,554,469,1026,99,118,214,15,22,37,833,757,1589,436,379,809,5752,5802,11558
213011338,7305,7488,14791,263,201,466,21,9,33,675,598,1278,23,14,40,7,6,18,20,12,23,0,0,0,0,0,0,0,0,4,0,0,0,745,645,1394,132,181,317,15,11,28,1160,1043,2196,695,654,1347,9158,9186,18339
213011339,4629,4799,9432,94,84,176,11,12,21,450,457,900,14,16,27,4,3,10,9,13,22,0,0,0,0,3,10,0,4,7,0,0,0,497,500,999,138,156,290,6,3,14,730,748,1479,486,482,970,5843,6026,11876
213011340,7518,7535,15059,74,75,149,11,7,18,401,404,803,15,9,18,3,5,7,3,3,3,3,0,3,0,4,4,0,0,0,0,0,0,436,426,860,64,57,123,7,9,12,582,564,1146,494,504,997,8599,8604,17201
213021341,4740,5104,9843,183,195,384,18,16,26,456,509,963,20,16,39,6,10,15,10,8,16,0,3,6,0,0,0,3,3,8,0,0,0,511,559,1072,66,82,151,5,5,13,768,849,1621,535,538,1069,6044,6487,12532
213021342,7535,7889,15426,206,258,468,18,26,46,660,660,1317,10,13,27,5,3,12,13,14,33,3,10,12,3,0,3,3,0,3,0,0,0,715,724,1446,116,141,254,11,16,26,1049,1138,2187,645,657,1301,9226,9687,18911
213021343,5299,5466,10768,196,191,384,28,22,47,572,564,1143,19,17,39,5,9,22,9,14,16,0,0,0,3,4,7,3,0,3,0,0,0,642,638,1274,71,89,154,14,29,37,918,937,1861,559,588,1145,6774,6989,13770
213021344,6581,6913,13495,237,271,513,41,39,77,786,802,1585,25,34,53,5,0,8,28,27,55,3,3,9,7,3,8,0,3,7,0,0,0,891,910,1801,124,126,254,16,29,42,1273,1337,2610,590,592,1179,8436,8842,17281
213021345,2040,2161,4202,18,10,21,11,7,24,156,166,325,8,7,16,3,8,8,3,3,11,0,3,4,0,0,0,0,0,0,0,0,0,180,203,388,32,42,76,3,3,3,229,255,487,185,183,371,2458,2597,5053
213021346,5913,6141,12052,254,254,508,40,41,84,526,529,1056,27,30,55,5,12,18,11,8,20,6,5,10,4,3,9,3,12,13,0,0,0,626,639,1266,124,129,251,12,7,18,1015,1028,2050,581,607,1193,7510,7780,15293
213031347,6641,6665,13303,264,222,491,25,32,58,891,841,1734,17,13,21,23,21,37,19,14,29,7,5,13,7,8,8,3,4,7,0,0,0,987,934,1914,292,294,587,24,15,41,1566,1467,3026,847,802,1651,9048,8935,17982
213031348,5443,5006,10454,292,241,535,60,58,122,1123,1016,2139,44,42,81,25,20,39,25,28,50,12,10,18,12,10,22,10,10,19,0,0,0,1306,1188,2498,393,345,735,15,22,45,2008,1801,3807,989,888,1872,8436,7697,16131
213031349,4290,4391,8683,168,166,328,36,33,70,726,697,1424,28,28,64,20,18,34,16,12,25,3,3,6,3,4,3,9,7,17,0,0,4,846,802,1651,183,202,389,18,3,20,1211,1178,2390,485,515,997,5991,6084,12075
213031350,3429,3474,6905,80,93,177,22,19,45,466,504,976,11,13,28,6,3,13,18,11,31,3,0,4,0,3,6,5,3,6,0,0,0,529,566,1096,87,91,171,5,8,19,706,758,1462,338,354,696,4478,4586,9063
213031351,4277,4139,8418,123,95,218,16,20,38,634,566,1196,25,30,55,9,14,23,11,7,16,0,0,0,3,0,3,4,0,5,0,0,0,697,634,1335,189,168,352,11,8,17,1018,901,1921,515,452,965,5814,5491,11302
213031352,5479,5822,11300,162,192,359,18,34,52,656,679,1328,28,25,49,11,14,27,17,19,34,3,3,7,3,7,7,3,0,4,0,0,0,734,777,1510,98,126,222,12,14,27,1004,1105,2114,533,599,1132,7012,7530,14539
213041353,8002,8285,16285,423,507,932,14,21,37,570,616,1185,14,11,24,3,0,5,13,15,29,7,11,16,3,6,10,0,0,0,0,0,0,631,675,1305,31,39,72,19,24,38,1111,1247,2358,711,761,1475,9820,10294,20115
213041355,7988,8192,16181,142,159,297,19,19,41,858,940,1802,15,13,24,20,13,36,6,7,21,0,0,0,4,0,5,0,0,0,0,0,0,931,1002,1930,104,97,202,13,11,23,1185,1266,2455,623,650,1273,9801,10106,19905
213041356,7215,7450,14665,222,225,440,26,28,59,772,765,1536,19,34,50,10,12,26,9,13,23,9,5,13,6,8,6,0,0,0,0,0,0,846,865,1711,76,89,167,27,17,45,1175,1194,2364,821,819,1636,9209,9462,18668
213041357,8434,8691,17127,331,357,691,60,64,119,1245,1344,2595,36,33,67,23,24,48,21,21,39,7,3,7,3,3,11,0,0,0,0,0,0,1392,1491,2885,108,144,255,20,25,48,1857,2024,3874,968,1000,1972,11258,11719,22978
213041358,6510,6828,13341,227,281,506,29,26,51,766,832,1596,28,22,49,0,3,4,11,12,26,6,10,18,3,3,6,0,0,3,0,0,0,849,898,1749,47,60,110,23,13,33,1148,1249,2400,732,756,1488,8390,8840,17224
213041359,700,620,1320,0,0,0,6,3,9,106,81,186,0,0,0,0,0,0,0,0,0,0,0,0,4,0,4,0,0,0,0,0,0,116,88,205,7,6,13,0,0,5,129,96,227,946,540,1486,1769,1260,3029
213041360,7905,8136,16042,92,117,216,30,34,63,615,665,1275,16,17,32,10,8,18,7,3,4,0,0,0,0,0,0,3,6,9,0,0,0,675,730,1403,129,127,253,11,6,18,904,984,1885,490,489,975,9298,9606,18900
213041461,1838,2012,3849,23,30,51,3,3,8,197,243,438,0,3,9,0,0,4,3,5,10,0,4,4,0,0,0,0,0,0,0,0,0,211,256,468,39,37,75,3,0,6,280,324,606,122,120,244,2240,2461,4698
213041462,2445,2451,4901,34,22,56,17,22,44,231,247,477,0,4,4,0,5,5,3,6,12,0,0,0,3,0,3,0,0,0,0,0,0,257,283,535,45,53,93,3,5,5,336,361,697,172,178,352,2958,2987,5943
213041463,7798,7980,15777,245,246,491,38,38,79,667,697,1362,21,25,47,21,15,35,16,11,21,13,6,23,4,3,3,10,11,26,0,0,0,786,809,1595,157,194,356,6,12,17,1196,1257,2459,711,667,1379,9708,9912,19614
213051361,7772,7814,15587,110,109,220,31,28,61,694,653,1348,23,10,34,16,20,32,18,8,25,4,6,10,7,6,12,0,3,3,0,0,0,799,731,1527,114,148,263,11,11,23,1028,1005,2033,719,674,1393,9520,9492,19014
213051362,7729,7809,15539,169,172,339,23,23,43,665,690,1364,27,22,53,14,11,23,22,13,39,15,4,22,9,6,11,0,0,3,0,0,0,772,781,1548,203,214,413,14,16,32,1153,1174,2335,691,673,1360,9578,9652,19233
213051363,3149,2921,6063,132,105,235,32,38,69,594,529,1121,18,22,44,6,13,17,12,18,27,0,0,5,0,0,0,5,0,5,0,0,0,667,617,1287,207,193,403,10,3,10,1016,920,1932,393,324,724,4556,4162,8719
213051365,12903,13021,25924,535,558,1094,147,143,293,1531,1496,3028,46,51,97,38,43,85,29,30,62,9,10,19,17,14,30,16,18,37,0,0,0,1835,1811,3644,484,567,1049,21,17,44,2873,2953,5830,1149,1061,2218,16934,17038,33965
213051366,7750,7539,15284,396,372,768,71,72,142,1528,1342,2872,31,37,65,27,25,52,29,25,51,16,13,23,3,5,9,8,9,15,0,0,0,1715,1523,3236,404,469,872,29,35,66,2535,2401,4936,1806,735,2535,12090,10673,22761
213051368,4252,4375,8622,136,146,288,15,15,27,531,579,1113,11,19,27,6,4,11,9,13,21,0,0,3,0,0,0,0,0,0,0,0,0,567,630,1201,93,98,187,10,3,21,808,881,1692,435,459,893,5491,5718,11208
213051369,8702,9001,17698,386,420,810,55,64,119,1006,1061,2066,33,21,52,18,14,36,18,15,38,10,13,14,8,5,10,3,0,5,0,0,0,1134,1203,2338,183,215,397,21,16,32,1720,1853,3575,803,753,1560,11231,11605,22833
213051464,4149,4018,8168,230,223,449,83,80,165,803,849,1654,39,45,87,24,19,50,25,25,43,4,3,8,4,6,12,8,4,13,0,0,0,993,1033,2028,199,212,408,3,3,5,1426,1469,2895,452,446,901,6032,5931,11961
213051465,9053,9165,18218,266,298,570,102,88,189,845,855,1700,62,55,113,16,22,41,31,34,66,7,10,18,3,9,13,8,13,25,0,0,0,1079,1077,2151,242,306,553,9,13,23,1604,1695,3299,660,619,1283,11315,11480,22796
213051466,5306,5193,10494,186,202,387,56,51,104,814,752,1567,37,33,67,12,16,34,15,25,41,3,0,3,8,14,20,8,15,24,0,0,0,954,906,1861,243,295,541,7,9,7,1387,1414,2795,415,399,814,7104,6998,14108
213051467,7399,7834,15230,221,257,476,39,38,74,796,796,1593,42,30,68,15,17,39,7,4,11,0,3,6,3,3,9,3,7,9,0,0,0,904,896,1801,192,211,404,19,9,37,1335,1371,2708,812,835,1649,9546,10047,19594
213051468,4575,4621,9200,95,100,193,19,21,41,615,600,1216,17,16,29,11,8,15,6,9,18,3,3,4,5,3,4,3,3,4,0,0,0,679,658,1337,71,70,137,13,0,14,858,832,1685,389,383,771,5821,5839,11657
214011370,7989,8268,16257,231,236,462,24,17,45,774,849,1629,24,16,38,3,5,11,6,7,20,5,3,8,3,0,6,0,0,0,0,0,0,848,913,1758,54,86,145,21,15,40,1155,1253,2404,880,860,1736,10017,10379,20398
214011371,7900,8420,16316,333,360,692,21,21,41,1198,1297,2494,36,39,75,5,4,10,11,12,18,3,9,6,9,6,11,3,4,7,0,0,0,1278,1388,2665,96,121,217,33,27,53,1735,1890,3631,1093,1229,2326,10734,11540,22271
214011372,7081,7514,14595,184,184,368,17,14,29,874,886,1762,24,21,44,3,10,12,14,7,22,6,4,11,3,3,9,0,0,0,0,0,0,944,943,1884,58,57,115,26,20,43,1208,1200,2412,995,1042,2036,9288,9757,19040
214011373,7056,7638,14693,159,180,340,22,22,39,768,805,1576,14,5,19,0,4,4,8,13,19,0,0,6,4,7,9,0,3,6,0,0,0,816,855,1673,61,70,132,23,22,47,1053,1133,2189,529,604,1127,8637,9376,18012
214011374,9448,9955,19407,306,327,629,15,17,35,829,883,1711,19,16,42,4,5,7,9,9,26,3,6,12,3,5,7,3,5,3,0,0,0,884,950,1837,34,40,75,8,11,21,1235,1336,2570,798,781,1580,11477,12077,23551
214011375,6280,6340,12622,131,160,291,16,16,38,664,764,1433,22,25,50,5,8,8,10,7,12,3,3,4,4,0,4,3,3,8,0,0,0,730,830,1557,42,60,105,24,18,43,928,1071,1998,776,828,1604,7984,8243,16225
214011376,5097,5273,10376,134,131,267,13,28,39,613,589,1202,10,22,30,0,0,0,3,5,4,0,0,3,0,0,0,3,3,4,0,0,0,648,646,1289,50,59,106,13,13,32,846,846,1694,404,402,802,6345,6522,12871
214021377,3928,4194,8121,185,204,385,12,15,29,656,673,1329,12,14,22,4,3,4,4,9,12,4,0,5,6,0,5,0,3,3,0,0,0,702,715,1415,32,34,63,8,5,15,923,958,1878,434,509,941,5281,5662,10941
214021378,2136,2126,4262,70,73,142,8,10,22,171,167,341,7,6,16,0,0,0,3,4,9,0,0,0,0,3,4,0,0,0,0,0,0,198,195,393,22,22,38,0,5,7,287,299,586,250,235,487,2675,2660,5337
214021379,8096,8347,16442,477,555,1036,269,121,391,715,719,1432,201,101,299,29,9,36,74,33,102,22,13,32,19,17,37,17,7,31,0,0,0,1343,1008,2354,39,35,75,22,18,39,1877,1625,3503,893,947,1836,10867,10915,21779
214021380,8756,10029,18788,403,443,845,23,24,46,953,1076,2030,34,47,81,6,4,11,10,19,28,4,3,9,8,3,13,3,3,8,0,0,0,1039,1181,2222,69,74,140,26,24,46,1536,1720,3254,770,986,1752,11059,12736,23791
214021381,7045,7503,14546,239,268,505,21,12,34,622,664,1286,14,3,20,5,8,14,7,8,18,0,0,0,0,3,3,0,0,4,0,0,0,666,705,1374,99,96,191,9,9,13,1006,1078,2084,542,573,1115,8596,9152,17747
214021382,7282,7718,15004,219,257,472,28,18,50,723,741,1463,22,32,53,7,7,11,8,14,20,0,0,0,3,3,7,0,0,0,0,0,0,788,816,1609,49,51,104,13,19,35,1073,1145,2217,538,630,1164,8889,9493,18379
214021383,6436,6566,13005,357,379,738,17,23,43,650,669,1325,28,30,57,3,7,5,8,12,22,0,0,0,3,3,7,0,0,0,0,0,0,717,748,1463,34,40,76,24,14,32,1130,1179,2308,843,808,1648,8413,8553,16962
214021384,7567,8559,16121,437,500,937,20,20,46,745,830,1574,30,35,66,0,3,4,11,5,17,6,8,13,5,9,10,0,0,0,0,0,0,816,914,1733,47,41,84,20,22,45,1327,1479,2803,845,994,1839,9739,11027,20769
214021385,7085,7463,14550,252,290,542,12,15,28,601,675,1268,21,20,34,0,0,0,14,9,22,3,3,5,4,0,4,0,0,0,0,0,0,644,719,1369,24,30,55,12,18,28,927,1054,1980,641,727,1369,8660,9243,17899
215011386,2950,3026,5973,277,290,567,14,10,29,175,158,332,16,9,24,11,12,20,9,12,23,3,0,3,0,0,3,0,0,0,0,0,0,224,205,431,13,35,54,8,7,10,530,532,1060,945,248,1191,4417,3810,8226
215011387,1287,1185,2470,16,21,39,3,0,0,79,76,160,0,3,3,0,0,0,8,5,10,4,3,10,0,0,3,0,0,0,0,0,0,95,92,184,8,16,19,0,4,4,117,128,245,191,202,395,1596,1509,3109
215011388,6090,6496,12581,614,775,1392,11,14,26,297,349,646,21,20,36,26,31,56,15,12,30,3,0,3,8,10,15,0,0,0,0,0,0,388,436,826,27,32,62,14,24,39,1041,1275,2316,577,594,1172,7704,8360,16062
215011389,1535,1379,2916,30,29,55,4,4,8,74,76,150,0,0,0,3,3,11,0,4,3,3,0,0,0,0,3,0,0,0,0,0,0,88,87,181,3,4,3,0,0,0,117,117,243,110,102,218,1768,1607,3375
215011390,2850,2844,5695,123,160,279,14,16,25,103,99,201,7,11,17,19,16,40,3,3,4,0,3,3,6,7,11,0,0,3,0,0,0,156,153,306,11,11,18,4,10,9,287,321,613,255,267,520,3390,3433,6822
215011391,1394,1400,2792,63,81,146,0,5,3,55,59,107,4,0,7,0,3,6,3,4,4,0,0,0,0,0,0,3,3,4,0,0,0,64,67,134,8,11,12,4,0,4,142,156,294,111,103,220,1648,1664,3310
215011392,3192,3157,6351,241,289,524,8,6,19,135,168,310,21,20,35,11,6,16,3,6,3,0,0,0,4,3,6,0,0,0,0,0,3,182,218,395,11,28,36,0,3,6,430,528,959,339,372,708,3956,4067,8023
215011393,1169,1126,2295,45,44,91,3,6,11,45,36,83,8,4,13,21,25,47,0,0,0,0,0,0,0,0,4,0,0,0,0,0,0,78,74,153,3,0,3,3,0,4,125,116,246,85,106,190,1386,1353,2734
215011394,2742,2659,5400,103,112,213,6,11,16,126,132,257,3,3,7,3,3,3,11,12,15,3,4,4,3,0,3,0,3,3,0,0,0,153,165,318,9,9,17,17,6,24,278,287,571,287,310,593,3306,3259,6564
215021395,2844,2739,5579,72,72,152,30,25,54,208,227,432,4,3,10,13,11,26,7,3,7,0,0,3,5,4,7,0,0,0,0,0,0,265,273,538,13,10,23,4,9,10,360,368,728,258,233,487,3453,3335,6790
215021396,1889,1885,3773,72,62,129,20,18,36,134,154,287,3,0,3,9,10,24,3,10,15,0,0,0,3,4,9,0,0,0,0,0,0,181,194,372,4,10,13,4,4,13,260,262,526,219,209,429,2361,2357,4721
215021398,1563,1402,2964,60,69,128,19,7,28,66,69,132,0,0,0,14,16,26,0,0,3,0,0,0,0,0,3,0,0,0,0,0,0,98,93,189,26,21,48,4,5,8,182,188,367,193,164,354,1932,1752,3685
215021399,2223,2188,4411,127,104,227,23,23,46,154,181,339,7,0,3,15,17,31,7,11,22,0,4,7,6,11,17,0,0,0,0,0,0,216,241,463,14,12,24,7,6,18,362,364,729,336,336,668,2919,2890,5812
215021469,6172,6586,12756,455,451,902,116,141,261,577,655,1230,35,30,71,52,54,104,9,11,25,5,0,6,5,8,8,7,4,8,0,0,0,800,909,1711,159,136,294,44,34,75,1454,1534,2983,1040,1044,2084,8665,9164,17826
215021470,5116,5765,10879,258,299,554,59,50,111,495,542,1034,16,17,36,58,58,121,22,20,38,0,0,0,12,17,21,0,0,0,0,0,0,662,708,1365,69,53,125,11,14,25,998,1074,2071,695,735,1433,6806,7573,14380
215031400,2515,2452,4971,119,117,236,5,7,9,107,120,229,4,11,19,9,7,9,0,3,8,0,3,7,0,0,0,0,0,0,0,0,0,134,151,285,8,11,19,6,3,9,266,284,541,335,311,650,3116,3040,6156
215031401,2801,2709,5510,136,140,275,21,31,47,87,89,173,17,13,24,0,0,3,3,5,4,0,0,0,3,4,6,0,0,0,0,0,0,132,138,268,3,0,3,8,7,12,276,282,558,277,244,516,3347,3240,6586
215031402,1471,1596,3070,79,93,170,10,8,16,67,85,151,9,9,18,0,0,0,7,3,8,0,0,0,0,0,3,0,3,3,0,0,0,92,107,194,0,3,3,3,3,8,178,208,384,199,204,399,1842,2011,3856
215031403,1212,1152,2364,69,70,133,9,9,21,45,65,106,0,6,7,7,0,5,0,0,0,0,0,0,0,0,4,0,0,0,0,0,0,68,79,147,50,45,92,0,0,0,180,193,370,268,255,524,1657,1597,3258
215031404,3911,4192,8100,369,420,796,45,42,80,219,199,421,9,9,23,7,13,17,0,0,3,0,4,4,3,4,7,0,0,0,0,0,0,294,270,556,31,18,50,15,9,25,705,717,1426,616,614,1234,5236,5530,10764
215031405,2598,2317,4916,77,68,148,14,12,26,116,126,242,8,10,11,5,4,7,3,4,13,0,0,0,0,0,3,0,0,0,0,0,0,148,153,297,18,9,28,4,3,7,243,235,479,493,432,926,3337,2986,6319
216011406,5393,5857,11256,394,454,850,117,128,241,297,341,638,25,24,52,8,6,14,11,9,18,3,3,7,5,7,7,0,3,5,0,0,0,459,517,981,14,26,42,19,20,37,895,1018,1909,614,661,1280,6904,7539,14440
216011407,4340,4375,8714,289,285,575,10,12,24,185,189,380,24,20,42,0,0,3,6,3,6,3,3,3,0,0,3,0,0,0,0,0,0,236,227,465,18,22,34,15,11,22,560,540,1103,453,505,961,5357,5419,10770
216011408,1622,1491,3117,32,39,74,21,18,40,71,76,143,3,3,11,3,3,4,0,3,3,0,3,4,0,0,0,0,0,0,0,0,0,101,107,208,4,4,4,3,4,9,139,155,292,185,181,362,1944,1824,3768
216011409,1562,1620,3182,68,55,127,13,16,30,69,93,165,3,3,6,0,0,0,0,3,3,0,5,4,0,0,0,0,0,0,0,0,0,84,126,211,0,0,3,6,11,13,163,187,353,152,148,307,1886,1958,3838
216011410,1715,1580,3293,52,58,109,4,3,10,102,99,197,5,3,14,4,3,3,0,0,0,3,3,5,3,0,3,0,0,3,0,0,0,122,112,225,4,3,4,3,3,9,183,173,349,181,178,361,2080,1920,4003
216021411,2383,2449,4831,172,191,364,61,61,118,127,112,237,12,10,18,0,4,7,3,3,8,0,3,4,5,0,7,0,0,0,0,0,0,209,188,400,25,25,56,14,4,14,416,415,834,297,305,600,3097,3173,6264
216021412,1063,991,2056,13,26,43,14,14,28,72,66,141,3,3,9,0,0,0,4,0,6,0,0,4,0,0,0,0,0,0,0,0,0,99,89,188,9,4,15,3,0,3,127,119,243,128,122,248,1313,1233,2546
216021413,4893,4844,9746,345,365,708,30,51,87,242,244,484,23,28,53,3,4,3,13,6,21,3,3,4,0,0,3,0,0,3,0,0,0,320,341,658,20,22,37,10,8,19,686,739,1424,520,461,973,6099,6039,12140
216021414,2851,2999,5844,264,265,530,46,58,103,171,196,366,15,22,29,3,0,8,17,10,27,0,0,0,5,0,3,0,0,0,0,0,0,255,293,545,8,12,20,19,23,37,544,586,1130,437,434,875,3834,4017,7854
216031415,2923,3118,6041,136,156,292,14,15,28,254,286,539,9,14,25,7,9,19,0,0,4,0,0,7,4,4,11,0,0,0,0,0,0,297,325,628,23,37,55,12,9,21,465,527,994,396,439,830,3787,4082,7866
216031416,6811,6968,13783,372,441,814,41,47,91,682,726,1405,34,31,72,12,10,20,6,7,15,10,12,21,4,5,13,0,0,3,0,0,0,796,840,1630,112,126,235,15,20,30,1290,1425,2711,915,926,1843,9023,9321,18336
216031417,8552,8849,17404,580,599,1174,45,42,85,664,715,1372,43,44,85,7,5,20,20,14,30,0,9,10,5,11,15,5,3,3,0,0,0,791,838,1622,113,134,253,17,24,36,1500,1593,3089,1130,1183,2321,11183,11620,22809
216031418,1680,1516,3196,37,36,72,4,9,17,109,110,219,3,3,5,3,3,4,4,0,4,0,0,0,5,3,7,0,0,0,0,0,0,129,129,257,4,14,17,5,3,4,171,177,348,135,129,262,1977,1822,3804
216031419,3987,3827,7821,193,203,400,22,10,34,229,223,450,14,22,35,6,6,9,9,9,13,8,9,15,5,3,9,0,0,0,0,0,0,286,278,560,26,28,56,9,11,18,516,512,1026,726,459,1180,5228,4799,10028
217011420,3602,3515,7118,145,155,301,8,6,21,159,149,301,9,14,27,18,21,38,3,9,15,0,0,0,0,0,3,0,0,0,0,0,0,195,204,407,4,13,17,12,11,20,354,386,743,412,380,788,4370,4272,8648
217011421,3721,4107,7827,349,388,737,19,22,45,188,218,406,13,21,34,18,16,41,5,6,17,0,3,4,0,4,4,3,0,7,0,0,0,254,293,547,24,19,44,6,6,18,639,707,1345,315,374,689,4679,5179,9857
217011422,4217,4290,8507,303,333,643,17,17,31,176,193,368,15,13,31,19,32,48,7,7,20,6,7,14,3,5,4,3,0,3,0,0,0,242,274,520,7,9,22,9,11,17,564,628,1199,485,481,968,5269,5401,10667
217011423,2609,2508,5118,57,52,115,4,8,12,120,134,252,12,5,20,10,5,15,5,8,17,0,3,4,3,4,12,0,0,0,0,0,0,159,168,323,5,14,21,3,10,9,226,244,474,209,215,428,3047,2970,6015
217031471,1310,1411,2726,95,108,201,0,0,3,85,96,183,3,7,14,0,0,3,3,0,0,3,3,4,6,0,9,0,0,0,0,0,0,101,117,216,4,3,6,0,3,3,202,223,431,149,165,316,1670,1801,3474
217031472,4669,4879,9549,434,420,854,12,17,28,252,316,570,15,12,30,12,8,16,4,5,5,3,0,3,6,9,11,0,0,0,0,0,0,305,364,670,18,23,39,12,4,14,758,819,1576,486,498,986,5910,6195,12107
217031473,2331,2122,4454,48,40,84,6,3,6,167,146,304,7,3,6,3,6,12,0,3,3,0,3,3,6,0,4,0,0,0,0,0,0,185,162,341,4,6,14,3,3,7,239,208,448,191,172,365,2761,2504,5268
217031474,2198,2153,4356,62,66,134,11,11,20,116,117,235,4,3,11,4,3,8,0,3,4,0,0,0,7,0,9,0,0,0,0,0,0,141,142,279,6,4,14,4,3,12,218,222,438,273,261,538,2691,2642,5336
217031475,2981,2817,5801,170,162,333,11,10,14,121,125,251,14,10,30,0,0,3,6,9,13,0,0,0,3,4,7,0,0,0,0,0,0,155,158,312,10,14,27,4,4,3,343,331,675,322,292,609,3642,3439,7088
217031476,1326,1296,2620,67,75,146,3,12,11,86,100,181,7,8,15,0,3,6,3,7,8,3,0,6,0,3,4,0,0,0,0,0,0,101,124,229,24,20,40,4,5,8,201,222,422,177,177,355,1702,1696,3403
217041477,2714,2603,5318,104,104,203,4,7,15,218,207,424,13,11,24,3,0,6,3,7,6,3,0,3,0,0,0,0,0,0,0,0,0,237,235,472,13,8,24,9,3,8,362,353,711,276,278,552,3349,3232,6575
217041478,3733,3808,7545,197,211,409,8,5,15,219,246,469,9,11,22,6,7,16,6,5,11,3,0,3,8,4,7,0,4,4,0,0,0,264,292,549,23,24,52,9,10,17,495,531,1031,383,382,771,4613,4732,9339
217041479,7731,8380,16112,557,598,1153,20,27,45,642,735,1379,28,36,64,18,24,42,25,30,57,8,3,14,7,7,15,3,7,6,0,0,0,754,867,1622,103,73,176,22,20,37,1436,1558,2992,847,882,1736,10009,10822,20829
217041480,4597,4966,9566,205,234,441,14,20,36,502,583,1082,21,27,51,16,16,34,7,9,15,3,7,9,4,12,15,0,0,0,0,0,0,565,673,1238,106,59,163,16,11,29,891,982,1877,641,702,1346,6133,6656,12783
297979799,13,0,12,0,0,0,0,0,0,4,0,4,3,0,3,0,0,0,4,0,5,0,0,0,0,0,0,0,0,0,0,0,0,12,0,11,0,0,0,0,0,0,12,0,11,3,0,3,28,4,29
299999499,810,544,1354,300,188,486,94,89,185,1046,961,2005,103,111,216,28,24,54,57,42,106,16,15,31,10,15,28,5,11,18,0,3,3,1368,1270,2645,331,340,666,94,64,159,2095,1859,3954,1374,795,2164,4279,3200,7480
