LGA_CODE_2016,D_21_24_FPT_MPET,D_21_24_FPT_MPULFTW,D_21_24_FPT_MPULPTW,D_21_24_FPT_MPUT,D_21_24_FPT_MPTLF,D_21_24_FPT_MPNLF,D_21_24_FPT_MPLFSNS,D_21_24_FPT_T,TDCF_FPEFT_MPEFT,TDCF_FPEFT_MPEPT,TDCF_FPEFT_MPEAW,TDCF_FPEFT_MPEHNS,TDCF_FPEFT_MPET,TDCF_FPEFT_MPULFTW,TDCF_FPEFT_MPULPTW,TDCF_FPEFT_MPUT,TDCF_FPEFT_MPTLF,TDCF_FPEFT_MPNLF,TDCF_FPEFT_MPLFSNS,TDCF_FPEFT_T,TDCF_FPEPT_MPEFT,TDCF_FPEPT_MPEPT,TDCF_FPEPT_MPEAW,TDCF_FPEPT_MPEHNS,TDCF_FPEPT_MPET,TDCF_FPEPT_MPULFTW,TDCF_FPEPT_MPULPTW,TDCF_FPEPT_MPUT,TDCF_FPEPT_MPTLF,TDCF_FPEPT_MPNLF,TDCF_FPEPT_MPLFSNS,TDCF_FPEPT_T,TDCF_FPEAW_MPEFT,TDCF_FPEAW_MPEPT,TDCF_FPEAW_MPEAW,TDCF_FPEAW_MPEHNS,TDCF_FPEAW_MPET,TDCF_FPEAW_MPULFTW,TDCF_FPEAW_MPULPTW,TDCF_FPEAW_MPUT,TDCF_FPEAW_MPTLF,TDCF_FPEAW_MPNLF,TDCF_FPEAW_MPLFSNS,TDCF_FPEAW_T,TDCF_FPHNS_MPEFT,TDCF_FPHNS_MPEPT,TDCF_FPHNS_MPEAW,TDCF_FPHNS_MPEHNS,TDCF_FPHNS_MPET,TDCF_FPHNS_MPULFTW,TDCF_FPHNS_MPULPTW,TDCF_FPHNS_MPUT,TDCF_FPHNS_MPTLF,TDCF_FPHNS_MPNLF,TDCF_FPHNS_MPLFSNS,TDCF_FPHNS_T,TDCF_FPET_MPEFT,TDCF_FPET_MPEPT,TDCF_FPET_MPEAW,TDCF_FPET_MPEHNS,TDCF_FPET_MPET,TDCF_FPET_MPULFTW,TDCF_FPET_MPULPTW,TDCF_FPET_MPUT,TDCF_FPET_MPTLF,TDCF_FPET_MPNLF,TDCF_FPET_MPLFSNS,TDCF_FPET_T,TDCF_FPULFTW_MPEFT,TDCF_FPULFTW_MPEPT,TDCF_FPULFTW_MPEAW,TDCF_FPULFTW_MPEHNS,TDCF_FPULFTW_MPET,TDCF_FPULFTW_MPULFTW,TDCF_FPULFTW_MPULPTW,TDCF_FPULFTW_MPUT,TDCF_FPULFTW_MPTLF,TDCF_FPULFTW_MPNLF,TDCF_FPULFTW_MPLFSNS,TDCF_FPULFTW_T,TDCF_FPULPTW_MPEFT,TDCF_FPULPTW_MPEPT,TDCF_FPULPTW_MPEAW,TDCF_FPULPTW_MPEHNS,TDCF_FPULPTW_MPET,TDCF_FPULPTW_MPULFTW,TDCF_FPULPTW_MPULPTW,TDCF_FPULPTW_MPUT,TDCF_FPULPTW_MPTLF,TDCF_FPULPTW_MPNLF,TDCF_FPULPTW_MPLFSNS,TDCF_FPULPTW_T,TDCF_FPUT_MPEFT,TDCF_FPUT_MPEPT,TDCF_FPUT_MPEAW,TDCF_FPUT_MPEHNS,TDCF_FPUT_MPET,TDCF_FPUT_MPULFTW,TDCF_FPUT_MPULPTW,TDCF_FPUT_MPUT,TDCF_FPUT_MPTLF,TDCF_FPUT_MPNLF,TDCF_FPUT_MPLFSNS,TDCF_FPUT_T,TDCF_FPTLF_MPEFT,TDCF_FPTLF_MPEPT,TDCF_FPTLF_MPEAW,TDCF_FPTLF_MPEHNS,TDCF_FPTLF_MPET,TDCF_FPTLF_MPULFTW,TDCF_FPTLF_MPULPTW,TDCF_FPTLF_MPUT,TDCF_FPTLF_MPTLF,TDCF_FPTLF_MPNLF,TDCF_FPTLF_MPLFSNS,TDCF_FPTLF_T,TDCF_FPNLF_MPEFT,TDCF_FPNLF_MPEPT,TDCF_FPNLF_MPEAW,TDCF_FPNLF_MPEHNS,TDCF_FPNLF_MPET,TDCF_FPNLF_MPULFTW,TDCF_FPNLF_MPULPTW,TDCF_FPNLF_MPUT,TDCF_FPNLF_MPTLF,TDCF_FPNLF_MPNLF,TDCF_FPNLF_MPLFSNS,TDCF_FPNLF_T,TDCF_FPLFSNS_MPEFT,TDCF_FPLFSNS_MPEPT,TDCF_FPLFSNS_MPEAW,TDCF_FPLFSNS_MPEHNS,TDCF_FPLFSNS_MPET,TDCF_FPLFSNS_MPULFTW,TDCF_FPLFSNS_MPULPTW,TDCF_FPLFSNS_MPUT,TDCF_FPLFSNS_MPTLF,TDCF_FPLFSNS_MPNLF,TDCF_FPLFSNS_MPLFSNS,TDCF_FPLFSNS_T,TDCF_FPT_MPEFT,TDCF_FPT_MPEPT,TDCF_FPT_MPEAW,TDCF_FPT_MPEHNS,TDCF_FPT_MPET,TDCF_FPT_MPULFTW,TDCF_FPT_MPULPTW,TDCF_FPT_MPUT,TDCF_FPT_MPTLF,TDCF_FPT_MPNLF,TDCF_FPT_MPLFSNS,TDCF_FPT_T
LGA20110,11,0,0,0,11,0,0,10,315,64,7,0,390,4,0,4,390,31,0,423,603,122,8,3,738,8,0,7,745,32,0,778,24,7,5,0,40,0,0,0,43,3,0,42,14,0,0,11,29,0,0,0,29,0,0,29,963,195,20,15,1194,10,0,16,1209,66,0,1277,0,0,0,0,3,3,0,3,5,3,0,15,12,0,0,0,19,6,0,6,17,3,0,24,16,4,0,0,17,8,0,8,31,3,0,35,981,199,20,15,1216,19,0,24,1239,68,0,1307,233,31,15,13,293,11,3,10,302,42,0,342,7,0,0,0,7,0,0,0,7,0,3,9,1220,229,31,32,1514,31,3,32,1549,108,7,1666
LGA20260,4,0,0,0,9,0,0,5,341,30,0,3,368,5,0,5,379,5,0,378,474,84,24,11,595,11,4,16,612,21,0,631,35,3,14,0,52,0,0,0,52,0,0,52,14,0,4,7,21,0,0,0,21,0,0,21,865,111,37,20,1040,21,4,18,1060,25,0,1085,0,3,0,0,3,3,0,3,5,5,0,11,8,5,0,0,10,0,0,0,10,0,0,14,8,11,0,0,19,3,0,3,22,3,0,22,873,122,37,20,1051,23,4,24,1077,29,0,1111,208,45,4,6,259,14,6,21,279,61,0,340,0,0,0,0,0,0,0,0,0,0,3,3,1084,167,40,27,1316,34,6,44,1355,91,3,1451
LGA20570,232,0,3,3,233,29,3,267,2858,396,20,21,3300,58,30,82,3387,198,9,3589,6401,690,80,42,7207,76,24,103,7308,233,3,7549,522,68,66,7,663,10,0,10,677,15,0,689,49,10,0,74,132,3,0,3,134,11,3,147,9830,1164,167,144,11297,142,52,198,11497,461,14,11969,88,8,0,3,105,26,3,24,130,17,0,149,205,27,0,4,236,3,10,7,249,32,0,279,294,41,0,10,342,24,11,33,378,48,0,424,10122,1204,167,152,11644,173,65,237,11878,502,14,12394,2658,355,76,53,3141,160,16,177,3325,547,11,3881,6,3,0,5,11,0,3,3,10,0,22,36,12780,1560,249,205,14793,330,83,417,15207,1053,52,16311
LGA20660,796,17,4,20,821,98,0,915,4303,599,46,38,4987,106,35,141,5133,276,0,5410,8979,857,83,72,9997,104,15,119,10118,235,15,10364,732,98,71,3,905,14,0,19,920,12,3,932,99,4,0,81,187,0,0,0,187,14,4,208,14117,1565,202,194,16073,225,49,279,16356,536,26,16913,154,18,0,0,173,11,4,16,184,5,0,192,337,32,3,5,381,35,3,37,424,26,0,449,486,55,3,5,552,46,3,53,605,35,0,642,14611,1617,204,201,16629,277,59,330,16964,568,26,17556,3982,437,66,102,4587,114,33,148,4738,507,7,5249,39,3,0,18,53,0,0,0,53,6,34,100,18630,2058,266,313,21267,386,93,484,21750,1083,65,22906
LGA20740,21,0,0,0,21,0,0,26,677,140,13,4,831,3,0,3,833,67,0,906,1566,278,26,16,1886,40,0,40,1928,75,3,2006,111,19,31,3,160,0,0,0,159,12,0,172,20,0,0,20,46,0,0,0,46,7,3,50,2370,428,76,43,2915,46,0,46,2967,159,7,3134,10,11,0,0,22,7,0,6,27,7,0,30,49,6,3,0,59,7,0,7,62,7,0,72,57,17,3,0,78,15,0,14,93,10,0,101,2430,442,78,43,2993,67,0,65,3059,171,7,3235,616,179,22,34,856,39,9,48,905,136,9,1049,10,3,0,0,16,0,0,0,16,0,14,30,3053,629,101,81,3861,106,8,115,3976,313,27,4319
LGA20830,100,4,0,3,104,8,0,118,1368,154,30,8,1556,16,13,26,1583,107,3,1692,3097,340,39,33,3509,19,3,20,3530,107,0,3642,269,36,40,7,348,0,0,0,348,18,0,367,28,9,3,44,86,0,0,0,86,8,3,93,4758,536,111,90,5497,38,12,55,5545,239,6,5794,56,3,0,0,59,4,0,4,62,10,0,67,116,10,0,0,130,13,3,13,145,4,0,154,173,16,0,0,184,19,3,21,206,13,0,225,4929,551,111,90,5681,53,15,70,5758,257,6,6019,1589,256,42,47,1934,48,23,71,2004,233,0,2240,3,0,0,8,15,0,0,0,13,4,4,23,6522,803,160,147,7629,104,44,144,7777,490,11,8282
LGA20910,874,19,3,27,900,91,3,992,4567,476,33,26,5101,109,14,124,5225,243,6,5473,7892,605,59,41,8598,100,15,112,8705,193,10,8911,486,42,53,3,577,5,3,9,589,19,0,606,108,6,0,55,171,3,0,3,176,3,4,185,13050,1133,139,132,14448,214,27,246,14697,462,21,15175,109,14,3,0,122,33,0,33,155,6,0,163,357,17,3,4,381,21,0,20,403,11,0,412,471,30,5,4,509,50,0,55,560,17,0,576,13516,1160,147,134,14960,263,33,294,15251,474,21,15748,3733,285,50,70,4129,82,12,93,4222,307,15,4542,9,7,0,9,24,0,0,0,24,0,12,38,17258,1449,197,212,19116,346,45,390,19500,782,38,20328
LGA21010,7,0,0,0,7,3,0,9,299,34,5,8,347,0,6,10,352,27,0,379,577,71,17,9,673,8,0,8,678,20,6,704,47,10,4,0,64,0,0,0,64,0,0,65,25,0,0,4,25,0,0,0,25,0,0,25,949,122,23,15,1112,12,6,11,1125,44,6,1179,3,0,3,0,5,4,0,4,6,0,0,6,32,4,0,0,32,0,0,0,32,0,3,32,36,4,3,0,36,4,0,4,39,0,3,44,985,123,24,15,1152,9,6,17,1169,45,8,1222,296,39,18,5,361,19,0,22,381,89,3,470,3,0,0,0,3,0,0,0,3,5,0,11,1287,165,45,22,1516,33,8,37,1557,137,11,1701
LGA21110,1726,58,9,64,1791,195,4,1994,7739,853,58,46,8688,217,43,259,8948,513,4,9472,11896,1153,91,80,13221,176,36,213,13433,337,10,13770,759,94,111,3,969,8,0,7,975,14,0,991,131,19,3,105,258,6,0,6,263,15,12,290,20524,2115,267,226,23129,400,85,483,23620,879,25,24526,199,19,0,3,225,55,3,55,282,15,0,300,490,37,0,3,529,33,13,44,576,20,0,595,686,56,0,3,750,92,14,100,850,34,0,888,21205,2175,268,234,23880,490,96,586,24472,918,28,25414,5948,651,126,55,6781,196,53,248,7033,800,10,7843,30,9,0,28,74,0,0,0,75,7,32,104,27189,2828,397,321,30734,683,153,840,31572,1724,71,33364
LGA21180,1176,67,21,82,1258,304,3,1567,5999,794,76,66,6940,231,56,290,7225,591,12,7832,7067,1401,101,83,8654,186,38,226,8880,555,13,9440,651,89,105,9,857,21,7,29,883,30,0,919,148,52,0,200,392,23,5,26,417,32,27,481,13871,2337,285,356,16846,456,108,566,17410,1207,51,18676,373,141,9,23,545,187,20,210,753,93,0,846,543,179,12,21,744,115,75,184,930,91,0,1029,916,322,21,42,1291,296,98,389,1683,181,0,1870,14785,2656,302,398,18140,756,207,959,19094,1395,54,20542,7250,1911,191,357,9702,644,101,746,10451,2728,41,13216,46,23,4,51,121,4,3,7,127,21,234,383,22088,4585,494,804,27967,1401,315,1715,29678,4148,328,34148
LGA21270,0,0,0,0,0,0,0,0,153,13,0,0,166,0,0,0,166,5,0,173,401,37,17,3,458,3,3,5,465,3,8,475,20,3,0,0,24,0,0,0,24,0,0,28,7,0,0,5,14,0,0,0,14,3,0,15,584,51,14,12,664,3,3,5,668,15,8,690,0,0,0,0,0,0,0,0,0,0,0,3,5,0,0,0,5,0,0,0,5,3,0,7,5,0,0,0,5,0,0,0,11,0,0,10,590,51,14,12,669,9,3,10,681,16,8,705,169,7,4,0,186,3,0,3,182,50,6,242,5,0,0,0,9,0,0,0,9,0,6,7,760,66,22,13,863,9,3,8,867,64,14,954
LGA21370,37,0,0,0,37,0,0,37,1213,115,20,7,1359,7,0,8,1364,67,3,1433,2136,209,60,17,2424,21,8,30,2450,68,7,2526,183,17,50,3,252,0,3,3,254,6,0,260,32,0,0,21,57,0,0,0,57,6,5,65,3564,340,132,55,4084,25,9,42,4126,145,20,4293,34,0,0,5,38,4,0,4,43,4,0,45,65,16,0,0,81,0,0,0,78,3,0,85,94,17,0,5,116,4,0,4,122,8,0,135,3661,359,132,61,4202,32,9,43,4251,150,20,4425,876,119,38,28,1056,32,0,32,1091,162,0,1259,12,0,0,3,10,0,0,0,10,0,26,41,4548,474,164,88,5272,67,9,76,5353,321,48,5719
LGA21450,358,4,3,11,366,53,3,418,3702,390,30,26,4157,76,14,87,4237,218,6,4470,7167,609,77,52,7908,78,23,103,8014,198,7,8218,555,61,84,10,711,4,0,4,719,32,0,749,94,15,0,90,195,5,0,5,200,16,3,217,11520,1082,194,177,12978,157,30,193,13166,466,19,13648,117,17,5,3,150,21,0,21,168,18,0,185,318,44,3,3,373,20,3,23,391,20,0,412,441,63,6,10,519,37,3,45,557,39,0,598,11959,1147,203,182,13490,200,38,232,13727,507,15,14249,4298,507,106,119,5032,130,37,165,5191,536,17,5742,23,0,3,25,55,0,0,0,55,11,43,106,16283,1654,311,330,18574,323,73,397,18973,1055,76,20103
LGA21610,1699,37,20,56,1759,342,6,2105,13218,1676,141,99,15127,319,99,418,15549,816,23,16385,18507,2484,252,195,21438,364,61,422,21863,773,27,22665,1527,183,186,17,1917,17,3,19,1933,62,0,1995,262,56,6,305,622,33,5,44,662,49,22,738,33513,4398,586,612,39104,728,174,899,40008,1703,76,41785,756,135,16,27,926,166,9,170,1100,105,6,1209,1237,180,12,27,1460,111,33,143,1606,78,13,1697,1997,312,33,53,2393,272,43,317,2704,187,21,2907,35507,4709,612,670,41498,1004,212,1220,42718,1886,90,44695,15143,2806,286,467,18703,683,144,824,19521,3504,83,23112,90,24,0,70,188,4,0,7,188,26,226,446,50744,7531,903,1206,60387,1694,353,2044,62430,5423,395,68245
LGA21670,12,0,0,0,12,0,0,15,219,30,3,0,261,0,0,0,263,28,0,289,490,68,12,7,586,10,3,14,599,45,0,640,24,13,0,3,41,0,0,0,41,6,0,44,5,0,0,10,11,0,0,0,11,0,0,11,740,117,17,19,889,10,4,16,908,74,0,982,3,0,0,7,15,3,3,6,18,0,0,16,11,4,0,0,17,0,0,0,17,5,0,25,15,5,0,7,25,3,3,6,31,10,0,39,757,121,17,27,917,14,4,18,938,85,0,1020,277,67,9,0,354,20,9,34,387,116,0,508,0,0,0,0,0,0,0,0,0,0,0,0,1030,185,30,27,1271,35,16,53,1321,203,0,1529
LGA21750,19,0,0,0,19,0,0,23,613,101,13,9,733,10,3,13,747,20,4,771,1370,127,20,18,1532,8,5,11,1546,38,0,1586,75,5,18,3,106,0,3,3,105,5,0,113,7,0,0,16,25,0,0,0,25,0,0,25,2072,226,50,45,2394,14,8,31,2421,62,3,2490,3,5,0,0,4,0,0,0,7,0,0,7,16,8,0,0,26,4,0,4,31,0,0,31,25,13,0,0,35,3,0,3,33,0,0,33,2096,237,50,45,2427,22,8,33,2460,62,3,2528,479,84,18,29,617,25,0,27,641,57,0,698,4,0,0,0,4,0,0,0,4,0,18,23,2579,321,72,78,3048,47,15,56,3104,118,27,3247
LGA21830,15,0,0,0,15,3,0,20,645,54,12,0,716,4,0,4,722,15,0,729,1012,95,9,12,1129,5,0,7,1135,33,3,1168,63,12,16,0,83,3,3,3,88,0,0,93,9,0,0,16,30,0,0,0,30,7,0,37,1733,163,36,28,1958,10,5,15,1975,50,3,2031,4,0,0,0,4,0,0,0,6,0,0,6,16,3,0,0,15,8,0,8,19,0,0,25,15,3,0,0,20,10,0,10,34,0,0,32,1756,161,36,31,1983,20,5,25,2010,52,3,2062,416,62,4,20,501,25,0,25,527,86,0,614,4,0,0,0,4,0,0,0,4,0,7,13,2177,223,39,49,2494,49,5,54,2542,132,14,2694
LGA21890,611,18,11,25,633,118,0,756,3938,725,62,34,4758,103,31,134,4886,354,3,5245,7508,1184,67,57,8817,114,51,161,8976,308,9,9287,608,106,74,7,793,10,0,16,807,17,0,825,76,16,0,98,190,8,0,8,194,10,0,204,12125,2026,199,199,14556,231,78,311,14866,690,14,15566,159,39,3,9,209,53,10,64,269,3,0,272,365,67,3,7,444,32,26,54,497,16,0,510,523,107,3,14,644,86,32,119,766,20,0,789,12652,2135,203,216,15202,315,111,426,15628,709,14,16352,3718,755,106,123,4709,200,83,277,4988,1287,7,6283,28,0,0,15,49,3,0,3,52,7,52,107,16402,2889,314,360,19960,522,189,711,20668,2000,79,22745
LGA22110,23,0,0,0,23,0,0,28,878,125,28,8,1046,18,11,28,1070,80,5,1158,2019,322,60,34,2431,26,9,36,2466,137,0,2603,168,32,38,3,240,0,0,0,240,10,0,247,23,6,0,26,50,0,0,0,56,4,0,63,3081,491,121,64,3762,43,17,66,3827,234,4,4065,22,19,0,0,43,4,0,4,45,6,0,56,32,8,0,3,43,4,0,3,45,0,0,52,58,28,0,3,82,7,0,13,94,9,0,104,3137,514,124,70,3844,51,23,73,3921,247,4,4170,932,160,26,34,1145,43,8,56,1204,265,0,1468,6,4,0,4,11,0,0,0,11,0,20,35,4075,679,147,112,5006,99,32,125,5134,511,27,5672
LGA22170,427,7,6,9,439,63,3,500,3875,526,45,26,4479,82,15,98,4575,304,6,4887,7895,796,77,59,8828,102,12,121,8945,283,3,9236,698,81,131,5,913,11,0,11,925,16,3,942,63,15,0,58,137,6,0,6,146,0,9,154,12528,1416,256,156,14357,205,34,238,14592,606,20,15215,141,32,0,6,181,25,0,23,204,12,0,213,376,31,4,16,423,22,10,29,454,26,0,478,520,60,5,23,609,46,11,50,655,33,0,691,13047,1477,257,176,14960,246,42,289,15251,638,20,15909,4291,513,85,110,4996,157,30,186,5177,680,16,5876,26,10,0,19,49,0,0,0,49,4,36,94,17361,1994,341,306,20005,401,71,470,20478,1325,74,21881
LGA22250,6,0,0,0,6,0,0,6,316,16,9,0,336,3,0,8,346,11,0,353,637,32,5,16,691,0,0,0,690,35,0,727,44,8,10,0,62,0,0,0,62,0,0,62,7,0,0,10,13,0,0,0,13,0,3,18,995,53,18,30,1105,7,0,11,1110,43,3,1159,9,0,0,0,9,3,0,3,17,3,0,18,15,3,0,0,14,0,5,5,17,3,0,18,26,3,0,0,25,3,5,8,34,4,0,38,1022,63,18,30,1127,7,3,11,1143,50,3,1192,270,44,5,7,326,3,0,3,327,56,3,392,4,0,0,0,4,0,0,0,4,0,6,6,1291,107,24,37,1457,12,3,17,1475,108,12,1596
LGA22310,987,17,8,30,1015,104,3,1124,6129,691,64,34,6917,159,37,195,7114,344,4,7469,10303,1072,69,106,11555,157,31,189,11743,285,21,12046,731,97,97,7,938,20,0,20,954,28,0,984,109,20,0,104,236,9,0,9,243,9,9,262,17276,1877,230,257,19640,348,72,419,20056,660,34,20757,201,15,3,0,220,41,3,44,264,12,0,280,510,52,3,3,566,11,6,20,584,15,0,596,711,69,7,3,784,56,13,64,850,30,0,880,17980,1947,234,257,20427,402,77,480,20908,687,34,21637,4486,526,70,109,5198,106,14,126,5319,469,0,5793,26,6,0,36,69,0,0,0,69,3,46,118,22491,2481,309,403,25690,511,93,603,26295,1167,82,27538
LGA22410,10,0,0,0,10,4,0,16,461,36,4,3,506,12,0,12,519,27,0,543,966,118,25,8,1116,13,3,12,1129,40,0,1176,61,11,14,0,87,0,0,0,87,0,0,87,7,0,0,25,33,3,0,3,34,0,0,36,1499,166,46,35,1749,27,3,23,1771,69,0,1842,18,0,0,0,19,4,0,4,23,8,0,29,16,3,0,0,23,0,0,3,21,7,0,28,29,7,0,0,41,10,0,10,49,13,0,61,1529,168,46,40,1787,30,4,35,1817,80,0,1900,504,75,23,27,628,19,10,32,656,99,0,756,11,0,0,0,11,0,0,0,11,5,12,24,2047,247,66,63,2415,56,14,65,2486,190,12,2684
LGA22490,54,0,0,0,56,3,0,61,824,102,10,11,950,14,0,16,969,58,7,1028,1923,202,33,20,2176,10,8,15,2188,58,8,2244,156,13,24,4,200,4,0,4,200,10,0,209,22,0,0,25,47,0,0,0,47,10,0,52,2925,320,71,61,3369,21,6,29,3403,129,10,3537,18,3,0,0,19,0,0,0,21,3,0,21,63,8,9,0,72,0,0,0,72,5,0,78,78,9,9,0,95,0,0,3,93,10,0,108,3003,328,72,61,3465,20,7,29,3496,136,10,3638,884,136,26,50,1102,10,0,13,1107,97,3,1209,16,4,4,5,29,0,0,0,29,0,0,31,3906,464,106,114,4591,29,11,38,4638,234,12,4884
LGA22620,203,7,3,9,209,18,0,223,3110,442,62,32,3648,57,17,74,3720,196,5,3915,6614,806,127,81,7629,72,10,84,7710,231,5,7952,575,101,92,10,776,13,0,13,788,10,0,799,69,9,0,44,121,3,0,3,125,7,3,134,10368,1360,278,166,12173,141,32,169,12343,444,15,12804,96,21,0,5,124,17,0,17,136,16,0,151,244,28,3,7,274,18,17,31,306,29,0,333,339,45,3,8,401,34,17,48,447,38,0,488,10708,1409,282,173,12571,176,46,219,12786,483,15,13291,3050,481,77,70,3678,143,48,190,3871,636,12,4518,33,0,0,0,33,0,0,0,33,3,18,55,13789,1888,356,248,16279,317,97,408,16691,1122,46,17861
LGA22670,780,35,15,52,834,283,3,1126,4736,761,36,33,5564,173,34,207,5770,462,10,6238,4036,1143,21,61,5266,127,48,176,5438,384,11,5827,383,67,64,7,515,13,0,15,527,36,0,562,122,40,0,144,304,16,0,17,316,30,11,356,9276,2010,120,239,11646,326,82,407,12051,912,23,12992,332,80,3,13,427,141,4,150,570,79,3,654,389,113,14,18,533,75,60,135,674,53,0,723,719,192,17,27,957,220,64,284,1246,130,3,1378,9996,2203,142,269,12607,546,150,695,13296,1045,27,14371,6029,1773,105,281,8189,548,150,704,8893,3277,38,12200,46,14,3,43,113,0,0,0,113,21,133,258,16074,3989,250,590,20905,1094,298,1391,22294,4342,191,26835
LGA22750,769,15,4,16,786,98,3,892,6234,863,110,51,7261,157,42,200,7460,446,15,7926,14596,1524,192,106,16421,194,36,230,16650,470,11,17137,1277,119,189,16,1602,18,0,18,1619,50,0,1665,137,25,0,129,291,0,3,4,294,13,3,306,22244,2534,492,307,25576,371,84,447,26026,972,37,27033,216,43,3,5,275,46,0,46,315,18,0,338,576,54,8,4,641,42,13,59,701,19,8,728,790,98,13,14,918,86,13,105,1022,44,8,1070,23036,2633,502,314,26492,457,94,557,27046,1015,38,28102,6733,958,188,176,8050,269,74,345,8398,1209,20,9617,56,0,3,25,82,0,0,0,82,5,72,157,29819,3592,697,510,34618,725,171,898,35520,2228,132,37874
LGA22830,71,4,3,3,76,25,0,96,2037,241,35,10,2329,44,12,57,2380,140,3,2521,3450,406,64,44,3964,45,3,48,4018,135,0,4152,274,16,54,0,341,6,0,11,355,8,0,367,42,8,0,39,93,3,0,3,93,7,4,102,5806,678,151,99,6726,100,21,123,6849,295,6,7148,71,9,8,8,95,42,4,47,137,10,0,148,119,15,3,5,137,10,11,21,154,0,0,159,194,25,9,11,232,49,15,60,294,13,0,309,5999,700,161,103,6956,150,35,183,7142,305,6,7451,1703,406,79,71,2260,109,42,153,2409,954,6,3376,18,0,0,9,30,0,0,0,30,4,38,69,7721,1103,241,182,9249,261,71,337,9586,1266,50,10898
LGA22910,18,0,0,0,18,3,0,22,248,57,8,4,318,3,10,12,327,25,0,357,670,158,15,3,842,11,3,12,855,47,0,902,59,12,9,0,80,0,0,0,80,4,0,87,13,0,0,9,27,0,0,0,27,0,0,27,989,220,34,19,1258,15,15,24,1280,81,0,1367,0,4,0,0,3,3,0,3,11,0,0,9,24,4,0,0,25,0,0,0,25,0,0,25,26,7,0,0,33,3,0,3,38,0,0,36,1014,227,34,17,1291,12,15,26,1316,81,0,1404,362,81,17,14,475,13,3,14,486,74,0,563,4,0,0,0,4,0,0,0,4,3,0,12,1381,307,44,38,1772,25,18,45,1813,154,4,1973
LGA22980,4,0,0,0,4,3,0,9,164,3,6,0,171,0,0,3,173,4,0,182,285,22,3,6,314,3,0,3,320,23,0,341,16,3,0,0,24,0,0,0,24,0,0,24,3,0,0,0,3,0,0,0,3,0,0,3,464,35,13,5,518,7,0,8,519,25,0,551,3,0,0,0,3,0,0,0,3,0,0,3,9,0,0,0,9,3,0,5,11,3,0,15,13,0,0,0,13,3,0,5,19,3,0,20,475,36,13,5,527,3,4,10,540,29,0,568,181,15,3,3,202,10,0,10,211,42,0,255,0,0,0,0,0,0,0,0,0,0,0,0,659,51,15,12,735,11,4,18,748,75,0,818
LGA23110,478,16,3,17,493,71,3,568,3195,437,39,38,3702,75,20,95,3795,237,5,4037,5041,560,67,41,5696,64,17,81,5782,189,7,5972,516,67,78,9,667,3,0,4,668,22,0,689,45,11,0,40,95,0,0,0,101,7,7,111,8796,1069,177,122,10170,138,39,181,10350,451,17,10812,128,15,0,0,147,31,0,31,175,16,0,186,231,33,0,5,266,27,9,33,300,24,0,320,359,43,8,5,408,54,9,67,477,36,0,511,9156,1114,184,129,10580,200,43,244,10821,485,17,11325,3001,588,96,64,3749,149,36,187,3933,666,16,4614,28,6,0,18,56,0,0,0,56,8,47,108,12177,1711,279,211,14381,347,81,433,14815,1159,81,16044
LGA23190,12,0,0,0,12,0,0,12,531,48,12,3,590,6,0,10,596,20,0,618,1311,146,15,16,1492,13,0,13,1504,24,0,1527,104,9,9,3,131,0,0,0,131,6,0,136,10,0,0,9,19,3,0,4,17,0,10,24,1950,202,38,35,2221,25,3,25,2252,48,10,2306,10,0,6,0,17,0,0,0,17,0,0,17,30,0,0,0,30,5,3,4,40,8,0,43,41,0,6,0,46,5,3,4,54,8,0,58,1992,206,40,35,2273,25,4,31,2303,52,10,2369,515,83,13,10,626,19,3,22,647,75,0,722,3,0,0,0,3,0,0,0,3,0,8,10,2516,288,48,46,2898,45,11,60,2959,125,16,3100
LGA23270,1064,58,16,73,1135,403,8,1544,6669,898,77,69,7724,248,53,296,8019,662,8,8694,9080,1403,118,115,10712,223,50,276,10987,600,28,11619,842,96,87,15,1035,13,0,13,1052,42,0,1088,154,45,0,192,393,17,0,18,408,65,23,498,16748,2442,277,394,19858,501,105,613,20469,1363,60,21895,400,120,10,10,540,118,0,114,658,80,9,745,567,160,5,24,756,105,40,141,899,100,12,1005,967,277,12,36,1295,220,41,258,1556,178,16,1749,17715,2725,296,429,21154,723,149,870,22024,1541,73,23646,9269,2873,206,458,12807,742,257,997,13801,5657,124,19580,68,23,0,60,145,5,3,4,153,29,186,366,27051,5613,494,947,34105,1466,405,1877,35983,7226,384,43589
LGA23350,16,0,0,0,16,3,0,20,570,92,7,8,675,4,9,13,686,34,0,725,936,137,29,8,1108,11,0,11,1117,41,3,1167,76,14,18,4,111,3,0,3,114,3,0,120,10,0,0,16,33,0,0,0,31,0,0,31,1593,241,48,41,1926,18,9,26,1954,80,3,2039,4,0,0,0,7,11,0,11,15,3,0,23,24,3,0,0,31,0,0,0,31,0,0,30,28,3,0,0,33,11,0,11,47,4,0,48,1622,245,48,41,1961,32,9,35,1997,82,3,2084,324,57,9,16,405,19,0,19,420,55,3,483,3,0,0,0,5,0,0,0,5,0,4,6,1952,301,60,51,2372,44,9,54,2423,139,13,2572
LGA23430,865,31,3,31,904,100,3,1000,6011,740,64,27,6840,159,37,199,7039,315,7,7360,10424,968,96,106,11601,147,12,158,11760,293,16,12068,795,59,127,13,996,16,3,18,1016,31,0,1046,108,13,3,97,221,4,3,8,225,18,7,249,17340,1778,292,244,19663,327,56,383,20038,656,25,20722,186,33,0,3,223,29,0,29,251,20,0,267,386,27,0,4,425,32,17,50,469,16,0,489,572,62,0,3,642,61,17,79,724,39,0,759,17919,1840,292,244,20304,387,71,456,20761,691,25,21479,4513,507,103,93,5218,105,32,133,5357,658,19,6030,30,3,0,24,58,0,0,0,56,0,33,91,22461,2355,401,367,25580,492,103,599,26178,1347,79,27598
LGA23670,1109,22,3,28,1137,156,5,1295,5857,629,68,72,6633,168,53,219,6843,416,0,7258,10441,1073,122,62,11700,174,35,201,11905,363,15,12284,853,77,107,8,1045,12,0,12,1055,28,0,1084,100,14,0,78,189,6,0,6,193,13,15,223,17251,1794,294,222,19558,349,83,434,19994,823,28,20850,151,37,3,4,203,36,3,34,236,22,3,267,522,69,4,14,603,26,14,40,646,28,0,675,671,101,10,22,809,56,15,73,878,57,3,938,17926,1892,309,241,20363,406,103,511,20874,884,35,21792,5545,744,113,107,6516,172,43,215,6727,690,6,7426,15,5,0,26,46,0,0,0,46,0,49,93,23494,2642,423,373,26925,577,141,724,27652,1574,81,29312
LGA23810,113,8,0,8,118,25,3,144,1511,198,16,8,1735,66,16,82,1817,114,0,1932,3804,368,77,36,4284,100,11,113,4397,208,4,4605,341,43,40,7,435,17,0,17,450,11,0,459,46,3,0,32,88,3,0,3,87,8,0,92,5706,607,135,89,6536,184,29,216,6750,340,3,7092,64,25,0,0,98,29,4,36,133,11,0,143,162,33,3,3,201,24,12,41,235,12,4,257,222,57,8,3,291,58,12,72,369,28,7,400,5934,667,144,94,6828,249,45,291,7122,365,6,7492,1779,252,48,71,2148,178,31,204,2352,472,5,2825,7,0,0,9,14,0,0,0,14,6,24,49,7719,922,192,167,8990,426,69,494,9491,836,40,10368
LGA23940,5,0,0,0,5,0,0,5,223,14,4,0,234,0,0,0,239,6,0,247,380,40,3,4,428,0,3,3,426,25,0,457,32,0,0,0,34,0,0,0,34,0,0,34,6,0,0,11,24,0,0,0,24,0,0,24,640,46,11,22,711,0,3,5,721,33,0,752,8,3,0,0,4,0,0,0,4,9,0,16,0,0,0,0,0,0,0,0,0,0,0,3,3,0,0,0,12,0,0,0,12,8,0,14,643,51,11,22,725,0,3,5,726,44,0,774,167,20,6,5,203,10,6,21,226,50,3,277,3,0,0,0,3,0,0,0,3,0,4,6,814,70,15,23,931,17,10,22,958,96,7,1053
LGA24130,161,3,0,3,166,9,0,177,1727,198,37,17,1974,43,13,54,2033,81,3,2114,3695,421,47,41,4207,43,17,60,4269,104,0,4367,288,50,37,0,373,0,0,0,372,5,0,381,48,0,0,41,81,3,0,3,83,6,0,89,5755,673,118,101,6646,84,30,115,6755,199,5,6954,45,0,0,3,52,0,0,0,52,0,0,50,144,9,3,0,157,3,4,6,162,3,0,168,195,9,3,3,204,3,4,6,212,5,0,218,5950,681,123,104,6846,91,32,124,6970,203,5,7177,1641,172,63,26,1903,20,0,18,1924,143,9,2068,17,9,3,3,28,0,0,0,28,0,32,58,7602,861,185,128,8771,106,32,143,8917,340,39,9300
LGA24210,1104,38,12,43,1149,164,5,1323,4408,570,42,30,5048,166,39,202,5250,336,5,5595,7299,983,62,76,8419,123,32,153,8573,297,7,8876,470,60,58,0,589,5,0,5,599,26,3,625,82,15,4,104,196,4,0,4,199,17,9,222,12260,1627,165,200,14249,301,68,368,14621,677,25,15319,162,20,0,3,185,36,0,39,224,14,0,241,368,41,5,8,422,54,5,65,483,23,0,511,534,55,5,12,605,88,10,102,705,40,0,746,12788,1684,166,210,14857,390,79,469,15324,716,23,16066,4328,563,48,94,5031,161,25,186,5222,669,4,5893,39,4,3,12,59,0,0,0,59,0,34,93,17157,2250,219,324,19945,551,100,654,20601,1391,59,22049
LGA24250,0,0,0,0,0,4,0,7,229,41,0,0,271,10,0,12,279,29,0,308,445,97,8,3,551,9,0,9,557,19,6,577,21,6,8,0,30,0,0,0,30,0,0,30,6,0,0,6,15,0,0,0,15,0,0,15,702,143,17,12,869,19,0,22,888,47,6,936,3,0,0,0,3,0,0,0,3,3,0,6,7,6,0,0,13,0,0,0,13,0,0,13,12,6,0,0,21,0,0,0,21,3,0,19,717,146,17,12,885,19,0,22,908,47,6,958,165,34,3,0,205,11,3,11,215,31,0,246,3,3,0,4,5,0,0,0,5,0,7,13,881,176,20,13,1098,26,5,34,1125,81,9,1216
LGA24330,308,18,4,19,322,56,0,375,2479,352,40,18,2888,105,26,135,3018,188,7,3212,3529,528,38,30,4118,89,27,111,4227,174,0,4407,472,53,53,4,581,0,4,4,582,25,0,608,32,10,0,26,77,0,0,0,79,4,8,89,6517,941,130,78,7661,197,51,253,7908,389,11,8316,102,25,3,3,124,34,7,42,173,13,0,179,202,50,3,7,260,24,23,49,309,13,0,324,301,73,6,8,387,59,31,89,476,25,0,501,6815,1014,133,80,8050,260,83,341,8388,419,11,8814,2105,437,49,65,2655,138,46,181,2834,500,11,3345,16,10,0,6,32,0,0,0,32,0,19,49,8936,1461,188,155,10734,389,128,516,11251,919,40,12208
LGA24410,676,18,4,23,695,55,3,754,3719,452,55,46,4274,103,21,125,4401,225,3,4624,8467,749,112,76,9398,85,19,107,9510,185,3,9698,718,65,68,4,850,9,0,9,856,8,0,867,83,8,0,66,154,0,3,6,163,0,3,167,12983,1267,235,194,14683,205,46,249,14927,417,7,15354,116,30,3,0,147,33,5,34,185,10,0,192,326,35,3,3,368,23,8,36,403,8,0,412,439,69,5,4,518,59,10,71,591,16,0,604,13428,1343,239,200,15202,262,53,315,15519,425,7,15956,3797,481,61,64,4403,150,18,165,4574,535,3,5111,25,3,0,20,48,0,4,4,50,0,23,77,17249,1831,302,283,19658,416,77,490,20149,967,38,21150
LGA24600,166,5,0,4,172,41,3,215,1541,173,22,7,1748,58,10,72,1816,125,11,1954,1502,262,12,13,1786,33,3,39,1826,68,3,1897,257,37,53,7,355,4,0,4,357,19,0,377,10,3,0,32,51,3,0,3,48,0,0,52,3309,472,90,65,3930,102,22,118,4052,210,15,4280,104,6,0,0,111,13,3,13,126,8,0,136,100,18,0,3,120,18,4,23,138,9,0,151,203,21,0,3,232,31,4,36,262,22,4,285,3510,496,91,63,4162,128,28,153,4315,235,21,4569,1557,327,33,35,1954,85,41,124,2080,426,4,2505,6,0,0,7,19,0,0,0,19,16,31,58,5079,832,120,111,6132,213,63,279,6416,667,50,7137
LGA24650,588,30,6,39,621,79,4,701,6389,569,77,52,7090,189,42,227,7319,391,3,7718,8412,941,85,116,9555,146,29,174,9733,382,11,10132,806,74,108,9,996,13,3,14,1018,24,0,1036,125,33,0,161,321,15,4,22,336,19,3,364,15737,1613,268,348,17965,361,79,435,18402,823,21,19245,299,46,0,14,364,96,5,104,469,23,0,493,584,91,3,27,710,52,30,83,794,26,8,825,886,140,7,46,1078,156,36,189,1269,54,8,1324,16621,1756,276,391,19044,517,116,625,19672,875,29,20572,6528,1050,169,235,7985,359,61,414,8402,1489,39,9925,43,13,0,33,84,3,0,3,83,3,94,184,23193,2817,441,655,27111,874,174,1045,28157,2364,164,30683
LGA24780,54,0,0,3,56,8,0,67,1568,202,28,6,1805,37,4,46,1852,84,3,1935,2799,268,54,25,3150,64,9,68,3218,133,4,3357,206,29,35,3,277,6,0,6,283,11,0,292,38,0,0,49,88,0,0,0,88,5,0,96,4614,498,119,83,5315,108,16,120,5434,236,4,5677,54,3,0,0,61,21,7,31,88,13,0,104,95,12,0,0,106,27,5,36,142,15,0,158,148,17,0,0,163,53,11,70,231,28,0,255,4758,515,119,83,5480,159,30,193,5672,260,4,5934,1358,207,32,52,1645,138,43,180,1828,454,6,2292,18,0,0,3,19,4,0,4,23,4,26,59,6135,723,145,144,7149,300,73,375,7521,722,43,8283
LGA24850,92,3,0,4,90,13,0,107,1425,168,22,7,1629,30,3,30,1660,107,3,1772,2387,287,57,32,2765,24,9,37,2795,53,3,2850,235,15,38,4,297,0,0,4,294,15,5,314,21,0,0,27,48,0,4,4,56,3,0,55,4077,466,120,74,4734,59,18,77,4806,174,16,4997,73,0,0,0,76,20,0,20,91,10,0,105,127,5,3,0,139,0,0,0,142,4,0,148,204,5,3,3,212,24,0,24,231,15,0,247,4275,475,123,71,4944,75,18,95,5042,189,16,5240,1627,228,35,64,1959,69,4,76,2031,214,3,2247,12,0,0,3,13,0,0,0,13,8,9,37,5916,704,160,140,6914,146,26,170,7085,409,29,7531
LGA24900,18,0,0,0,18,9,0,27,1000,72,12,3,1085,8,3,17,1102,35,3,1142,1570,124,37,17,1746,16,3,25,1771,58,0,1830,146,12,26,0,180,4,3,5,182,4,0,191,30,3,0,39,63,0,0,0,63,6,0,77,2739,212,75,55,3081,30,11,45,3121,104,4,3236,14,5,0,3,20,3,0,3,26,4,0,32,37,10,3,0,46,3,4,5,55,7,0,60,53,11,3,3,72,3,4,9,83,12,0,94,2795,219,78,59,3152,38,17,50,3200,116,4,3322,618,79,19,35,741,30,7,45,787,160,13,955,5,0,0,0,5,0,0,0,5,0,9,12,3416,296,94,92,3905,70,23,90,3998,273,23,4294
LGA24970,1326,57,13,70,1402,192,7,1598,7479,879,66,60,8481,267,47,312,8791,506,6,9304,9526,1381,79,64,11047,200,59,263,11306,359,4,11668,690,73,102,9,871,13,0,14,884,28,0,912,130,18,6,103,256,0,0,0,257,6,6,269,17824,2353,240,230,20647,483,109,588,21237,897,14,22151,333,50,4,3,391,86,11,104,492,23,0,521,579,120,0,0,697,59,43,97,791,45,0,837,911,165,4,4,1091,145,53,197,1289,72,0,1355,18739,2513,248,237,21737,631,161,788,22523,966,14,23508,5773,883,119,119,6892,226,68,299,7188,1010,24,8220,21,4,3,20,41,0,0,0,41,4,45,92,24529,3403,370,369,28669,859,231,1084,29758,1986,83,31826
LGA25060,794,16,4,15,809,96,5,910,4556,467,48,27,5097,102,29,130,5226,231,3,5464,7706,667,71,54,8496,107,21,130,8621,223,8,8855,684,55,93,8,835,15,0,15,850,8,0,862,67,6,0,100,177,0,0,0,176,6,6,192,13008,1202,214,183,14602,224,44,270,14878,475,16,15369,105,32,0,9,144,34,9,43,191,12,3,201,266,52,0,3,322,19,7,25,344,21,0,369,373,81,0,11,469,51,13,71,540,34,3,577,13382,1286,212,192,15072,281,60,338,15410,514,21,15942,3403,422,66,93,3991,149,17,165,4153,502,3,4663,18,10,0,18,43,3,0,3,45,14,38,103,16800,1713,280,308,19103,429,79,507,19613,1028,65,20708
LGA25150,101,0,0,0,101,11,0,109,1163,143,17,15,1345,23,3,22,1369,64,0,1434,2105,214,27,14,2358,36,0,36,2397,67,0,2459,145,10,30,0,186,3,0,3,190,9,0,200,19,4,0,27,56,0,0,0,56,4,0,58,3433,378,76,56,3948,63,4,68,4013,142,0,4148,40,7,0,0,50,0,0,0,49,0,0,49,85,0,0,3,85,9,0,9,89,4,0,102,123,7,3,3,135,10,0,10,144,10,0,153,3556,388,83,59,4076,71,4,75,4148,146,0,4304,1257,146,41,28,1469,51,4,56,1519,140,3,1668,6,0,6,4,12,0,0,0,12,0,9,23,4814,532,123,89,5559,117,13,131,5688,285,17,5994
LGA25250,644,20,11,27,672,124,6,800,4267,662,60,26,5023,140,36,177,5195,357,8,5563,7645,1112,118,62,8936,128,54,183,9122,307,14,9439,789,94,100,10,992,27,3,30,1025,15,0,1036,93,17,0,73,188,3,0,4,195,34,5,232,12800,1888,284,175,15141,292,96,389,15536,715,21,16275,172,53,3,8,224,51,3,58,281,10,0,295,355,84,0,11,448,59,26,80,531,39,0,571,520,134,3,19,679,108,27,133,811,50,0,864,13321,2021,283,190,15818,404,118,526,16345,769,25,17138,4949,1054,123,220,6339,266,80,347,6687,1390,26,8102,50,14,0,38,99,5,0,5,103,10,69,181,18311,3098,407,448,22258,674,202,879,23139,2167,116,25426
LGA25340,494,6,0,8,500,47,0,547,4465,559,45,28,5104,81,13,96,5201,259,11,5473,10202,1112,112,90,11517,104,10,115,11631,370,16,12022,618,45,116,6,783,0,0,0,787,30,3,821,108,8,8,86,217,5,3,8,219,8,3,232,15394,1729,287,218,17622,191,29,219,17845,664,31,18542,125,4,0,0,129,18,0,18,142,8,0,151,350,57,3,6,423,36,0,36,455,20,0,474,478,62,3,6,546,50,0,50,597,33,0,630,15869,1793,286,226,18176,242,29,268,18440,697,31,19173,4276,505,92,97,4967,117,11,124,5095,495,13,5599,33,0,0,3,47,0,0,0,47,0,58,99,20182,2300,377,327,23189,359,37,394,23579,1189,103,24876
LGA25430,27,0,0,0,27,0,0,31,366,82,3,0,449,14,4,18,471,55,3,527,775,232,25,3,1036,4,0,4,1036,46,3,1090,67,13,3,3,88,0,0,0,88,0,0,88,21,0,0,16,35,0,0,0,35,0,0,35,1222,331,27,22,1603,17,4,26,1627,104,4,1738,6,0,0,0,6,6,0,6,12,0,0,12,23,4,0,0,31,0,0,0,32,5,0,38,31,4,0,0,37,8,0,8,43,5,0,48,1254,337,27,22,1640,26,4,30,1675,108,4,1788,401,100,15,12,529,14,3,16,549,68,0,610,0,0,0,3,4,0,0,0,7,0,0,6,1657,439,45,39,2174,38,11,53,2220,177,8,2411
LGA25490,26,0,0,0,26,0,0,29,633,56,3,9,697,0,3,3,702,39,3,741,1206,154,24,13,1390,8,6,12,1399,46,3,1452,110,7,21,4,138,0,0,0,142,0,0,142,13,0,0,8,29,0,0,0,29,0,0,29,1959,218,52,28,2254,8,6,10,2271,80,8,2354,6,0,0,0,7,3,0,3,12,0,0,12,29,4,0,3,38,5,0,5,40,0,0,40,39,4,0,3,44,5,0,5,51,0,0,51,1992,218,49,34,2302,11,6,21,2322,80,8,2407,514,65,24,42,643,13,0,13,656,61,0,712,12,0,0,3,14,0,0,0,14,0,13,23,2523,282,75,73,2956,23,6,29,2984,142,17,3145
LGA25620,13,0,0,0,13,3,0,15,294,46,8,3,345,0,0,0,345,18,6,370,725,83,21,6,840,9,0,15,849,41,0,895,46,18,6,0,69,3,0,3,77,0,0,78,8,3,0,3,20,0,0,0,20,3,0,23,1077,148,35,11,1272,15,0,15,1292,62,6,1357,9,0,0,0,9,0,0,0,9,0,0,9,24,0,0,0,28,8,0,8,33,5,0,42,30,0,0,0,38,8,0,8,43,5,0,50,1116,151,35,11,1311,21,0,22,1331,68,6,1404,330,54,13,14,416,7,0,7,423,78,0,504,0,3,0,3,5,0,0,0,5,0,7,16,1443,210,50,30,1735,32,0,33,1762,146,13,1919
LGA25710,541,12,0,11,554,45,0,604,2956,316,50,13,3337,46,6,51,3388,134,3,3525,6068,500,51,57,6672,61,8,69,6742,136,0,6877,394,58,60,0,514,0,0,3,516,3,0,522,63,3,0,29,92,0,0,0,92,7,0,103,9484,875,158,100,10620,106,18,126,10740,279,6,11028,51,0,0,0,56,8,0,8,60,6,0,65,132,13,0,0,143,7,5,14,158,3,0,165,186,15,0,0,201,14,5,21,220,9,0,229,9666,890,158,102,10822,121,23,148,10965,285,6,11259,2076,190,22,40,2330,26,0,28,2357,142,8,2505,10,0,0,8,18,0,0,0,18,0,14,31,11753,1079,183,150,13165,148,22,171,13341,424,25,13790
LGA25810,8,0,0,0,8,3,0,11,273,37,0,3,320,3,0,3,326,20,0,340,526,63,8,6,602,10,0,10,616,30,0,646,48,5,8,5,71,0,0,0,70,3,0,76,3,3,0,9,14,0,0,0,14,0,0,14,845,120,17,19,1002,19,0,21,1019,51,0,1073,8,0,0,0,8,5,0,5,16,3,0,21,9,0,0,0,9,3,3,7,13,0,0,13,15,0,0,0,15,11,3,14,31,3,0,34,865,120,17,19,1022,29,7,35,1050,58,0,1107,258,39,12,4,318,11,0,16,329,55,0,380,0,0,0,0,0,0,0,0,0,0,0,0,1118,161,35,26,1336,40,6,45,1385,106,0,1494
LGA25900,226,3,0,3,228,44,0,273,2387,316,26,13,2742,63,11,77,2823,206,4,3029,3309,421,33,21,3783,46,13,62,3841,123,4,3964,444,54,44,4,542,7,0,12,553,13,0,568,30,0,0,36,67,0,0,0,67,0,3,71,6167,792,97,76,7136,124,25,150,7287,333,8,7629,79,6,0,3,86,15,0,18,103,5,0,112,127,12,0,4,146,11,0,11,163,4,0,165,207,25,0,9,239,32,5,30,266,15,0,283,6371,821,103,79,7370,154,26,178,7550,348,8,7908,1777,217,17,31,2038,47,10,58,2103,220,0,2322,12,0,0,15,30,0,0,0,30,0,6,40,8155,1033,120,130,9442,200,38,243,9684,569,18,10267
LGA25990,5,0,0,0,5,0,0,5,175,23,0,0,199,3,0,3,196,12,0,214,333,39,14,3,386,3,0,3,389,12,0,401,26,3,15,0,39,0,0,0,39,3,0,44,4,3,0,0,11,0,0,0,11,0,0,11,542,60,28,3,634,7,0,7,634,33,0,671,0,0,0,0,0,5,0,5,5,0,0,5,12,3,0,0,15,0,0,0,15,0,0,16,18,3,0,0,16,5,0,5,19,0,0,20,553,65,28,3,648,9,0,9,661,31,0,694,212,26,18,5,260,6,6,7,270,44,3,315,0,0,0,0,3,0,0,0,3,0,0,3,769,95,44,9,913,14,6,17,928,82,3,1011
LGA26080,7,0,0,0,7,0,0,7,68,22,3,0,92,3,0,3,94,18,0,111,102,35,3,0,140,0,0,0,139,0,0,145,3,0,3,0,7,0,0,0,7,0,0,7,0,0,0,7,7,0,0,0,7,0,0,7,176,52,7,5,245,3,0,3,247,20,0,263,0,0,0,0,0,0,0,0,0,0,0,0,0,0,0,0,0,0,0,0,0,0,0,0,0,0,0,0,0,0,0,0,0,0,0,0,176,52,7,5,245,3,0,3,247,20,0,263,32,4,3,0,40,0,0,0,40,0,0,40,0,4,0,0,4,0,0,0,4,0,3,6,209,59,10,5,279,3,0,3,288,20,0,308
LGA26170,46,0,0,0,44,3,0,47,865,89,15,5,970,5,12,18,987,47,0,1032,1664,265,35,28,1989,20,9,30,2013,79,9,2103,97,13,28,0,143,0,3,3,141,7,0,147,14,7,0,33,60,0,0,0,60,0,5,58,2641,376,75,64,3151,29,20,50,3200,131,14,3350,14,3,0,0,16,0,0,0,22,3,0,25,27,11,0,0,38,8,0,8,44,0,0,45,43,12,0,0,57,8,0,8,64,7,0,69,2683,388,74,64,3211,36,20,59,3271,136,14,3419,818,125,23,27,996,21,12,32,1028,109,0,1141,15,0,0,0,15,0,0,0,15,0,10,24,3509,517,99,94,4219,60,33,91,4311,247,22,4583
LGA26260,6,0,0,0,6,0,0,6,447,47,8,3,500,8,0,5,506,22,0,532,1014,102,25,8,1141,11,0,11,1156,44,0,1200,82,10,12,0,97,0,0,0,101,4,0,106,22,0,0,15,38,0,0,0,38,3,0,42,1558,156,38,24,1778,22,0,21,1803,73,0,1877,5,0,0,0,7,7,0,7,8,3,0,9,22,3,0,0,24,0,0,0,24,0,0,21,26,4,0,0,25,7,0,7,34,6,0,38,1585,157,38,24,1808,24,0,22,1833,79,0,1913,379,75,7,15,480,13,3,18,499,53,0,555,4,5,0,0,12,0,0,0,12,0,0,12,1968,236,51,40,2294,41,9,42,2339,135,0,2473
LGA26350,587,14,5,15,607,70,3,679,3006,295,19,10,3318,70,17,88,3414,157,3,3571,4660,357,34,42,5100,73,5,86,5179,122,8,5315,407,23,41,5,473,4,0,10,483,10,0,490,70,4,0,39,118,0,0,3,117,7,7,134,8148,679,94,85,9005,155,31,190,9192,300,18,9507,106,7,0,0,115,18,0,18,133,9,0,139,177,9,0,0,186,12,7,22,205,15,0,226,286,13,0,0,299,28,7,36,335,25,0,361,8429,696,92,86,9303,180,42,222,9528,331,15,9875,2874,261,22,42,3206,68,15,87,3293,260,6,3558,9,0,0,9,20,0,3,3,25,0,12,38,11317,961,123,142,12537,252,58,310,12848,588,38,13472
LGA26430,8,0,0,0,8,0,0,9,293,34,0,6,335,0,0,0,335,14,0,347,467,53,16,7,540,7,0,4,540,5,0,549,33,0,0,0,36,0,0,0,36,0,0,41,11,0,0,9,22,0,0,0,22,0,0,22,806,89,17,15,928,7,0,4,932,21,0,954,7,0,0,0,4,3,0,3,9,0,0,9,10,0,0,3,13,0,0,0,13,0,0,11,15,0,0,3,20,3,0,3,20,0,0,21,819,89,17,22,946,9,0,4,956,23,0,978,179,33,11,0,228,0,0,0,228,42,3,269,0,0,0,9,9,0,0,0,9,0,3,13,996,124,27,28,1182,9,0,4,1187,64,8,1260
LGA26490,100,0,0,4,98,10,0,109,1000,155,20,0,1171,17,3,18,1193,76,0,1268,2580,313,23,25,2938,22,0,25,2964,52,0,3018,159,22,31,7,216,0,0,0,216,3,0,216,28,3,3,12,50,0,0,0,50,4,0,53,3766,494,69,46,4378,35,3,41,4419,136,8,4557,25,0,0,0,25,3,0,3,33,0,0,35,73,6,0,0,83,7,4,7,91,3,0,97,104,7,0,0,107,10,4,11,119,8,0,130,3873,500,69,46,4489,45,5,50,4539,142,8,4684,921,125,33,13,1091,10,3,13,1101,62,0,1170,12,0,0,3,13,0,0,0,13,0,0,13,4799,623,99,68,5587,55,11,69,5656,206,8,5867
LGA26610,23,0,0,0,22,0,0,23,590,63,14,3,666,19,0,18,680,52,7,740,1125,113,17,3,1264,9,4,10,1273,33,3,1310,95,0,19,0,114,3,0,3,116,8,0,124,25,3,0,29,57,0,0,0,57,0,3,60,1828,187,45,36,2102,27,3,33,2134,93,9,2239,12,5,0,0,16,6,0,6,21,5,0,27,22,5,0,0,31,3,5,6,34,11,0,45,36,6,0,0,40,15,5,17,60,13,0,70,1864,191,45,36,2145,42,12,52,2193,103,9,2305,613,75,10,32,732,8,12,17,755,126,9,886,8,0,0,0,15,0,0,0,15,0,10,23,2491,264,59,73,2890,51,20,71,2956,229,27,3218
LGA26670,6,0,0,0,6,0,0,6,202,23,6,0,230,3,0,3,230,16,0,249,296,24,5,7,337,4,3,8,346,19,0,358,30,0,3,0,34,0,0,0,34,0,0,34,11,0,0,3,15,0,0,0,15,0,0,15,533,55,14,10,614,3,3,9,622,30,0,654,0,0,0,0,0,0,0,0,0,3,0,3,7,0,0,0,7,0,0,0,7,3,0,10,10,0,0,0,10,0,0,0,10,3,0,13,542,55,14,10,625,3,3,9,632,40,0,665,142,22,3,9,180,7,0,7,186,19,0,211,0,0,0,0,0,0,0,0,0,0,5,13,686,77,23,21,807,14,3,17,822,58,5,884
LGA26700,28,0,0,0,28,3,0,29,896,92,13,3,1006,0,0,0,1007,60,4,1071,1761,215,20,16,2006,6,4,12,2014,62,0,2080,132,15,29,0,174,0,0,0,170,3,0,174,22,0,0,33,52,0,0,0,52,0,0,54,2805,320,62,46,3234,8,4,9,3246,130,6,3384,12,4,3,0,22,0,0,0,22,0,0,22,52,9,0,0,67,5,0,5,75,0,0,75,67,14,5,0,93,5,0,5,93,0,0,93,2873,337,64,49,3325,9,4,14,3342,130,6,3479,631,69,16,20,735,32,7,42,776,139,0,915,10,0,0,3,19,0,0,0,19,0,20,35,3519,405,82,71,4075,45,11,54,4136,268,29,4434
LGA26730,52,0,0,0,52,4,0,56,854,133,7,9,1001,8,7,19,1023,72,0,1092,2239,239,45,13,2546,10,4,17,2556,66,0,2626,168,22,25,0,219,7,4,13,226,4,0,230,20,0,0,21,38,0,0,0,38,0,0,38,3290,398,77,38,3804,24,14,42,3849,143,0,3987,23,7,0,0,24,12,3,13,37,10,3,52,47,7,3,0,63,3,0,3,67,0,0,70,71,14,3,0,87,16,3,14,104,15,3,124,3359,411,82,39,3894,43,15,56,3955,155,3,4110,766,114,21,28,939,26,3,27,963,117,9,1086,6,0,0,3,8,0,0,0,8,0,0,8,4132,527,102,70,4837,65,21,87,4925,271,13,5207
LGA26810,38,0,0,0,38,4,0,41,1129,118,26,12,1289,20,4,23,1313,68,8,1390,2204,208,72,23,2507,43,12,56,2565,110,3,2681,182,35,22,0,243,6,0,6,249,15,0,260,37,3,0,37,77,0,0,0,78,0,0,82,3554,364,117,72,4112,67,18,87,4199,200,7,4409,25,16,0,0,36,6,0,7,51,5,0,60,80,9,5,0,91,14,5,21,114,4,0,120,99,25,6,0,133,22,6,31,164,13,0,174,3656,388,121,74,4243,92,28,122,4364,207,7,4584,1259,132,49,40,1486,55,9,64,1548,223,3,1776,14,7,0,3,22,3,0,3,24,0,17,44,4938,522,173,117,5747,152,37,189,5940,432,28,6396
LGA26890,0,0,0,0,0,0,0,0,107,16,0,0,125,0,0,0,125,0,0,127,250,20,4,5,284,0,0,0,284,16,0,301,14,0,3,0,18,0,0,0,18,0,0,18,3,0,0,9,7,0,0,0,7,0,0,7,376,34,7,15,439,0,0,0,439,14,0,451,0,0,0,0,0,3,0,3,3,0,0,3,0,0,0,0,0,0,0,0,0,0,0,0,0,0,0,0,0,3,0,3,3,0,0,3,376,39,7,15,438,3,0,3,445,14,0,461,92,8,4,0,103,11,0,11,108,31,0,137,3,0,0,0,3,0,0,0,3,0,7,10,470,44,15,15,544,14,0,14,552,42,7,602
LGA26980,1111,33,8,42,1149,129,0,1284,6118,745,66,26,6955,218,45,261,7216,481,3,7695,11016,1226,94,70,12403,177,38,213,12619,375,3,13006,750,102,98,8,952,9,8,14,964,33,3,996,110,13,0,78,204,0,0,0,201,13,4,213,17993,2085,252,184,20513,399,93,488,21003,897,13,21915,204,53,3,0,266,60,4,65,331,9,0,339,490,55,4,7,557,36,14,49,603,34,0,640,694,105,7,10,817,89,25,118,937,45,0,976,18686,2192,260,192,21330,488,113,602,21937,943,13,22892,5283,623,86,65,6056,191,43,233,6292,643,9,6949,29,3,0,23,55,3,0,3,54,4,27,85,23999,2817,351,279,27441,680,161,845,28283,1592,46,29922
LGA27070,982,34,6,36,1020,206,3,1228,7222,873,89,76,8266,224,52,278,8537,532,15,9088,11405,1544,117,121,13193,184,39,221,13411,450,23,13882,1211,152,153,22,1532,20,0,20,1553,27,0,1585,174,35,4,211,422,6,4,6,433,36,7,477,20014,2605,370,432,23414,429,97,526,23940,1049,48,25031,364,58,10,11,453,106,9,118,565,53,0,624,642,115,9,17,782,70,45,113,896,71,0,959,1008,176,25,26,1233,173,57,229,1464,125,0,1583,21023,2780,393,453,24646,601,148,749,25400,1176,48,26618,8486,1686,176,315,10658,556,111,668,11327,2824,61,14212,57,9,0,48,111,8,0,8,116,4,129,256,29557,4482,566,817,35417,1164,262,1429,36846,3998,238,41087
LGA27170,48,0,0,0,48,4,0,54,1309,151,33,17,1507,10,3,13,1515,68,3,1585,2336,252,37,30,2659,16,0,20,2673,90,8,2772,235,18,27,3,274,0,0,0,280,10,0,287,33,0,0,40,72,0,0,0,72,0,0,72,3906,421,98,83,4508,29,3,30,4541,163,5,4708,57,3,4,0,63,7,0,13,72,14,0,85,79,3,3,6,90,12,3,11,103,12,0,112,133,12,4,6,151,18,5,27,173,21,0,200,4040,429,98,92,4660,43,13,55,4716,183,5,4909,1155,131,47,37,1372,42,8,49,1417,202,3,1620,8,0,0,3,10,4,0,4,13,3,11,30,5207,560,151,127,6040,89,20,107,6154,392,18,6563
LGA27260,913,30,9,43,952,143,5,1105,10468,1216,99,86,11865,360,46,408,12275,677,16,12970,11543,1737,156,108,13545,242,58,296,13838,511,17,14359,1173,125,157,10,1462,25,3,33,1493,41,0,1534,250,32,0,229,513,8,0,12,526,23,15,568,23435,3107,411,428,27383,636,113,749,28128,1251,55,29435,767,131,17,24,939,177,17,198,1139,83,0,1226,1209,191,6,26,1428,148,33,176,1607,54,0,1661,1971,318,27,53,2373,324,51,375,2745,139,0,2884,25407,3429,439,482,29757,962,159,1122,30878,1390,52,32317,11882,2067,228,367,14537,701,151,844,15385,2174,55,17613,87,11,0,87,183,10,0,10,189,20,170,374,37375,5505,669,932,44476,1669,311,1975,46455,3578,277,50304
LGA27350,211,10,3,13,222,33,0,257,1933,256,14,15,2207,50,12,63,2272,132,4,2404,2531,371,26,11,2940,46,6,51,2992,90,3,3087,322,32,35,6,391,7,0,7,398,9,0,411,42,3,4,41,92,0,0,4,96,0,0,94,4825,663,70,74,5638,95,23,119,5754,234,10,5997,44,8,0,7,61,25,0,25,85,9,0,96,80,26,3,0,106,20,17,35,144,16,0,160,129,34,3,6,168,48,17,66,232,24,0,261,4956,697,72,86,5809,141,38,181,5991,260,10,6258,1110,218,28,41,1399,74,32,103,1499,392,9,1907,10,3,0,7,19,0,0,0,19,6,24,44,6070,918,105,133,7227,214,71,286,7511,656,35,8208
LGA27450,674,11,0,12,678,72,3,750,4721,610,85,23,5438,86,18,107,5547,303,9,5854,11104,1127,177,107,12512,102,16,122,12637,311,13,12960,856,59,153,19,1080,0,0,0,1079,29,3,1112,156,13,0,116,287,13,0,13,297,10,4,312,16831,1807,421,260,19319,204,36,241,19563,646,30,20236,96,16,4,4,121,20,0,15,136,13,0,147,413,33,9,7,457,31,0,31,486,23,0,509,511,41,8,9,572,48,0,46,620,34,0,656,17339,1850,429,269,19894,250,42,286,20182,677,30,20887,5499,578,136,123,6335,126,29,154,6487,558,17,7066,36,9,0,13,54,0,0,0,54,3,44,99,22871,2437,562,407,26284,374,69,439,26722,1237,94,28052
LGA27630,7,0,0,0,7,0,0,6,176,20,0,0,197,0,0,0,198,11,0,214,366,28,8,8,410,4,3,4,417,7,0,421,33,0,0,0,33,0,0,0,33,0,0,33,7,0,0,0,7,0,0,0,7,5,0,11,580,51,6,9,645,3,3,9,657,19,0,673,0,0,0,0,0,3,0,3,4,0,0,3,4,0,0,0,4,0,0,0,4,0,0,6,7,0,0,0,7,3,0,3,12,3,0,10,591,51,6,9,653,7,3,8,663,24,0,685,133,9,4,15,157,6,0,6,163,65,0,229,4,3,4,0,6,0,0,0,6,3,0,9,721,59,15,22,825,11,3,17,836,92,0,932
LGA29399,0,0,0,0,0,3,0,3,10,0,0,0,10,0,0,0,10,0,0,10,5,0,0,0,11,0,0,0,11,3,0,13,0,0,0,0,0,0,0,0,0,0,0,0,0,0,0,0,0,0,0,0,0,0,0,0,17,0,0,0,23,0,0,0,23,3,0,25,0,0,0,0,0,0,0,0,0,0,0,0,3,0,0,0,3,0,0,0,3,0,0,3,3,0,0,0,3,0,0,0,3,0,0,3,22,0,0,0,23,0,0,0,23,3,0,22,8,0,0,0,7,0,0,0,7,3,0,15,0,0,0,0,0,0,0,0,0,0,4,4,23,4,0,0,28,0,0,0,28,3,4,41
LGA29499,0,0,0,0,0,0,0,0,0,0,0,0,0,0,0,0,0,0,0,0,0,0,0,0,0,0,0,0,0,0,0,0,0,0,0,0,0,0,0,0,0,0,0,0,0,0,0,0,0,0,0,0,0,0,0,0,0,0,0,0,0,0,0,0,0,0,0,0,0,0,0,0,0,0,0,0,0,0,0,0,0,0,0,0,0,0,0,0,0,0,0,0,0,0,0,0,0,0,0,0,0,0,0,0,0,0,0,0,0,0,0,0,0,0,0,0,0,0,0,0,0,0,0,0,0,0,0,0,0,0,0,0,0,0,0,0,0,0,0,0,0,0,0,0,0,0,0,0,0,0,0,0
LGA29799,0,0,0,0,0,0,0,0,0,0,0,0,0,0,0,0,0,0,0,0,0,0,0,0,0,0,0,0,0,0,0,0,0,0,0,0,0,0,0,0,0,0,0,0,0,0,0,0,0,0,0,0,0,0,0,0,0,0,0,0,0,0,0,0,0,0,0,0,0,0,0,0,0,0,0,0,0,0,0,0,0,0,0,0,0,0,0,0,0,0,0,0,0,0,0,0,0,0,0,0,0,0,0,0,0,0,0,0,0,0,0,0,0,0,0,0,0,0,0,0,0,0,0,0,0,0,0,0,0,0,0,0,0,0,0,0,0,0,0,0,0,0,0,0,0,0,0,0,0,0,0,0
