LGA_CODE_2016,NegNil_Inc_BE_WFT,NegNil_Inc_BE_WPT,NegNil_Inc_BE_BAW,NegNil_Inc_1EFT_OthPT,NegNil_Inc_1EFT_OthAW,NegNil_Inc_1EFT_OthNW,NegNil_Inc_1EPT_OthAW,NegNil_Inc_1EPT_OthNW,NegNil_Inc_1AW_OthNW,NegNil_Inc_BNW,NegNil_Inc_LFsta_NS,NegNil_Inc_Tot,I_1_149_BE_WFT,I_1_149_BE_WPT,I_1_149_BE_BAW,I_1_149_1EFT_OthPT,I_1_149_1EFT_OthAW,I_1_149_1EFT_OthNW,I_1_149_1EPT_OthAW,I_1_149_1EPT_OthNW,I_1_149_1AW_OthNW,I_1_149_BNW,I_1_149_LFsta_NS,I_1_149_Tot,I_150_299_BE_WFT,I_150_299_BE_WPT,I_150_299_BE_BAW,I_150_299_1EFT_OthPT,I_150_299_1EFT_OthAW,I_150_299_1EFT_OthNW,I_150_299_1EPT_OthAW,I_150_299_1EPT_OthNW,I_150_299_1AW_OthNW,I_150_299_BNW,I_150_299_LFsta_NS,I_150_299_Tot,I_300_399_BE_WFT,I_300_399_BE_WPT,I_300_399_BE_BAW,I_300_399_1EFT_OthPT,I_300_399_1EFT_OthAW,I_300_399_1EFT_OthNW,I_300_399_1EPT_OthAW,I_300_399_1EPT_OthNW,I_300_399_1AW_OthNW,I_300_399_BNW,I_300_399_LFsta_NS,I_300_399_Tot,I_400_499_BE_WFT,I_400_499_BE_WPT,I_400_499_BE_BAW,I_400_499_1EFT_OthPT,I_400_499_1EFT_OthAW,I_400_499_1EFT_OthNW,I_400_499_1EPT_OthAW,I_400_499_1EPT_OthNW,I_400_499_1AW_OthNW,I_400_499_BNW,I_400_499_LFsta_NS,I_400_499_Tot,I_500_649_BE_WFT,I_500_649_BE_WPT,I_500_649_BE_BAW,I_500_649_1EFT_OthPT,I_500_649_1EFT_OthAW,I_500_649_1EFT_OthNW,I_500_649_1EPT_OthAW,I_500_649_1EPT_OthNW,I_500_649_1AW_OthNW,I_500_649_BNW,I_500_649_LFsta_NS,I_500_649_Tot,I_650_799_BE_WFT,I_650_799_BE_WPT,I_650_799_BE_BAW,I_650_799_1EFT_OthPT,I_650_799_1EFT_OthAW,I_650_799_1EFT_OthNW,I_650_799_1EPT_OthAW,I_650_799_1EPT_OthNW,I_650_799_1AW_OthNW,I_650_799_BNW,I_650_799_LFsta_NS,I_650_799_Tot,I_800_999_BE_WFT,I_800_999_BE_WPT,I_800_999_BE_BAW,I_800_999_1EFT_OthPT,I_800_999_1EFT_OthAW,I_800_999_1EFT_OthNW,I_800_999_1EPT_OthAW,I_800_999_1EPT_OthNW,I_800_999_1AW_OthNW,I_800_999_BNW,I_800_999_LFsta_NS,I_800_999_Tot,I_1000_1249_BE_WFT,I_1000_1249_BE_WPT,I_1000_1249_BE_BAW,I_1000_1249_1EFT_OthPT,I_1000_1249_1EFT_OthAW,I_1000_1249_1EFT_OthNW,I_1000_1249_1EPT_OthAW,I_1000_1249_1EPT_OthNW,I_1000_1249_1AW_OthNW,I_1000_1249_BNW,I_1000_1249_LFsta_NS,I_1000_1249_Tot,I_1250_1499_BE_WFT,I_1250_1499_BE_WPT,I_1250_1499_BE_BAW,I_1250_1499_1EFT_OthPT,I_1250_1499_1EFT_OthAW,I_1250_1499_1EFT_OthNW,I_1250_1499_1EPT_OthAW,I_1250_1499_1EPT_OthNW,I_1250_1499_1AW_OthNW,I_1250_1499_BNW,I_1250_1499_LFsta_NS,I_1250_1499_Tot,I_1500_1749_BE_WFT,I_1500_1749_BE_WPT,I_1500_1749_BE_BAW,I_1500_1749_1EFT_OthPT,I_1500_1749_1EFT_OthAW,I_1500_1749_1EFT_OthNW,I_1500_1749_1EPT_OthAW,I_1500_1749_1EPT_OthNW,I_1500_1749_1AW_OthNW,I_1500_1749_BNW,I_1500_1749_LFsta_NS,I_1500_1749_Tot,I_1750_1999_BE_WFT,I_1750_1999_BE_WPT,I_1750_1999_BE_BAW,I_1750_1999_1EFT_OthPT,I_1750_1999_1EFT_OthAW,I_1750_1999_1EFT_OthNW,I_1750_1999_1EPT_OthAW,I_1750_1999_1EPT_OthNW,I_1750_1999_1AW_OthNW,I_1750_1999_BNW,I_1750_1999_LFsta_NS,I_1750_1999_Tot,I_2000_2499_BE_WFT,I_2000_2499_BE_WPT,I_2000_2499_BE_BAW,I_2000_2499_1EFT_OthPT,I_2000_2499_1EFT_OthAW,I_2000_2499_1EFT_OthNW,I_2000_2499_1EPT_OthAW,I_2000_2499_1EPT_OthNW,I_2000_2499_1AW_OthNW,I_2000_2499_BNW,I_2000_2499_LFsta_NS,I_2000_2499_Tot,I_2500_2999_BE_WFT,I_2500_2999_BE_WPT,I_2500_2999_BE_BAW,I_2500_2999_1EFT_OthPT,I_2500_2999_1EFT_OthAW,I_2500_2999_1EFT_OthNW,I_2500_2999_1EPT_OthAW,I_2500_2999_1EPT_OthNW,I_2500_2999_1AW_OthNW,I_2500_2999_BNW,I_2500_2999_LFsta_NS,I_2500_2999_Tot,I_3000_3499_BE_WFT,I_3000_3499_BE_WPT,I_3000_3499_BE_BAW,I_3000_3499_1EFT_OthPT,I_3000_3499_1EFT_OthAW,I_3000_3499_1EFT_OthNW,I_3000_3499_1EPT_OthAW,I_3000_3499_1EPT_OthNW,I_3000_3499_1AW_OthNW,I_3000_3499_BNW,I_3000_3499_LFsta_NS,I_3000_3499_Tot,I_3500_3999_BE_WFT,I_3500_3999_BE_WPT,I_3500_3999_BE_BAW,I_3500_3999_1EFT_OthPT,I_3500_3999_1EFT_OthAW,I_3500_3999_1EFT_OthNW,I_3500_3999_1EPT_OthAW,I_3500_3999_1EPT_OthNW,I_3500_3999_1AW_OthNW,I_3500_3999_BNW,I_3500_3999_LFsta_NS,I_3500_3999_Tot,I_4000more_BE_WFT,I_4000more_BE_WPT,I_4000more_BE_BAW,I_4000more_1EFT_OthPT,I_4000more_1EFT_OthAW,I_4000more_1EFT_OthNW,I_4000more_1EPT_OthAW,I_4000more_1EPT_OthNW
LGA20110,0,0,0,0,0,0,0,0,0,0,0,7,3,0,0,0,0,0,0,0,0,0,0,3,0,0,0,0,0,0,0,0,0,0,0,0,0,0,0,0,0,0,0,0,0,3,0,3,3,0,0,0,0,0,0,0,0,3,0,8,0,0,0,5,0,4,0,4,0,8,0,21,3,0,0,9,3,8,0,4,0,10,0,39,4,6,0,7,4,18,0,7,0,6,0,58,9,7,0,28,3,21,0,8,0,8,0,79,14,16,0,62,3,28,0,4,3,5,0,138,18,13,0,46,0,19,0,7,0,6,0,102,26,9,3,32,3,13,0,0,3,3,0,83,26,16,3,75,4,16,4,3,3,3,0,158,31,5,0,53,3,9,0,0,0,3,0,114,26,0,0,25,3,0,3,0,0,0,0,56,19,0,0,9,4,5,0,0,0,3,0,40,21,3,0,15,3,0,3,0
LGA20260,3,0,0,0,0,0,0,0,0,0,0,4,3,0,0,0,0,0,0,0,0,0,0,3,0,0,0,0,0,0,0,3,0,0,0,7,0,0,0,0,0,0,0,0,0,0,0,0,0,0,0,0,0,0,0,3,0,5,0,10,0,0,0,3,0,0,0,7,0,5,0,15,0,5,0,3,0,7,0,9,0,11,0,37,8,6,3,6,0,18,0,7,3,10,0,59,6,8,0,32,0,21,3,8,0,4,0,87,22,9,0,35,3,14,8,8,0,8,0,104,9,7,0,29,6,10,3,3,3,7,0,81,23,4,0,42,3,9,0,5,3,3,0,79,34,4,0,60,4,10,3,3,0,3,0,131,18,0,0,31,8,3,0,0,0,0,0,70,18,0,0,19,0,0,0,0,0,0,0,43,17,0,0,7,0,3,0,0,0,0,0,38,12,0,0,17,0,3,0,0
LGA20570,0,0,0,3,0,0,0,0,0,17,0,32,0,3,0,0,0,0,0,0,0,7,0,19,0,4,0,4,0,0,0,6,3,11,0,31,0,0,0,0,0,0,0,4,0,12,0,17,0,3,0,6,0,5,0,17,0,32,0,62,0,9,0,10,0,20,0,33,0,42,0,115,7,13,0,17,0,58,3,50,3,84,0,237,21,26,0,61,3,134,9,86,10,86,0,441,35,48,8,176,15,225,11,65,21,123,4,731,65,66,7,363,21,231,15,60,15,83,5,927,76,62,13,377,51,253,5,39,10,57,0,942,103,42,3,426,41,184,17,27,8,31,0,879,332,56,16,837,74,263,21,41,10,52,3,1707,334,40,7,548,60,105,7,8,3,9,0,1128,281,23,19,308,34,33,10,7,3,15,0,730,143,11,3,113,17,76,0,7,3,5,0,387,310,22,0,318,40,93,10,18
LGA20660,5,3,3,7,0,3,0,3,6,48,0,79,0,0,0,0,0,0,0,3,0,15,0,19,0,0,0,3,0,6,0,8,0,14,0,29,0,0,0,0,0,0,0,10,0,12,0,30,0,4,0,4,0,8,0,18,0,42,0,70,3,10,0,6,0,25,0,41,3,30,0,122,7,10,0,22,4,60,3,46,4,72,3,235,16,29,3,30,4,114,4,62,6,72,0,341,27,63,0,134,14,232,3,71,7,129,3,684,49,57,4,211,14,252,6,64,14,124,0,795,58,57,5,317,21,278,13,46,8,99,0,908,82,44,0,361,35,269,10,55,18,109,3,991,350,108,14,997,102,564,35,73,16,134,4,2409,435,70,15,999,111,235,27,48,4,57,5,2012,400,41,13,718,96,109,12,31,10,39,0,1473,327,27,14,329,46,274,6,31,7,22,0,1078,933,68,15,1193,125,338,22,47
LGA20740,6,0,0,3,0,0,0,0,0,3,0,9,0,0,0,0,0,0,0,0,0,0,0,0,0,0,0,3,0,0,0,6,0,4,0,15,0,0,0,0,0,0,0,3,0,0,0,5,0,0,0,3,0,3,0,3,0,14,0,39,3,9,0,4,0,5,0,12,3,14,0,53,4,8,0,5,0,6,0,11,3,31,0,78,14,14,0,30,3,39,3,29,4,32,0,170,18,34,3,73,5,52,4,48,9,41,0,290,30,29,3,108,8,67,4,27,3,30,0,315,22,18,5,124,5,67,7,16,7,24,0,296,45,10,3,123,8,33,3,12,3,12,0,253,85,22,7,160,18,43,8,7,4,12,0,360,57,9,3,99,10,20,0,0,0,6,0,213,31,3,0,59,10,5,3,0,0,3,0,112,30,0,0,17,5,17,0,0,3,0,0,84,35,4,0,51,3,10,0,4
LGA20830,5,0,0,3,0,0,0,0,0,9,3,20,0,0,0,5,0,4,0,0,0,3,0,12,0,0,0,0,0,0,0,8,0,3,0,20,3,0,0,0,0,4,0,0,0,3,0,10,0,0,0,0,0,4,0,9,0,23,0,37,3,10,0,4,0,5,0,7,0,8,0,43,7,3,3,6,0,13,3,20,3,34,0,100,11,14,0,32,3,83,0,33,8,39,0,225,25,31,8,96,7,130,9,37,11,53,0,402,36,40,5,165,18,141,3,31,11,42,0,490,34,23,3,197,18,145,3,27,0,17,0,464,67,22,3,207,21,101,9,16,4,26,0,482,143,33,12,368,45,146,19,27,6,18,4,815,157,19,6,273,29,53,8,13,5,8,0,575,116,8,4,123,14,27,0,8,3,7,0,312,68,0,3,60,7,38,3,0,3,3,0,180,132,16,5,148,13,47,4,3
LGA20910,4,0,0,7,0,0,0,0,0,28,0,50,3,0,0,3,0,4,0,3,0,8,0,19,0,0,0,0,0,4,0,7,0,7,0,16,0,0,0,0,0,3,0,5,0,8,0,16,0,0,0,0,0,0,0,7,0,17,0,34,0,0,0,4,0,3,3,18,0,21,0,57,8,12,0,7,3,14,0,17,3,37,4,93,6,12,0,13,0,28,3,21,0,30,0,124,15,35,0,50,3,73,4,31,5,45,0,265,30,26,0,72,4,90,0,28,4,49,0,307,39,25,4,111,8,85,0,42,0,47,3,364,56,20,0,160,3,113,0,23,3,43,0,423,165,67,0,417,33,331,9,64,5,66,0,1157,209,61,10,588,54,121,12,47,9,57,0,1168,253,32,12,476,51,79,10,40,3,27,0,983,267,22,7,268,33,672,8,39,12,42,0,1365,1576,115,21,2129,182,779,34,104
LGA21010,0,0,0,0,0,0,0,0,0,0,0,0,0,0,0,0,0,0,0,0,0,0,0,0,0,0,0,0,0,0,0,0,0,0,0,0,0,0,0,0,0,0,0,0,0,0,0,0,0,3,0,0,0,4,0,0,0,7,0,19,3,0,0,3,0,4,0,0,0,3,0,16,3,0,0,3,0,8,0,10,0,14,0,47,7,3,0,13,3,21,0,7,0,10,0,69,9,13,0,19,3,27,0,17,0,18,3,106,6,8,0,38,3,32,0,7,0,22,0,120,11,0,3,46,0,22,3,3,6,7,0,108,11,3,0,49,6,22,0,0,3,3,0,103,48,6,0,58,11,22,6,3,0,5,4,148,42,3,0,47,13,13,0,0,0,3,0,121,19,0,0,26,0,5,0,0,0,0,0,57,5,0,0,11,0,4,0,0,0,0,0,25,23,0,3,23,0,3,0,0
LGA21110,14,3,3,8,0,15,0,8,0,117,0,166,0,0,0,10,0,7,0,10,0,20,0,42,0,0,0,5,0,5,0,13,0,30,0,64,0,3,0,0,0,14,0,12,3,16,0,50,0,0,0,6,3,16,0,18,3,43,0,89,9,7,0,15,0,28,0,50,8,54,0,168,15,20,0,15,0,49,3,58,7,53,0,215,15,26,0,41,7,107,0,61,4,76,0,336,39,58,4,97,4,178,4,74,4,107,0,573,62,63,3,142,6,172,7,55,9,91,0,617,62,27,3,196,7,196,8,61,5,76,0,648,94,34,7,227,18,230,5,60,13,77,5,769,262,91,7,532,48,564,14,84,22,164,6,1786,373,81,9,723,69,244,14,76,10,81,0,1687,382,72,6,643,64,147,18,52,7,49,0,1445,447,34,9,399,50,710,8,56,13,56,0,1785,2625,224,43,3462,297,1283,61,184
LGA21180,3,0,0,9,0,15,0,12,6,209,3,258,4,4,3,0,0,9,0,11,5,76,0,109,0,8,0,0,0,18,0,45,3,130,4,211,0,0,0,3,0,11,0,55,4,70,0,146,9,15,0,3,0,37,0,101,13,278,4,462,5,21,3,25,0,128,0,183,21,233,3,621,7,56,6,42,7,275,5,192,28,340,11,969,26,77,12,122,14,599,16,267,40,363,11,1542,83,140,7,327,20,798,15,248,68,470,11,2183,199,122,15,478,43,733,36,215,42,397,16,2279,244,93,16,493,47,624,20,146,23,273,6,1999,332,70,15,541,65,449,11,115,24,251,7,1882,916,121,27,966,111,728,34,135,42,324,8,3406,791,86,27,747,94,313,14,58,30,149,4,2313,512,36,8,412,60,156,11,39,5,91,0,1335,343,19,12,191,44,171,4,17,11,33,4,844,509,25,7,401,51,184,13,22
LGA21270,5,0,0,3,0,3,0,0,0,0,0,8,0,0,0,0,0,0,0,0,0,0,0,0,0,0,0,3,0,0,0,0,0,3,0,5,0,0,0,0,0,0,0,0,0,0,0,0,4,0,0,0,0,0,0,3,0,6,0,15,0,0,0,0,0,0,0,0,0,3,0,10,3,3,0,3,0,3,4,5,0,4,0,27,3,3,0,11,0,8,0,0,0,11,0,38,9,7,0,17,0,14,0,4,0,8,0,55,3,3,0,26,0,16,0,6,4,0,0,56,3,5,0,28,3,12,0,0,0,0,0,54,5,4,0,14,0,4,0,0,0,0,0,33,12,3,0,41,3,9,0,0,0,0,0,72,11,0,0,20,8,4,3,4,0,3,0,47,6,0,0,7,0,0,0,0,0,0,0,14,8,0,0,0,0,0,0,0,0,0,0,8,4,0,0,10,0,3,0,0
LGA21370,3,0,0,0,0,0,0,0,0,3,0,15,6,0,0,0,0,0,0,0,0,4,0,11,0,0,0,0,0,4,0,0,0,3,0,16,0,0,0,0,0,0,0,0,0,0,0,5,3,4,0,3,0,4,0,5,0,10,0,28,0,3,0,10,0,9,0,7,3,12,0,46,12,3,0,13,0,16,0,19,3,26,0,96,10,14,0,26,7,51,0,30,6,29,0,180,27,19,3,81,5,94,0,25,7,33,0,301,47,23,8,132,25,92,7,27,4,32,3,401,44,12,4,136,11,59,8,9,3,20,4,305,65,6,3,162,16,57,10,9,0,12,0,350,150,26,9,260,18,68,17,8,4,11,0,570,121,7,7,141,19,21,9,3,7,3,0,336,94,6,3,77,8,10,3,3,0,0,0,208,34,4,3,22,5,14,3,0,0,0,0,86,63,4,0,68,9,13,3,3
LGA21450,5,0,0,9,0,5,0,0,5,35,0,57,0,0,0,0,0,0,0,3,0,5,0,14,0,0,0,0,0,3,0,5,3,18,0,37,0,0,0,0,0,4,0,0,0,14,0,19,0,12,0,3,0,9,0,23,0,36,0,76,0,7,0,7,0,23,0,36,3,32,0,108,11,12,0,15,0,67,4,50,5,53,0,226,14,28,3,66,10,175,7,65,8,82,3,470,25,38,7,198,23,378,11,88,18,87,4,889,80,62,12,363,48,415,11,84,16,69,4,1168,109,49,10,461,43,330,14,42,13,43,4,1112,178,54,10,530,40,325,14,37,10,37,3,1229,503,68,13,941,103,379,16,40,25,52,5,2147,451,39,18,706,82,134,15,19,11,22,3,1497,323,15,3,318,47,59,8,5,0,10,4,799,209,12,7,129,14,96,3,3,7,5,0,491,354,18,6,303,21,109,17,5
LGA21610,12,3,4,15,0,23,0,14,3,201,0,278,0,4,0,9,0,9,0,10,0,39,0,79,0,3,0,8,0,25,0,49,3,98,0,190,0,0,0,3,0,21,0,43,0,44,0,114,7,9,0,16,0,49,3,98,8,235,3,428,13,30,0,35,3,143,4,199,24,218,6,669,34,71,7,57,8,408,5,236,49,305,6,1191,38,107,15,208,14,875,17,347,37,356,17,2039,122,223,20,603,51,1460,34,363,82,471,13,3451,341,205,17,1159,96,1396,41,303,64,325,11,3967,494,171,31,1326,102,1247,40,190,44,275,12,3934,698,130,36,1403,121,995,31,137,31,222,8,3820,2154,266,61,2601,318,1484,63,203,53,288,18,7496,1730,142,27,1866,225,529,48,89,29,118,11,4797,1108,42,16,937,120,261,25,40,11,58,6,2612,716,28,22,368,63,333,18,31,16,27,4,1617,1125,39,25,897,101,346,15,29
LGA21670,0,0,0,0,0,0,0,0,0,0,0,3,0,0,0,0,0,0,0,0,0,0,0,0,0,0,0,0,0,0,0,3,0,0,0,9,0,0,0,0,0,0,0,0,0,0,0,0,0,0,0,0,0,0,0,3,0,6,0,10,4,3,0,3,0,4,0,6,0,12,0,30,0,3,0,0,0,9,0,7,3,23,0,47,10,10,0,12,0,15,0,10,3,23,0,82,3,7,0,27,0,41,4,20,7,27,0,132,11,8,0,40,3,32,6,7,3,13,0,132,16,3,3,43,3,22,0,4,0,13,0,100,13,0,0,36,0,8,0,3,0,6,0,71,31,8,3,64,4,13,0,3,0,11,0,141,30,0,0,26,6,7,0,0,0,0,0,71,13,0,0,15,0,0,0,0,0,0,0,35,3,0,0,0,0,0,0,0,0,0,0,8,9,0,0,11,0,0,0,0
LGA21750,3,0,0,0,0,0,0,0,0,3,0,11,0,0,0,0,0,0,0,0,0,0,0,3,0,0,0,0,0,0,0,0,0,4,0,5,0,0,0,0,0,0,0,0,0,0,0,0,0,3,0,3,0,0,0,0,0,3,0,17,3,0,0,3,0,4,0,13,0,9,0,31,6,3,0,5,0,18,0,3,3,13,4,59,6,11,0,17,3,31,0,16,3,11,0,92,16,17,3,45,4,48,0,21,4,17,0,175,27,12,3,99,9,47,3,5,3,8,4,228,20,4,3,111,8,32,7,8,3,4,0,197,30,11,0,111,8,30,3,6,3,3,0,208,101,9,5,148,18,33,5,9,3,15,0,333,44,5,5,105,8,10,0,3,0,11,0,194,38,4,0,32,4,8,0,0,0,0,3,100,18,0,0,17,0,12,0,0,0,0,0,42,31,0,0,26,3,8,0,0
LGA21830,5,0,0,3,0,4,0,0,0,7,0,17,5,0,0,0,0,0,0,0,0,6,0,9,4,0,0,0,0,0,0,0,0,0,0,9,0,0,0,0,0,0,0,0,0,3,0,6,10,0,0,3,0,0,0,0,0,10,0,28,4,0,0,7,0,4,0,0,0,3,0,26,12,0,3,9,0,7,0,5,3,15,0,45,8,6,0,16,0,23,3,8,0,12,0,88,30,9,0,50,4,46,0,10,3,18,0,174,26,10,0,63,9,20,0,10,3,6,0,143,26,7,0,48,5,21,3,5,4,8,3,118,26,3,3,76,3,19,0,4,3,3,0,145,61,6,3,109,5,17,3,3,0,3,0,223,59,0,3,59,4,16,0,0,0,3,0,154,27,4,0,28,9,7,0,0,0,0,0,71,15,0,0,15,3,6,0,0,0,0,0,38,38,0,0,39,3,10,0,0
LGA21890,3,0,0,5,0,3,0,3,0,73,3,92,0,0,0,0,0,3,0,4,4,20,0,37,0,0,0,3,0,8,0,18,4,40,0,70,0,0,0,0,0,5,0,13,3,14,0,39,3,7,0,3,0,10,0,41,0,84,3,151,4,7,0,16,0,55,0,68,12,91,0,259,6,35,3,21,0,91,3,82,10,135,3,400,21,52,3,59,3,198,6,124,22,168,9,651,39,78,7,141,5,349,14,119,20,208,3,982,80,91,9,289,26,301,21,71,15,218,8,1125,80,73,7,301,18,281,13,84,14,173,4,1044,129,64,11,349,27,234,19,39,10,135,5,1019,337,139,12,817,72,479,23,76,23,158,5,2154,388,89,11,801,89,166,26,40,6,73,5,1698,324,37,8,585,80,91,9,19,7,52,0,1225,265,21,12,264,68,228,4,21,9,25,0,920,755,59,21,1023,125,258,22,31
LGA22110,4,0,0,0,0,0,0,0,0,6,0,12,0,0,0,0,0,0,0,0,0,3,0,12,0,5,0,3,0,0,0,3,0,8,0,15,0,0,0,0,0,0,0,4,0,5,0,7,0,0,0,4,0,3,0,4,0,20,0,36,0,6,0,0,0,7,0,14,0,14,0,55,16,11,3,7,3,34,3,21,0,42,0,141,4,24,6,42,0,54,4,49,0,49,0,237,20,35,4,108,8,112,6,39,5,49,3,401,41,32,3,169,12,82,11,35,9,38,3,436,41,25,3,177,19,71,13,16,4,32,0,394,49,16,5,148,8,52,5,6,0,13,0,308,108,19,5,230,41,73,10,18,6,24,0,525,89,14,8,128,25,13,11,7,3,6,0,302,61,8,3,49,11,4,0,0,0,5,0,137,43,0,0,29,6,8,0,0,0,0,0,90,43,3,3,53,3,15,8,8
LGA22170,3,0,0,8,0,9,0,0,0,37,0,60,3,0,0,0,0,3,0,5,0,12,0,26,0,0,0,5,0,4,3,12,0,22,0,40,0,3,0,0,0,4,0,4,0,12,0,21,0,3,0,3,0,8,0,16,0,48,0,79,5,6,0,7,0,33,0,43,3,52,0,152,9,15,0,28,3,74,0,56,0,96,0,294,13,36,3,79,14,206,3,80,17,116,4,564,32,66,3,195,17,398,8,107,27,140,9,1002,72,80,8,419,48,428,13,68,19,109,5,1267,99,64,12,524,48,384,18,54,20,91,7,1320,182,56,21,560,54,348,16,49,10,68,3,1354,583,75,22,1158,127,496,29,71,17,86,9,2680,524,48,12,918,90,203,24,45,11,40,0,1930,413,29,14,448,57,92,20,19,0,26,0,1112,278,10,8,190,26,122,8,0,7,14,0,669,446,22,9,412,44,144,9,17
LGA22250,4,0,0,5,0,0,0,0,0,0,0,9,0,0,0,0,0,3,0,0,0,4,0,8,0,0,0,0,0,0,0,0,0,0,0,8,0,0,0,0,0,0,0,0,0,0,0,0,0,0,0,3,0,3,0,0,0,6,0,14,3,0,0,3,0,5,0,0,0,3,0,19,0,3,0,9,0,5,0,12,0,4,0,35,12,3,0,19,3,23,0,7,0,11,0,69,10,0,0,32,0,31,0,8,3,6,0,96,17,3,0,45,0,17,0,5,0,12,0,102,11,9,0,37,3,14,0,0,0,3,0,79,26,3,0,39,4,12,0,8,0,7,0,93,33,7,3,50,10,19,0,7,0,3,0,134,19,0,6,38,3,3,4,0,0,0,0,78,17,0,0,14,0,3,3,0,0,0,0,36,8,0,0,5,0,0,0,0,0,0,0,16,12,0,0,17,0,9,0,0
LGA22310,3,0,0,3,0,3,0,6,4,61,3,91,0,0,0,0,0,3,0,9,0,19,0,34,0,8,0,3,0,5,0,9,0,25,0,42,0,0,0,0,0,4,0,6,3,14,0,22,3,6,0,3,0,13,0,28,0,25,0,79,7,12,0,9,0,26,3,47,0,41,0,150,15,26,0,31,0,68,0,52,4,70,0,259,21,35,0,57,3,120,3,72,6,57,3,387,38,78,8,154,6,218,9,86,15,89,0,699,43,66,4,206,10,202,8,70,14,96,3,731,73,56,11,247,14,272,16,58,8,64,5,829,110,58,7,294,26,297,12,58,11,78,0,960,360,91,13,728,67,589,29,84,7,116,7,2084,449,70,14,920,78,191,15,52,8,59,3,1863,483,59,9,771,110,125,14,35,3,36,0,1650,423,35,7,349,59,476,4,26,7,28,0,1411,1576,79,32,1963,206,574,30,84
LGA22410,3,0,0,0,0,0,0,0,0,8,0,12,0,0,0,0,0,0,0,0,0,0,0,3,0,0,0,0,0,0,0,3,0,3,0,3,0,0,0,0,0,0,0,0,0,0,0,0,0,0,0,3,0,3,0,3,0,13,0,21,0,0,0,0,0,0,0,6,3,7,0,27,5,3,0,4,0,9,0,14,0,17,0,50,11,9,0,18,0,16,4,14,3,19,3,100,9,8,0,48,0,49,3,19,7,21,0,159,17,15,0,62,5,37,0,11,5,14,0,154,15,15,3,67,8,37,3,7,0,4,0,159,24,6,4,51,5,30,0,3,5,9,0,145,56,7,4,119,10,58,3,7,3,6,0,276,64,4,8,88,15,16,7,6,0,4,0,211,32,3,0,42,8,8,0,0,0,0,0,91,28,0,0,10,3,9,3,0,0,3,0,54,28,7,0,37,0,5,0,5
LGA22490,3,0,0,0,0,0,0,0,0,3,0,6,0,0,0,0,0,0,0,0,0,3,0,3,0,0,0,0,0,0,0,0,0,0,0,9,0,0,0,0,0,0,0,3,0,3,0,4,0,3,0,3,0,3,0,3,3,11,0,19,3,0,0,0,0,4,0,9,4,5,0,27,4,5,0,3,3,16,0,10,0,20,0,68,4,6,0,20,0,30,0,9,0,16,3,93,5,17,3,51,4,62,3,21,9,24,5,210,15,12,0,116,15,79,3,9,7,20,3,276,26,13,3,111,3,70,0,16,8,15,4,272,40,13,0,133,14,66,6,10,3,4,0,288,102,14,9,220,22,83,9,13,5,12,3,497,92,6,0,184,29,28,4,3,0,3,0,356,68,0,7,75,6,16,5,4,0,0,0,182,44,3,0,37,4,13,0,0,0,0,0,107,72,5,5,63,7,13,0,3
LGA22620,7,0,0,0,0,0,0,0,0,16,0,31,0,0,0,0,0,0,0,0,0,9,0,10,0,0,0,0,0,4,0,7,0,5,0,18,0,0,0,0,0,0,0,5,0,6,0,13,3,7,0,6,0,7,0,16,0,72,3,108,3,10,0,9,0,16,3,27,0,41,0,106,8,15,0,21,0,62,0,54,7,96,4,260,12,39,0,76,5,157,7,85,11,119,4,523,35,54,3,194,17,288,20,99,23,132,3,854,75,86,10,402,26,312,17,79,5,85,3,1102,108,56,10,441,20,263,21,51,20,61,0,1062,137,47,7,442,51,223,11,40,3,49,4,1019,403,83,24,827,115,270,30,39,9,51,3,1854,392,46,9,617,83,93,23,23,3,19,0,1312,242,18,3,345,42,45,14,3,4,11,0,733,195,7,3,127,25,73,7,7,4,4,0,449,268,25,9,250,26,69,13,10
LGA22670,6,0,0,3,0,13,0,12,7,267,0,309,0,0,0,3,0,6,0,12,3,52,0,80,0,3,0,5,0,12,0,43,11,91,3,168,0,0,0,0,0,5,0,44,3,65,0,127,0,14,0,10,0,36,0,105,4,294,3,463,4,30,3,14,0,142,0,148,23,224,4,582,17,55,0,43,3,325,3,205,27,320,15,1010,34,87,3,109,10,554,9,216,42,323,7,1384,89,122,9,266,23,778,20,200,34,388,12,1943,241,98,11,373,41,638,20,138,31,310,5,1903,258,72,10,381,27,471,6,107,14,217,7,1584,350,45,13,356,27,333,8,67,19,194,4,1423,806,78,15,587,70,497,22,75,22,244,10,2422,573,40,18,400,62,217,10,52,13,116,3,1511,312,17,8,162,30,96,9,12,10,59,0,724,205,12,5,89,21,106,9,14,5,22,0,483,308,15,8,155,19,80,3,15
LGA22750,10,0,0,14,4,7,0,3,0,41,0,81,3,0,7,0,0,0,0,5,3,27,0,51,4,3,0,11,0,5,3,16,5,28,0,77,0,3,0,3,0,6,0,17,0,12,0,41,3,10,0,8,0,20,3,37,6,94,0,186,3,15,0,17,0,51,3,82,4,102,3,276,22,40,5,37,0,135,7,102,12,195,4,558,19,50,0,123,12,263,10,161,17,220,4,879,59,101,10,306,37,513,20,202,39,267,9,1550,104,151,14,627,58,587,31,150,30,210,5,1969,157,118,10,831,78,568,30,111,31,131,3,2084,249,113,16,938,86,518,22,69,20,117,10,2169,751,162,45,1911,173,830,52,108,34,161,8,4233,719,102,34,1441,198,262,36,61,22,66,7,2939,588,44,36,856,121,120,17,31,9,39,3,1861,406,20,10,345,54,210,11,17,17,19,0,1111,739,56,23,970,95,287,31,34
LGA22830,4,0,0,8,0,3,0,0,0,30,0,50,0,0,0,0,0,0,0,0,0,5,0,12,0,3,0,3,0,3,0,4,0,25,0,36,0,0,0,0,0,3,0,10,0,7,0,21,9,0,0,3,0,10,0,18,3,68,0,118,5,5,0,3,0,28,0,22,4,58,0,131,13,14,0,15,0,33,3,27,10,81,3,199,18,16,0,46,6,90,0,41,16,96,0,331,22,37,7,125,7,180,4,54,22,74,3,538,67,28,4,210,17,149,6,40,14,55,5,592,68,32,5,232,23,145,11,30,14,36,0,596,112,29,3,249,25,92,6,23,5,36,3,571,295,39,17,433,62,136,16,28,14,33,3,1067,231,19,5,311,37,47,12,9,0,9,3,692,164,6,5,161,18,16,3,7,0,3,0,382,98,0,0,60,8,36,0,0,0,3,0,215,161,11,6,134,6,39,6,10
LGA22910,0,0,0,0,0,0,0,0,0,6,0,9,0,0,0,0,0,0,0,0,0,0,0,0,0,0,0,0,0,0,0,0,0,3,0,4,0,0,0,0,0,0,0,0,0,0,0,4,4,0,0,0,0,0,0,4,0,3,0,15,3,0,0,0,0,3,0,4,0,10,0,26,0,3,0,5,0,5,0,9,0,6,0,42,8,10,0,15,0,13,0,18,5,22,0,96,8,22,0,31,4,43,0,21,0,14,0,151,13,15,0,50,3,30,0,11,0,20,0,157,9,11,0,57,5,28,4,4,3,14,0,132,14,3,0,50,5,21,0,0,0,7,0,116,41,16,0,78,10,30,4,3,0,6,0,185,29,4,3,54,8,12,0,5,0,3,0,118,13,4,0,22,3,3,0,0,0,0,0,46,14,3,0,7,0,14,0,3,0,0,0,41,14,4,0,27,0,10,3,4
LGA22980,0,0,0,0,0,0,0,0,0,3,0,6,0,0,0,0,0,0,0,0,0,0,0,4,0,0,0,0,0,0,0,0,0,0,0,8,0,0,0,0,0,0,0,0,0,0,0,0,0,0,0,0,0,0,0,0,0,3,0,3,0,0,0,0,0,3,0,0,0,3,0,12,3,0,3,0,0,12,0,8,0,6,0,27,3,0,0,4,0,13,0,7,0,8,0,37,5,0,0,14,0,19,0,5,0,4,0,46,6,0,0,17,8,7,0,0,0,3,0,51,4,3,0,22,0,7,0,0,0,8,0,51,4,3,0,27,3,12,0,0,0,0,0,49,21,4,0,26,3,18,3,0,0,3,0,80,17,0,0,18,4,0,0,0,0,0,0,40,8,3,0,10,0,0,3,0,0,0,0,23,8,0,0,0,0,0,0,0,0,0,0,7,10,0,0,5,0,0,0,0
LGA23110,0,0,0,3,0,6,3,5,0,39,0,61,4,0,0,0,0,0,0,0,0,15,0,18,0,0,0,0,0,3,0,13,3,32,0,57,0,4,0,0,0,0,0,12,0,13,0,29,3,4,0,10,0,5,0,20,3,74,0,117,4,14,3,0,0,26,0,46,5,45,0,136,3,15,0,15,0,50,0,46,3,79,3,222,6,26,0,34,0,127,3,66,13,89,3,369,14,30,3,70,5,204,8,71,6,120,3,541,55,43,5,168,11,217,8,55,7,122,3,698,54,36,3,204,15,265,15,55,8,83,0,739,82,35,6,227,17,211,12,25,12,74,4,702,279,36,9,531,61,384,16,49,17,99,6,1487,302,37,11,539,69,133,10,27,15,40,0,1192,333,34,8,434,66,80,10,15,6,26,0,997,229,20,8,205,45,196,8,14,9,22,3,755,689,34,21,675,96,231,19,21
LGA23190,3,0,0,3,0,3,0,0,0,0,0,9,0,0,0,0,0,0,0,0,0,0,0,6,0,0,0,4,0,0,0,0,0,0,0,3,0,0,0,0,0,0,0,0,0,0,0,4,0,0,0,3,0,0,0,3,0,3,0,12,0,3,0,0,0,8,0,3,0,6,3,28,4,9,0,6,0,16,3,7,0,14,0,50,3,5,0,21,3,37,0,10,0,21,0,97,8,15,0,50,3,47,5,16,8,19,0,169,13,12,0,97,7,52,3,16,4,11,0,217,26,12,6,89,14,29,4,9,5,10,3,193,35,13,0,85,9,47,3,7,0,3,0,194,69,24,3,161,15,34,3,5,0,8,0,318,62,4,0,89,5,13,0,0,0,3,0,180,45,0,3,47,3,0,0,3,0,3,0,104,22,0,0,4,0,7,0,0,0,0,0,47,45,0,0,31,3,12,3,0
LGA23270,7,0,0,3,0,16,3,12,8,231,9,281,0,0,0,3,0,9,0,15,4,53,0,86,0,3,0,6,0,16,0,43,5,122,6,206,3,0,0,0,0,13,0,32,12,72,0,130,3,3,0,9,0,48,0,107,13,438,3,627,8,15,3,19,0,123,5,202,30,337,5,743,19,38,0,32,3,291,4,259,34,470,10,1163,34,64,9,122,14,607,9,314,57,481,15,1723,67,133,5,319,34,904,12,288,48,555,18,2398,185,123,15,584,50,797,28,201,44,393,9,2435,226,92,16,621,41,702,30,138,19,297,12,2187,353,70,15,653,71,572,31,129,20,253,5,2173,964,118,32,1351,178,829,40,138,31,349,13,4040,795,58,13,911,121,349,27,70,13,136,5,2499,602,29,13,528,84,148,7,45,14,73,0,1545,400,16,6,225,47,211,3,11,10,34,7,968,645,47,20,442,40,202,17,38
LGA23350,0,0,0,0,0,0,0,0,0,3,0,3,0,0,0,0,0,0,0,0,0,0,0,4,0,0,0,0,0,0,0,0,0,0,0,5,0,0,0,0,0,0,0,3,0,0,0,3,8,0,0,0,0,0,0,0,0,6,0,9,3,0,0,3,0,0,0,7,0,0,0,24,3,3,0,3,0,11,0,11,0,16,0,41,5,10,0,9,0,11,3,9,0,10,0,58,10,14,3,31,0,40,3,7,3,11,0,119,19,7,4,49,11,39,3,6,5,9,0,158,16,13,0,65,7,20,0,8,0,7,0,136,28,10,0,73,10,21,0,0,0,5,3,145,81,15,0,110,18,24,12,3,3,3,3,268,69,16,3,96,8,11,3,4,0,0,0,214,46,9,0,48,0,6,0,0,0,3,0,118,38,0,0,22,4,5,0,4,0,0,0,80,43,3,0,38,8,8,3,0
LGA23430,9,0,0,8,0,6,0,3,3,45,0,74,4,0,0,3,0,3,0,8,0,19,0,40,3,3,0,0,0,3,0,9,0,30,0,68,4,0,0,0,0,0,0,15,0,25,0,46,0,5,0,8,0,11,0,27,5,41,0,100,3,9,0,10,3,23,0,53,10,53,0,171,13,11,0,39,0,63,0,69,9,106,0,308,18,50,8,61,4,182,3,93,19,121,3,550,43,69,4,186,6,308,6,114,16,171,0,919,90,85,3,380,18,342,15,94,12,164,7,1208,98,53,11,427,29,310,17,64,16,127,0,1145,179,69,8,546,40,348,7,51,11,98,4,1369,579,120,19,1212,114,701,33,101,26,149,8,3064,668,68,28,1222,124,258,37,48,16,88,3,2564,595,47,23,825,90,133,17,32,7,40,0,1812,457,26,10,317,75,314,10,25,14,29,0,1280,1077,39,11,1029,99,322,16,37
LGA23670,4,0,0,11,0,6,0,4,3,57,0,87,0,0,0,7,0,4,0,8,0,9,0,24,3,0,0,0,0,6,0,9,0,20,0,50,0,0,0,0,0,3,0,15,0,8,0,32,0,6,0,8,0,19,0,34,3,65,0,141,4,18,0,10,0,48,0,73,6,53,0,215,16,31,0,37,0,99,3,94,7,113,3,403,12,57,3,87,5,229,6,125,13,114,4,659,39,88,5,238,12,444,9,149,21,205,4,1214,107,95,8,442,37,506,12,117,21,169,7,1521,144,74,4,522,42,499,19,98,17,141,0,1553,228,81,15,634,61,450,18,86,16,118,4,1701,787,102,24,1464,148,767,30,123,22,166,7,3631,786,76,15,1227,152,279,27,62,20,71,0,2720,603,63,14,706,87,145,13,31,7,48,4,1719,483,18,10,314,60,227,17,15,6,17,3,1170,868,38,13,795,93,300,15,25
LGA23810,3,0,0,0,0,0,0,0,0,22,0,31,0,0,0,0,0,0,0,0,0,3,0,13,0,0,0,3,0,0,0,6,0,14,0,26,0,0,0,0,0,0,0,3,0,7,0,13,3,5,0,0,0,0,0,19,3,51,0,84,0,6,0,0,0,14,0,16,3,42,0,77,3,9,0,15,3,35,3,38,8,99,3,213,5,17,4,36,8,82,0,57,14,100,0,330,19,26,3,101,9,155,10,71,11,97,4,505,43,42,3,208,19,165,10,38,8,57,3,591,44,24,0,214,21,130,12,33,12,61,3,550,76,19,0,255,23,144,8,36,5,22,0,591,200,39,13,483,52,194,11,30,7,46,0,1082,175,18,6,400,35,80,10,16,3,14,0,764,127,11,9,217,30,39,12,6,0,5,0,458,86,4,3,97,14,63,3,10,0,11,0,298,171,20,13,245,26,86,16,3
LGA23940,3,0,3,0,0,0,0,0,0,3,0,7,0,0,0,3,0,0,0,0,0,3,0,3,0,0,0,0,0,0,0,0,0,0,0,4,0,0,0,0,0,3,0,0,0,0,0,0,0,0,0,0,0,0,0,0,0,9,0,12,0,0,0,5,0,3,0,0,0,3,0,17,4,3,0,5,0,3,0,5,0,15,0,35,4,0,0,18,0,14,0,3,0,11,0,49,12,4,0,21,4,14,0,8,0,5,0,62,11,0,0,23,0,14,0,5,0,12,0,69,7,3,0,28,4,12,0,0,0,6,0,64,10,7,0,25,3,6,0,0,0,7,0,55,23,4,0,27,0,7,0,3,3,0,0,69,13,0,0,18,0,5,0,0,0,0,0,36,6,0,0,6,3,0,0,0,0,0,0,20,4,0,0,3,0,3,0,0,0,0,0,11,10,0,0,4,8,0,0,0
LGA24130,0,3,0,0,0,3,0,0,3,6,0,16,0,0,0,0,0,3,0,0,0,3,0,7,0,0,0,3,0,0,0,0,0,3,0,9,0,0,0,0,0,0,0,3,0,0,0,5,5,0,0,3,0,0,0,4,3,8,0,29,3,3,0,6,3,11,0,13,3,12,0,49,3,9,3,12,0,16,0,23,3,25,0,92,8,11,3,20,3,36,0,17,0,24,0,123,14,27,0,67,11,73,5,40,4,28,4,270,29,33,5,95,10,106,3,25,10,35,0,342,44,28,0,176,13,112,7,23,3,22,0,432,54,23,3,182,18,112,9,18,3,20,4,443,142,37,5,416,37,219,17,21,7,27,3,940,179,36,0,382,40,64,12,21,5,11,0,752,172,14,0,215,27,41,7,6,0,9,0,495,137,8,6,106,11,127,3,7,9,5,0,425,256,32,10,327,38,95,13,11
LGA24210,4,0,0,5,0,7,0,5,9,98,0,137,3,0,0,3,0,7,0,11,0,33,0,56,0,4,0,0,0,9,0,21,3,33,0,73,0,0,0,0,0,15,0,18,0,31,0,60,3,3,0,13,0,19,0,29,0,49,0,111,0,14,0,11,0,38,0,45,9,57,0,179,15,36,0,27,0,72,3,69,13,106,0,336,9,48,0,64,3,179,3,83,13,121,4,525,37,48,7,170,10,220,5,98,17,149,0,765,77,82,9,224,16,250,7,64,10,158,3,898,70,64,4,266,16,284,8,80,10,124,6,934,109,63,3,321,24,283,10,47,7,92,3,968,338,81,12,669,57,577,15,109,18,175,3,2045,367,87,16,755,55,212,18,57,15,95,4,1684,429,52,9,528,62,122,16,30,3,67,0,1312,326,28,0,283,33,340,9,35,12,53,6,1128,1026,99,28,1156,91,514,22,77
LGA24250,0,0,0,0,0,0,0,0,0,0,0,0,0,0,0,0,0,0,0,0,0,0,0,0,0,0,0,0,0,0,0,0,0,0,0,0,0,0,0,0,0,0,0,0,0,0,0,0,0,0,0,0,0,0,0,0,0,3,0,4,0,3,0,0,0,0,0,0,0,0,0,9,0,3,0,0,0,3,0,3,0,3,0,13,0,5,0,10,0,13,0,4,0,9,0,44,11,4,0,16,4,20,0,5,0,3,0,60,3,5,0,23,3,20,0,8,0,5,0,71,9,4,0,32,3,19,0,4,0,4,0,71,15,7,0,38,0,8,0,4,0,0,0,77,18,0,3,61,0,11,7,4,0,4,0,110,23,8,0,36,3,8,3,0,0,0,0,81,19,0,0,12,0,3,0,0,0,0,0,39,10,0,0,7,0,4,0,0,0,0,0,16,14,0,0,20,0,4,0,0
LGA24330,3,0,0,0,0,7,0,3,0,56,0,66,0,0,0,0,0,3,0,6,0,15,0,18,3,3,0,0,0,3,0,14,0,22,0,43,0,0,0,0,0,3,0,19,0,22,0,51,0,0,0,3,0,6,0,13,4,67,0,100,0,7,0,5,0,24,0,50,7,41,0,138,3,16,0,15,0,80,0,67,10,70,0,263,9,30,0,36,0,132,3,73,10,68,3,364,17,38,0,82,4,194,4,61,14,87,4,516,49,41,3,120,14,171,8,48,5,88,3,542,48,27,4,142,10,159,7,37,6,69,0,504,82,28,5,168,15,144,0,24,3,40,0,523,251,69,3,363,47,272,16,41,17,69,4,1140,253,39,10,429,70,115,15,26,4,36,0,991,217,27,11,337,61,66,3,14,0,22,3,758,174,4,3,145,55,148,6,11,4,9,0,561,496,29,11,430,98,145,16,16
LGA24410,5,3,0,3,0,5,0,3,0,33,0,57,3,0,0,3,0,3,0,3,0,12,0,21,0,5,0,0,0,4,0,9,0,20,0,38,0,0,0,0,0,3,0,10,0,11,0,20,0,4,0,6,0,11,0,17,0,61,0,96,4,12,0,4,0,29,0,37,0,47,0,125,6,11,0,9,3,97,0,58,5,66,0,270,4,27,0,46,3,161,4,72,9,80,3,403,29,57,4,165,14,267,3,76,11,121,3,751,55,71,7,292,28,286,13,54,9,92,3,914,69,43,7,393,26,259,11,58,11,77,0,956,109,52,7,494,34,286,8,46,15,72,3,1125,411,87,10,1031,117,510,30,64,11,93,3,2369,442,50,16,1027,115,194,27,46,10,48,0,1968,390,29,12,575,87,90,15,24,9,22,0,1251,309,17,7,234,47,174,9,13,7,12,3,829,607,24,10,667,83,213,18,18
LGA24600,5,3,0,0,0,3,0,0,0,50,0,60,3,0,0,3,0,0,0,3,0,12,0,22,4,0,0,0,0,4,0,3,3,12,0,29,0,0,0,0,0,3,0,9,0,10,0,21,0,3,3,3,0,6,0,16,3,39,0,63,3,0,0,3,0,20,0,30,0,29,0,84,0,8,0,8,0,23,0,30,0,35,0,110,6,9,0,13,0,50,0,30,4,47,3,168,17,12,0,29,0,87,3,36,10,33,3,232,24,18,3,43,5,100,3,10,7,59,3,273,27,19,0,40,0,194,6,12,8,30,0,338,25,5,3,43,9,142,4,11,3,18,0,266,112,20,8,153,25,299,8,31,8,37,0,705,127,12,3,179,34,61,8,12,3,19,0,449,152,18,5,135,36,37,4,4,0,12,0,409,101,3,10,84,35,158,0,12,3,10,0,422,510,37,22,397,76,187,10,25
LGA24650,4,3,5,3,0,11,0,3,3,96,0,125,3,0,0,0,0,4,0,5,0,39,0,47,0,5,0,3,0,4,0,15,3,42,0,71,0,0,0,0,0,7,0,8,3,19,0,40,0,4,0,3,0,24,0,30,3,95,3,172,0,11,3,19,0,65,3,79,12,85,0,266,10,22,4,18,6,123,3,92,14,144,3,437,7,41,0,88,15,316,12,133,25,162,8,814,39,70,7,250,20,606,11,162,25,194,9,1400,135,73,12,466,40,659,17,115,40,140,3,1712,173,71,11,566,54,559,20,81,35,106,8,1677,284,59,17,557,62,501,10,66,24,85,3,1668,877,92,30,1147,150,708,33,86,27,129,12,3301,811,47,24,831,122,245,29,33,11,62,5,2221,586,38,14,438,77,107,13,11,4,28,0,1311,382,13,3,165,32,163,3,15,10,9,3,801,540,24,11,347,53,147,10,17
LGA24780,3,0,0,3,0,0,0,3,0,21,0,27,0,0,0,3,0,3,0,4,0,9,0,18,0,0,0,3,0,0,0,8,0,20,0,29,0,0,0,0,0,0,0,4,0,4,0,9,4,4,0,0,0,3,0,8,0,43,0,61,4,0,0,6,0,21,3,26,4,22,0,84,11,9,0,16,0,30,0,21,6,69,0,156,5,26,3,38,0,97,0,47,7,67,0,294,23,37,7,126,9,138,8,32,9,72,4,458,59,18,5,201,18,127,3,42,4,30,3,510,58,25,6,196,19,99,9,23,9,32,0,479,90,19,5,212,22,84,8,13,8,21,6,478,235,26,16,354,34,80,10,22,6,28,3,805,207,17,8,199,29,33,10,10,0,10,0,517,127,5,3,97,13,11,3,3,3,3,0,270,74,3,0,44,7,16,0,0,0,0,0,153,100,0,5,94,11,27,4,0
LGA24850,0,0,0,0,0,0,0,0,0,10,0,16,0,0,0,0,0,4,0,3,0,0,0,6,0,0,0,3,0,0,0,0,0,3,0,13,0,0,0,0,0,3,3,0,0,5,0,11,0,5,0,3,0,6,0,3,3,10,0,31,0,7,0,3,0,9,0,14,3,15,0,53,6,5,0,4,0,18,0,11,3,31,0,72,14,15,0,29,3,75,0,31,4,39,0,201,14,26,3,54,5,153,5,37,4,40,0,352,23,15,7,128,11,150,8,27,10,25,0,398,39,20,0,172,22,147,9,13,4,29,0,466,70,21,5,162,18,132,3,15,9,27,0,446,206,16,4,333,48,162,14,22,4,19,6,844,196,16,3,237,41,63,8,5,3,15,3,581,117,9,3,112,14,30,3,8,0,0,0,298,69,4,4,47,12,32,0,6,0,0,0,172,124,8,0,109,12,33,3,3
LGA24900,3,0,0,6,0,0,0,0,0,4,0,13,4,0,0,4,0,3,0,0,0,0,0,13,3,0,0,9,0,0,0,3,0,3,0,18,0,0,0,4,0,0,0,0,0,0,0,11,3,0,0,3,0,0,0,3,3,13,0,25,0,0,0,7,0,6,0,8,0,18,0,39,11,3,0,16,3,6,0,13,0,21,0,75,12,13,0,20,0,29,0,16,6,14,0,118,28,11,3,69,4,61,3,18,5,41,3,244,38,17,0,102,17,65,4,10,6,21,0,274,40,11,6,100,7,54,3,18,6,12,3,262,52,13,0,130,13,32,6,5,0,12,0,259,117,7,8,173,17,56,7,9,5,12,3,420,96,4,4,106,8,16,3,0,0,0,0,238,55,0,0,45,6,7,0,4,0,3,3,126,28,3,0,22,3,3,0,4,0,0,0,64,57,0,0,35,8,13,5,0
LGA24970,8,3,0,8,0,9,0,7,0,145,0,184,0,3,0,0,0,9,0,17,0,41,0,80,3,5,0,3,0,11,0,26,0,57,0,101,4,0,0,3,0,8,0,27,3,48,0,96,3,17,0,10,0,20,0,53,0,68,0,176,7,20,0,11,0,63,3,85,7,106,3,312,15,40,0,42,0,144,8,99,13,144,3,505,24,71,3,92,0,258,9,136,26,170,6,803,71,129,4,199,12,435,7,198,14,240,6,1317,93,105,15,346,32,443,14,107,18,180,3,1349,132,87,12,414,27,469,13,101,14,138,0,1408,223,68,9,472,33,461,9,79,8,159,3,1530,689,159,19,1026,98,912,27,129,36,253,12,3361,741,67,11,1074,110,333,20,74,12,136,0,2582,714,58,10,727,92,175,12,42,5,78,4,1908,566,27,5,341,72,390,4,40,18,47,0,1504,1498,84,21,1186,113,460,23,49
LGA25060,0,0,5,5,0,5,0,0,0,44,0,56,0,0,0,0,0,0,0,0,0,19,0,24,0,0,0,0,0,7,0,15,5,31,0,57,0,0,0,0,0,0,0,11,0,9,0,23,0,0,0,8,0,8,0,13,0,56,0,92,0,9,0,8,0,22,5,28,0,51,0,128,7,20,3,15,0,54,3,56,12,75,0,247,6,18,7,40,3,111,0,74,15,109,4,375,26,40,4,107,7,190,7,63,14,120,0,577,60,45,5,173,4,201,4,52,13,114,7,671,56,42,6,221,14,196,7,54,8,96,0,698,66,34,8,291,24,211,3,33,4,88,0,772,319,70,15,665,73,453,14,85,14,138,4,1845,363,63,14,789,89,165,17,39,9,61,3,1619,367,38,17,546,73,104,16,24,9,44,0,1238,365,20,10,347,61,268,11,15,9,29,0,1136,1142,70,19,1245,150,355,27,55
LGA25150,0,0,0,3,0,0,0,0,0,9,0,10,0,3,0,0,0,3,0,0,0,0,0,8,0,0,0,0,0,0,0,5,0,8,0,13,0,0,0,0,0,0,0,0,0,0,0,0,0,0,0,0,0,3,0,3,0,13,0,23,0,3,0,0,0,5,0,11,0,16,0,38,3,3,0,7,0,17,0,9,0,28,0,75,4,9,0,17,4,51,0,21,3,30,0,136,14,14,5,57,3,93,4,33,7,28,0,262,13,24,3,92,3,95,5,24,5,22,0,294,30,21,0,116,12,97,0,15,5,21,0,318,40,14,4,140,8,80,4,12,0,12,0,321,148,12,10,260,28,155,10,17,3,28,0,667,137,12,9,206,27,48,5,6,5,10,3,476,130,9,0,123,14,29,3,5,3,3,0,326,70,0,3,63,8,27,0,3,3,0,0,177,139,3,0,129,14,38,0,8
LGA25250,4,0,0,0,0,9,0,3,3,98,3,124,0,0,0,0,0,3,0,12,0,22,0,36,0,0,0,0,0,3,0,15,3,42,0,66,0,0,0,0,0,11,0,21,0,30,0,71,0,0,0,4,0,23,4,51,11,104,0,207,0,21,0,7,3,58,0,85,13,107,5,297,10,24,0,26,0,124,7,101,3,179,4,476,8,50,0,61,4,249,3,135,23,171,3,718,31,76,0,157,14,386,10,144,26,249,11,1105,64,82,8,279,20,374,24,106,24,174,10,1181,90,53,8,329,32,393,16,63,19,173,4,1177,124,70,8,364,33,353,7,56,5,137,3,1159,417,124,20,868,96,626,18,63,27,189,4,2463,396,84,13,886,121,221,24,59,23,62,8,1903,443,54,8,654,101,122,14,27,3,51,3,1491,342,17,13,264,67,231,11,29,10,26,0,1015,775,56,17,880,146,236,22,35
LGA25340,3,0,0,3,0,7,0,3,0,37,0,54,0,0,0,4,0,0,0,6,0,10,0,23,4,0,0,5,0,3,0,6,4,14,0,32,0,0,0,0,0,4,0,4,0,8,0,16,4,10,0,5,0,3,0,15,5,39,0,72,3,15,3,18,4,19,0,38,3,27,3,132,5,27,3,30,5,64,0,53,0,81,0,266,26,35,3,65,5,131,8,95,11,100,3,484,36,94,11,202,13,269,13,107,17,146,3,906,74,86,11,452,30,341,12,84,17,110,3,1221,95,87,5,554,51,331,18,88,14,75,7,1325,151,73,9,670,41,303,8,58,17,69,3,1400,470,114,26,1234,98,514,41,74,24,98,3,2681,476,82,22,1005,76,174,27,31,5,43,3,1939,456,47,19,568,59,83,9,25,6,30,3,1302,276,15,16,233,24,231,3,17,13,14,0,854,665,49,15,803,71,251,9,41
LGA25430,0,0,0,0,0,0,0,0,0,4,0,5,0,0,0,0,0,0,0,0,0,0,0,3,0,0,0,0,0,0,0,3,0,0,0,6,0,0,0,0,0,0,0,3,0,0,0,3,0,0,0,0,0,0,0,0,0,5,0,12,0,3,0,0,0,6,0,9,0,4,0,25,4,10,0,3,0,8,0,15,0,10,0,49,4,6,0,15,0,19,0,11,3,8,0,78,9,14,3,33,3,39,5,16,6,24,0,139,11,26,0,53,3,34,0,15,0,15,0,169,15,18,0,64,3,34,5,5,0,6,3,152,27,15,0,60,4,30,4,7,0,3,0,148,41,25,4,94,9,49,12,4,3,3,0,257,43,6,3,76,3,17,3,3,0,3,0,161,31,0,4,45,7,6,0,3,0,0,0,99,11,0,0,13,3,8,0,0,0,3,0,38,22,5,0,30,0,9,0,0
LGA25490,3,0,0,0,0,3,0,0,0,3,0,12,0,0,0,0,0,0,0,0,0,0,0,5,0,0,0,0,0,0,0,0,0,4,0,3,0,0,0,0,0,0,0,0,0,0,0,3,5,0,0,3,0,0,0,0,0,6,0,12,3,4,0,0,0,3,0,3,0,0,0,17,4,3,0,7,0,7,0,3,0,7,3,36,12,7,0,12,0,31,0,13,0,11,0,86,13,18,0,53,7,48,3,12,3,13,3,165,21,12,0,79,12,37,0,12,3,14,3,192,12,6,3,81,8,44,0,3,3,6,3,177,26,11,3,85,10,27,8,5,3,8,0,178,67,16,4,123,8,34,4,8,0,0,0,259,56,3,4,80,9,12,3,0,3,3,0,178,44,6,0,40,3,4,0,0,0,3,0,105,21,0,0,14,3,7,0,0,0,0,0,50,38,10,0,38,0,9,6,0
LGA25620,0,0,0,0,0,0,0,0,0,3,0,4,0,0,0,0,0,0,0,0,0,3,0,10,0,0,0,0,0,0,0,0,0,7,0,9,0,0,0,0,0,0,0,0,0,0,0,4,0,0,0,3,0,0,0,0,0,4,0,11,0,0,0,3,0,4,0,3,0,3,0,23,0,0,0,3,0,6,3,9,0,12,0,37,4,6,0,8,3,19,3,4,0,12,0,59,0,11,0,32,4,31,0,9,6,12,0,108,12,9,3,43,8,27,0,15,3,9,3,130,13,5,0,57,5,19,3,6,0,5,3,119,17,9,0,55,6,23,0,5,3,9,0,127,44,11,3,89,4,37,4,7,3,9,0,215,42,0,4,60,9,9,7,3,3,3,0,137,21,0,3,29,0,7,0,0,0,0,0,59,18,0,0,6,0,3,0,0,0,0,0,30,14,3,3,24,0,3,0,0
LGA25710,3,0,0,7,0,4,0,0,0,10,0,20,0,0,0,0,0,3,0,3,0,4,0,14,0,0,0,3,0,0,0,4,0,3,0,13,0,0,0,0,0,0,0,0,0,3,0,4,0,0,0,8,0,3,0,3,0,9,0,20,0,3,0,0,0,12,0,11,0,11,0,43,3,5,0,9,0,24,3,13,3,12,0,71,8,15,0,26,3,44,3,31,8,22,0,154,11,28,0,81,3,78,7,44,8,39,0,296,36,40,4,108,7,102,10,26,4,57,0,395,39,40,4,197,19,137,0,33,0,24,0,501,51,37,4,232,23,139,12,29,4,33,0,564,199,72,8,594,53,281,18,45,4,43,8,1325,274,36,19,692,59,110,9,37,4,23,0,1261,292,32,9,523,39,64,15,21,3,19,0,1014,256,18,4,221,27,186,3,14,4,9,0,735,628,32,15,805,73,268,24,25
LGA25810,3,0,0,0,0,0,0,0,0,0,0,10,0,0,0,0,0,0,0,0,0,3,0,3,3,0,0,0,0,0,0,0,0,3,0,8,0,0,0,0,0,0,0,0,0,3,0,4,3,0,0,3,0,0,0,0,0,0,0,5,3,0,0,4,0,7,0,0,0,5,0,18,3,0,0,3,0,3,0,3,0,10,0,24,7,3,0,13,0,14,0,13,3,22,0,74,8,9,0,34,3,17,0,13,7,10,0,98,21,0,3,49,7,18,3,9,0,14,0,121,14,5,0,42,3,25,0,3,0,6,0,95,17,6,3,40,3,18,0,0,0,4,0,91,36,6,0,54,6,25,0,0,0,3,0,137,32,3,0,24,0,8,4,0,0,0,0,72,23,0,0,25,0,0,0,0,0,0,0,51,16,0,0,3,4,5,0,0,0,0,0,23,8,0,0,14,0,7,0,0
LGA25900,8,0,0,0,0,3,0,0,5,24,0,35,0,0,0,0,0,0,0,0,0,4,0,15,6,0,0,0,0,3,0,11,0,15,0,35,0,0,0,0,0,3,0,3,0,7,0,10,0,0,0,0,0,3,0,5,0,15,0,32,3,9,0,0,0,13,0,14,0,16,0,48,6,4,4,10,0,22,0,17,3,27,0,89,5,6,0,18,0,39,0,27,3,25,0,125,10,20,5,44,4,61,3,30,5,44,0,230,14,27,3,62,10,90,3,33,10,28,0,272,20,12,5,74,4,94,0,16,0,24,0,254,29,16,0,93,8,85,0,19,4,29,3,281,118,39,4,207,30,226,6,32,8,35,0,712,145,30,3,275,46,77,14,16,7,15,3,632,142,15,6,232,31,50,7,9,0,14,3,514,136,11,0,128,48,265,4,18,6,19,0,638,867,63,25,940,168,356,24,50
LGA25990,0,0,0,0,0,0,0,0,0,0,0,3,0,0,0,0,0,0,0,0,0,0,0,0,0,0,0,0,0,0,0,0,0,0,0,5,0,0,0,0,0,0,0,0,0,0,0,0,0,0,0,0,0,3,0,0,0,3,0,11,0,0,0,4,0,0,0,0,0,3,0,17,0,0,0,0,0,0,0,0,0,4,0,15,0,0,0,11,0,9,0,7,0,14,0,40,8,3,0,25,0,27,0,4,0,16,0,89,12,0,0,27,6,16,0,0,0,7,0,72,9,3,0,26,3,14,0,3,3,9,0,66,13,0,0,26,0,7,0,4,0,3,0,56,13,0,0,29,0,8,0,0,0,9,0,64,13,3,0,14,0,8,0,0,0,4,0,44,18,3,0,13,0,0,3,0,0,0,0,35,6,0,0,3,0,0,0,0,0,0,0,7,11,0,0,0,0,3,0,0
LGA26080,0,0,0,0,0,0,0,0,0,0,0,0,0,0,0,0,0,0,0,0,0,0,0,0,0,0,0,0,0,0,0,0,0,0,0,0,0,0,0,0,0,0,0,0,0,0,0,0,0,0,0,0,0,0,0,0,0,0,0,0,0,0,0,0,0,0,0,0,0,0,0,0,0,0,0,0,0,0,0,3,0,0,0,3,0,3,0,0,0,0,0,0,0,0,0,4,0,7,0,3,0,7,0,0,0,4,0,17,0,3,0,0,0,0,0,0,0,0,0,6,0,0,0,7,0,3,0,0,0,0,0,13,3,0,0,0,0,3,0,0,0,0,0,13,3,4,0,14,0,0,0,0,0,0,0,28,5,3,0,14,0,3,0,0,0,3,0,32,6,0,0,5,0,3,0,0,0,0,0,21,4,0,0,5,0,0,0,0,0,0,0,12,4,0,0,8,0,0,0,0
LGA26170,3,0,0,3,0,0,0,0,0,7,0,18,3,0,0,0,0,0,0,0,0,0,0,4,3,0,0,4,0,0,0,0,0,6,0,14,0,0,0,0,0,0,0,0,0,0,0,7,3,0,0,0,0,8,0,5,0,10,0,28,5,7,0,3,0,12,0,12,0,11,0,51,7,3,0,21,0,10,3,19,0,25,0,88,9,16,0,32,3,49,0,23,9,18,0,163,23,25,3,66,4,65,6,31,4,30,3,262,33,19,5,99,8,67,11,15,10,20,0,293,29,19,0,100,9,58,8,9,0,11,0,250,49,10,6,118,9,40,3,11,0,11,0,263,87,23,7,189,17,63,3,11,6,9,4,416,82,14,3,113,6,24,3,4,0,4,0,262,51,4,3,55,0,13,3,4,0,0,0,138,26,0,0,26,6,7,0,0,3,0,0,70,61,8,4,47,3,13,3,3
LGA26260,0,0,0,0,0,3,0,0,0,0,0,5,0,0,0,0,0,0,0,0,0,0,0,5,0,0,0,3,0,0,0,0,0,3,0,9,0,0,0,0,0,0,0,0,0,0,0,3,3,0,0,0,0,0,0,4,0,3,0,10,0,0,0,4,0,3,0,0,0,6,0,20,3,0,0,9,0,4,0,9,0,16,0,49,7,8,0,23,0,31,3,6,4,14,0,90,17,6,0,43,5,39,0,18,3,20,0,145,12,12,0,69,7,46,0,5,3,6,0,157,22,11,0,93,4,25,0,5,0,10,0,177,21,10,0,63,5,16,0,3,0,0,0,124,58,12,5,106,17,28,4,5,0,9,0,249,38,8,3,60,11,8,3,4,0,5,0,141,31,0,3,40,3,3,0,0,0,0,0,84,12,3,0,18,0,3,0,0,0,0,0,34,28,4,0,30,0,10,0,0
LGA26350,3,0,0,3,4,6,0,4,3,26,0,50,0,0,0,0,0,4,0,7,0,9,0,22,0,0,0,0,0,4,0,4,0,6,0,22,0,0,0,0,0,0,0,4,0,5,0,8,3,0,0,6,0,0,0,6,0,26,0,44,0,0,0,9,0,10,0,18,0,10,0,49,6,3,0,3,0,27,0,9,3,20,0,76,7,10,0,19,5,41,3,24,8,36,0,141,21,20,0,25,0,63,4,24,5,37,0,199,32,22,3,61,7,65,0,25,0,43,0,266,20,15,0,61,10,107,0,25,0,46,0,288,39,16,4,82,4,127,4,16,7,28,0,326,91,25,3,237,29,230,5,37,12,64,0,718,137,22,0,284,31,83,6,24,8,30,0,629,157,16,7,238,38,51,9,24,3,23,0,563,170,21,3,150,41,399,3,22,10,20,3,843,1060,91,18,1465,148,644,19,91
LGA26430,0,0,0,0,0,0,0,0,0,3,0,5,3,0,0,0,0,0,0,0,0,0,0,3,0,0,0,0,0,0,0,0,0,0,0,3,0,0,0,0,0,0,0,0,0,3,0,4,0,0,0,0,0,0,0,0,0,3,0,4,0,0,0,0,0,0,0,0,0,0,0,10,0,0,0,0,0,3,0,8,0,9,0,20,6,3,3,7,0,5,0,8,0,7,0,42,7,3,0,24,0,24,0,7,0,17,0,78,10,6,3,30,0,20,3,0,0,5,0,83,4,3,0,36,4,18,0,3,0,8,0,77,16,0,0,44,0,11,0,3,4,5,0,88,29,3,0,54,10,12,0,0,0,0,0,114,27,0,0,34,3,4,4,3,0,0,0,79,19,0,0,17,4,3,0,0,0,0,0,39,6,0,0,6,0,5,0,0,0,0,0,19,16,0,0,20,3,4,0,0
LGA26490,0,0,0,3,0,0,0,0,0,8,0,11,0,0,0,0,0,0,0,4,0,0,0,7,0,0,0,0,0,0,0,0,0,0,0,3,0,0,0,0,0,3,0,0,0,0,0,4,0,0,0,0,0,0,0,11,0,5,0,15,0,5,0,3,0,5,3,3,0,8,0,23,0,9,0,4,0,3,0,10,0,6,0,43,3,9,0,15,0,20,0,15,0,9,0,76,14,23,0,48,3,54,5,24,0,15,0,192,10,20,5,82,4,52,0,15,3,13,0,220,25,18,3,107,8,59,3,16,4,13,0,255,27,16,0,131,10,68,10,7,12,7,0,288,100,30,8,272,23,111,11,19,8,6,0,586,84,20,3,277,21,49,5,14,0,4,0,473,69,9,3,159,21,20,0,3,3,3,0,291,62,3,3,63,5,63,0,4,0,0,0,220,141,9,3,190,17,51,3,3
LGA26610,0,0,0,0,0,0,0,0,0,6,0,7,0,0,0,0,0,0,0,0,0,0,0,3,0,0,0,0,0,3,0,0,0,7,0,11,0,0,0,0,0,0,0,0,0,4,0,5,0,0,0,4,0,3,0,4,0,20,0,37,0,0,0,4,0,11,0,7,3,5,0,35,3,0,0,5,3,20,3,11,0,23,3,75,3,4,0,16,3,35,0,15,8,10,4,99,20,11,0,56,8,58,0,4,3,16,0,180,31,9,0,85,7,47,5,8,4,19,5,216,32,6,0,71,3,38,0,0,0,12,5,169,43,7,3,69,3,30,0,3,0,9,0,178,93,12,3,130,20,28,0,4,3,8,0,300,65,8,6,54,13,13,0,3,3,6,0,180,33,0,0,35,5,4,0,0,0,3,0,84,26,0,0,17,0,11,0,0,0,0,0,67,26,0,4,35,3,14,0,3
LGA26670,0,0,0,0,0,0,0,0,0,0,0,0,0,0,0,0,0,0,0,0,0,0,0,0,0,0,0,0,0,0,0,0,0,0,0,0,0,0,0,0,0,0,0,0,0,0,0,3,0,0,0,5,0,0,0,0,0,3,0,7,0,0,0,0,0,0,0,4,0,3,0,6,0,0,0,0,0,3,0,0,0,3,0,15,6,0,0,4,0,4,0,3,0,4,0,32,4,0,0,14,0,22,3,0,3,4,0,55,11,3,0,18,3,16,0,3,0,6,0,60,7,0,3,21,0,13,0,7,0,3,0,55,11,0,0,30,3,3,0,0,0,0,0,43,25,5,0,20,3,11,0,0,0,4,0,63,24,0,0,22,3,3,0,0,0,0,0,56,8,0,0,13,3,0,0,0,0,0,0,26,10,0,0,7,4,0,0,0,0,0,0,19,5,0,0,5,5,0,0,0
LGA26700,3,0,0,3,0,0,0,0,0,3,0,11,0,0,0,0,0,0,0,0,0,0,0,3,3,3,0,0,0,0,0,0,0,3,0,10,0,0,0,0,0,0,0,3,0,0,0,8,0,0,0,3,0,0,0,4,0,9,0,23,0,4,0,3,0,10,0,7,3,11,0,45,0,3,0,11,3,10,0,12,3,24,0,70,10,11,0,18,0,39,0,15,3,23,3,126,18,17,0,87,6,75,5,27,3,21,0,257,26,15,3,111,10,71,3,17,4,26,0,288,39,14,4,129,7,41,5,8,3,14,0,262,46,9,3,108,11,28,3,16,0,9,0,236,128,22,3,223,16,45,6,12,0,12,5,476,99,7,0,140,19,20,3,6,0,3,0,306,50,3,0,61,13,10,6,0,0,0,0,142,49,3,0,22,3,13,0,0,0,0,0,93,57,0,3,51,7,19,0,0
LGA26730,0,0,0,0,0,0,0,0,0,9,0,7,0,0,0,0,0,0,0,0,0,0,0,4,0,0,0,3,0,0,0,0,0,3,0,4,0,0,0,0,0,0,0,0,0,3,0,3,0,3,0,0,0,0,0,5,3,7,0,18,0,10,0,0,0,0,0,3,0,10,0,23,3,3,0,4,0,16,0,17,0,29,0,75,3,7,0,15,0,46,0,32,3,32,0,136,7,18,3,67,3,72,0,24,5,30,0,229,19,26,3,133,8,62,7,27,3,21,3,317,29,20,3,144,10,63,3,9,4,20,0,312,41,11,5,168,7,56,7,4,0,13,3,322,136,24,5,292,24,62,8,14,10,9,0,582,99,13,6,212,24,19,10,3,0,3,0,388,75,8,0,100,19,19,3,0,0,0,0,218,45,3,3,44,4,22,0,0,3,0,0,131,64,7,4,97,17,21,4,3
LGA26810,11,0,0,0,0,0,0,0,0,7,3,18,0,0,0,0,0,0,0,0,0,0,0,6,0,0,0,0,0,0,0,3,0,6,0,11,3,0,0,0,0,0,0,4,0,0,0,8,0,0,0,5,0,3,0,14,0,17,0,47,0,0,0,7,0,3,4,17,0,18,0,53,11,8,0,7,0,22,0,19,3,38,0,107,7,15,3,40,0,44,5,21,10,46,3,196,29,19,6,83,3,113,4,32,9,41,0,335,36,15,3,123,10,106,5,23,5,26,0,351,43,10,3,158,10,77,10,9,6,29,3,347,54,19,4,139,15,79,9,13,3,17,3,355,107,15,11,241,37,112,10,18,15,16,0,586,112,12,3,199,26,26,10,8,3,8,3,414,86,4,0,88,16,20,4,3,0,6,3,227,45,3,3,42,9,55,0,0,4,3,0,165,109,5,3,125,15,49,14,5
LGA26890,0,0,0,0,0,0,0,0,0,0,0,3,0,0,0,0,0,0,0,0,0,0,0,3,3,0,0,0,0,0,0,0,0,0,0,3,0,0,0,0,0,0,0,0,0,0,0,0,0,0,0,3,0,0,0,0,0,3,0,4,0,0,0,0,0,0,0,0,0,0,0,3,5,0,0,4,0,3,0,5,0,0,0,16,0,0,0,12,0,4,0,4,0,5,0,35,3,3,0,18,3,3,0,0,0,5,0,35,5,9,0,19,0,3,0,3,0,0,0,42,10,3,0,16,3,6,0,0,0,0,0,33,0,0,0,12,0,0,0,0,0,0,0,16,7,0,0,27,5,3,0,0,0,0,0,47,6,0,0,18,0,3,0,0,0,0,0,28,18,0,0,8,0,0,0,0,0,0,0,26,0,0,0,3,0,3,0,0,0,0,0,10,4,0,0,3,0,0,0,0
LGA26980,11,3,0,4,3,9,4,10,0,110,0,153,0,3,0,3,0,4,0,11,0,27,0,55,0,5,0,3,0,8,0,30,0,41,0,85,0,0,0,3,0,11,0,18,0,22,0,57,3,7,0,6,0,23,5,33,6,63,0,155,6,24,0,16,0,52,3,74,10,55,0,237,10,45,0,21,0,95,8,98,13,89,3,385,26,66,0,68,3,220,9,119,19,112,0,637,48,79,3,179,7,361,13,138,15,174,3,1022,75,90,4,280,17,343,19,104,8,138,3,1080,96,55,5,309,23,388,5,76,12,127,0,1098,149,73,4,403,35,387,18,48,16,119,0,1245,490,121,18,1075,83,759,22,97,22,160,6,2857,563,89,15,1226,86,283,25,65,3,112,3,2463,570,55,8,825,91,120,24,33,4,77,3,1808,495,28,4,376,52,398,10,35,10,32,0,1452,1316,89,20,1550,170,471,20,52
LGA27070,3,0,0,4,4,15,0,0,3,163,0,193,0,3,0,3,0,5,4,10,3,57,0,88,0,7,0,4,0,11,0,45,3,72,3,142,0,3,0,0,0,14,0,22,4,47,0,83,3,4,0,9,0,27,0,65,6,256,0,371,5,16,0,20,3,125,5,130,21,180,3,509,7,48,4,50,3,268,7,166,31,333,5,920,26,77,5,113,15,594,11,191,43,332,9,1405,82,157,13,352,36,892,25,250,46,400,12,2270,185,142,20,646,52,814,28,176,33,323,8,2430,263,109,16,862,94,706,20,134,43,254,11,2509,397,94,29,841,94,596,28,114,30,223,8,2456,1115,141,47,1711,238,975,47,131,56,268,16,4741,936,74,29,1231,170,349,41,61,24,110,7,3025,683,46,21,587,92,159,17,32,12,62,3,1700,393,16,3,263,43,209,6,20,11,38,0,1003,591,23,19,507,66,191,8,26
LGA27170,0,0,0,0,0,0,0,0,0,5,0,7,0,0,0,0,0,0,0,0,0,0,0,0,0,0,0,0,0,0,0,0,0,3,0,5,0,0,0,0,0,0,0,7,0,0,0,5,0,0,0,0,0,0,0,4,0,14,0,24,0,3,0,0,0,5,0,12,3,15,0,38,0,6,0,11,0,13,3,12,0,24,0,67,0,6,0,22,4,53,3,21,3,36,0,157,20,18,3,55,3,110,6,23,3,33,0,266,30,25,8,141,12,118,5,14,4,35,0,398,36,30,4,158,17,103,0,13,9,11,0,371,65,13,4,172,14,92,3,8,0,12,0,395,227,26,3,285,36,102,11,8,6,21,3,733,188,17,0,229,39,34,4,0,0,13,0,527,102,9,5,130,18,17,3,3,0,0,0,292,62,3,0,42,13,26,3,0,0,4,0,153,100,4,3,84,4,20,3,0
LGA27260,12,0,4,3,0,11,0,12,7,148,3,203,9,4,0,3,0,9,0,14,7,53,0,95,3,3,0,3,0,12,0,36,8,99,3,161,0,0,0,0,0,19,0,38,4,45,3,119,4,8,3,5,0,29,0,105,8,203,3,375,14,14,0,25,3,144,3,151,16,150,3,527,19,56,3,53,6,293,9,210,37,225,6,908,36,94,8,127,14,729,13,265,53,256,4,1601,123,134,9,408,37,1101,25,251,51,258,13,2407,227,176,15,706,61,1085,35,183,57,229,19,2787,347,93,25,811,84,1057,31,126,29,167,10,2780,502,81,21,791,101,865,23,99,32,128,9,2651,1498,132,45,1621,231,1455,42,132,46,169,10,5372,1266,74,27,1279,169,420,35,62,19,74,4,3426,986,38,21,671,122,207,18,37,7,35,5,2147,624,13,6,292,61,403,11,14,14,24,0,1470,1070,49,14,648,97,265,16,24
LGA27350,3,0,0,0,0,0,0,3,0,19,0,31,0,0,0,0,0,3,0,3,0,11,0,15,0,0,0,0,0,3,0,7,0,25,0,39,0,0,0,0,0,0,0,0,0,5,0,8,0,4,0,0,0,3,0,8,3,65,0,92,3,3,0,8,0,6,0,29,3,27,0,70,5,3,0,9,0,19,0,28,3,44,0,111,3,10,0,13,3,28,0,29,4,38,0,122,6,17,0,23,0,46,3,25,8,49,0,190,6,19,0,38,5,44,3,21,3,42,0,186,27,22,0,40,8,52,3,18,4,36,3,210,24,15,0,61,6,51,0,18,0,33,0,211,104,36,5,200,27,155,3,21,7,33,3,594,102,28,3,271,34,52,9,17,5,26,0,543,127,23,3,208,45,38,4,7,3,14,0,482,125,10,7,127,34,151,0,12,7,10,3,483,671,65,26,673,128,220,16,24
LGA27450,4,3,3,6,0,0,0,3,0,26,3,48,0,0,3,0,0,8,0,7,0,12,0,31,3,0,0,3,0,5,0,12,0,11,0,38,0,0,0,3,0,3,0,14,0,15,0,29,3,0,3,8,0,9,0,17,0,30,0,77,4,4,0,13,0,33,0,40,3,46,3,147,7,22,0,28,0,58,3,53,10,70,0,263,18,45,3,101,14,187,7,95,11,94,3,574,51,87,8,287,17,386,17,86,27,173,7,1145,98,98,18,581,39,426,22,93,22,103,5,1506,110,95,11,644,62,446,23,81,28,106,4,1608,194,91,13,702,61,402,20,58,15,87,3,1643,596,134,36,1439,171,664,33,104,34,104,3,3316,620,84,31,1217,120,248,36,46,8,57,0,2476,499,28,9,595,64,115,14,25,3,31,3,1379,342,14,4,296,45,163,9,12,11,13,3,913,599,30,16,677,54,197,21,39
LGA27630,4,0,0,3,0,0,0,0,0,3,0,13,0,0,0,3,0,0,0,0,0,0,0,4,0,0,0,3,0,0,0,0,0,0,0,6,0,0,0,3,0,0,0,0,0,0,0,0,3,0,0,0,0,0,0,0,0,4,0,7,0,0,0,5,0,0,0,0,0,6,0,9,3,0,0,7,0,4,0,0,0,11,0,24,0,0,0,0,0,8,0,0,7,4,0,29,14,5,0,24,0,14,3,3,0,10,0,77,7,0,0,21,3,12,0,0,0,3,0,65,3,3,0,18,3,5,0,4,0,4,0,45,5,4,0,31,0,6,0,0,3,3,0,54,15,0,0,28,3,13,4,3,0,0,0,68,13,3,0,17,0,0,0,0,0,0,0,37,9,0,0,11,0,0,0,0,0,0,0,21,0,0,0,3,0,0,0,0,0,0,0,4,8,0,0,7,0,4,0,0
LGA29399,0,0,0,0,0,0,0,0,0,0,0,0,0,0,0,0,0,0,0,0,0,0,0,0,0,0,0,0,0,0,0,0,0,0,0,0,0,0,0,0,0,0,0,0,0,0,0,0,0,0,0,0,0,0,0,0,0,0,0,0,0,0,0,0,0,0,0,0,0,0,0,0,0,0,0,0,0,0,0,3,0,0,0,3,0,0,0,0,0,0,0,0,0,0,0,0,0,0,0,0,0,0,0,0,0,0,0,3,0,0,0,0,0,0,0,0,0,0,0,3,0,0,0,0,0,0,0,0,0,0,0,0,0,0,0,0,0,0,0,0,0,0,0,0,0,0,0,0,0,3,0,0,0,0,0,5,4,0,0,3,0,0,0,0,0,0,0,3,0,0,0,0,0,0,0,0,0,0,0,3,0,0,0,0,0,0,0,0,0,0,0,0,0,0,0,0,0,0,0,0
LGA29499,0,0,0,0,0,0,0,0,0,0,0,0,0,0,0,0,0,0,0,0,0,0,0,0,0,0,0,0,0,0,0,0,0,0,0,0,0,0,0,0,0,0,0,0,0,0,0,0,0,0,0,0,0,0,0,0,0,0,0,0,0,0,0,0,0,0,0,0,0,0,0,0,0,0,0,0,0,0,0,0,0,0,0,0,0,0,0,0,0,0,0,0,0,0,0,0,0,0,0,0,0,0,0,0,0,0,0,0,0,0,0,0,0,0,0,0,0,0,0,0,0,0,0,0,0,0,0,0,0,0,0,0,0,0,0,0,0,0,0,0,0,0,0,0,0,0,0,0,0,0,0,0,0,0,0,0,0,0,0,0,0,0,0,0,0,0,0,0,0,0,0,0,0,0,0,0,0,0,0,0,0,0,0,0,0,0,0,0,0,0,0,0,0,0,0,0,0,0,0,0
LGA29799,0,0,0,0,0,0,0,0,0,0,0,0,0,0,0,0,0,0,0,0,0,0,0,0,0,0,0,0,0,0,0,0,0,0,0,0,0,0,0,0,0,0,0,0,0,0,0,0,0,0,0,0,0,0,0,0,0,0,0,0,0,0,0,0,0,0,0,0,0,0,0,0,0,0,0,0,0,0,0,0,0,0,0,0,0,0,0,0,0,0,0,0,0,0,0,0,0,0,0,0,0,0,0,0,0,0,0,0,0,0,0,0,0,0,0,0,0,0,0,0,0,0,0,0,0,0,0,0,0,0,0,0,0,0,0,0,0,0,0,0,0,0,0,0,0,0,0,0,0,0,0,0,0,0,0,0,0,0,0,0,0,0,0,0,0,0,0,0,0,0,0,0,0,0,0,0,0,0,0,0,0,0,0,0,0,0,0,0,0,0,0,0,0,0,0,0,0,0,0,0
