LGA_CODE_2016,SH_FHs_CF_no_C,SH_FHs_CF_C,SH_FHs_OnePF,SH_FHs_Oth_fam,SH_FHs_Tot,SH_Lone_P_H,SH_Group_H,SH_Tot,SDRTHT_1_S_FHs_CF_no_C,SDRTHT_1_S_FHs_CF_C,SDRTHT_1_S_FHs_OnePF,SDRTHT_1_S_FHs_Oth_fam,SDRTHT_1_S_FHs_Tot,SDRTHT_1_S_Lone_P_H,SDRTHT_1_S_Group_H,SDRTHT_1_S_Tot,SDRTHT_2more_S_FHs_CF_no_C,SDRTHT_2more_S_FHs_CF_C,SDRTHT_2more_S_FHs_OnePF,SDRTHT_2more_S_FHs_Oth_fam,SDRTHT_2more_S_FHs_Tot,SDRTHT_2more_S_Lone_P_H,SDRTHT_2more_S_Group_H,SDRTHT_2more_S_Tot,SDRTHT_Tot_FHs_CF_no_C,SDRTHT_Tot_FHs_CF_C,SDRTHT_Tot_FHs_OnePF,SDRTHT_Tot_FHs_Oth_fam,SDRTHT_Tot_FHs_Tot,SDRTHT_Tot_Lone_P_H,SDRTHT_Tot_Group_H,SDRTHT_Tot_Tot,FoA_1_or_2_SB_FHs_CF_no_C,FoA_1_or_2_SB_FHs_CF_C,FoA_1_or_2_SB_FHs_OnePF,FoA_1_or_2_SB_FHs_Oth_fam,FoA_1_or_2_SB_FHs_Tot,FoA_1_or_2_SB_Lone_P_H,FoA_1_or_2_SB_Group_H,FoA_1_or_2_SB_Tot,FoA_3SB_FHs_CF_no_C,FoA_3SB_FHs_CF_C,FoA_3SB_FHs_OnePF,FoA_3SB_FHs_Oth_fam,FoA_3SB_FHs_Tot,FoA_3SB_Lone_P_H,FoA_3SB_Group_H,FoA_3SB_Tot,FoA_4moSB_FHs_CF_no_C,FoA_4moSB_FHs_CF_C,FoA_4moSB_FHs_OnePF,FoA_4moSB_FHs_Oth_fam,FoA_4moSB_FHs_Tot,FoA_4moSB_Lone_P_H,FoA_4moSB_Group_H,FoA_4moSB_Tot,FoA_Att_to_hous_FHs_CF_no_C,FoA_Att_to_hous_FHs_CF_C,FoA_Att_to_hous_FHs_OnePF,FoA_Att_to_hous_FHs_Oth_fam,FoA_Att_to_hous_FHs_Tot,FoA_Att_to_hous_Lone_P_H,FoA_Att_to_hous_Group_H,FoA_Att_to_hous_Tot,FoA_Tot_FHs_CF_no_C,FoA_Tot_FHs_CF_C,FoA_Tot_FHs_OnePF,FoA_Tot_FHs_Oth_fam,FoA_Tot_FHs_Tot,FoA_Tot_Lone_P_H,FoA_Tot_Group_H,FoA_Tot_Tot,OD_C_FHs_CF_no_C,OD_C_FHs_CF_C,OD_C_FHs_OnePF,OD_C_FHs_Oth_fam,OD_C_FHs_Tot,OD_C_Lone_P_H,OD_C_Group_H,OD_C_Tot,OD_CH_FHs_CF_no_C,OD_CH_FHs_CF_C,OD_CH_FHs_OnePF,OD_CH_FHs_Oth_fam,OD_CH_FHs_Tot,OD_CH_Lone_P_H,OD_CH_Group_H,OD_CH_Tot,OD_Imp_home_T_SO_FHs_CF_no_C,OD_Imp_home_T_SO_FHs_CF_C,OD_Imp_home_T_SO_FHs_OnePF,OD_Imp_home_T_SO_FHs_Oth_fam,OD_Imp_home_T_SO_FHs_Tot,OD_Imp_home_T_SO_Lone_P_H,OD_Imp_home_T_SO_Group_H,OD_Imp_home_T_SO_Tot,OD_HorF_at_to_S_O_FHs_CF_no_C,OD_HorF_at_to_S_O_FHs_CF_C,OD_HorF_at_to_S_O_FHs_OnePF,OD_HorF_at_to_S_O_FHs_Oth_fam,OD_HorF_at_to_S_O_FHs_Tot,OD_HorF_at_to_S_O_Lone_P_H,OD_HorF_at_to_S_O_Group_H,OD_HorF_at_to_S_O_Tot,OD_Tot_FHs_CF_no_C,OD_Tot_FHs_CF_C,OD_Tot_FHs_OnePF,OD_Tot_FHs_Oth_fam,OD_Tot_FHs_Tot,OD_Tot_Lone_P_H,OD_Tot_Group_H,OD_Tot_Tot,DS_NS_FHs_CF_no_C,DS_NS_FHs_CF_C,DS_NS_FHs_OnePF,DS_NS_FHs_Oth_fam,DS_NS_FHs_Tot,DS_NS_Lone_P_H,DS_NS_Group_H,DS_NS_Tot,Tot_FHs_CF_no_C,Tot_FHs_CF_C,Tot_FHs_OnePF,Tot_FHs_Oth_fam,Tot_FHs_Tot,Tot_Lone_P_H,Tot_Group_H,Tot_Tot
LGA20110,1566,1097,392,31,3085,1279,109,4476,17,5,9,0,34,96,0,133,4,4,0,0,13,10,3,23,23,12,14,0,41,108,3,155,19,6,8,0,34,66,0,100,0,0,0,0,0,0,0,0,0,0,0,0,0,0,0,0,0,0,0,0,0,0,0,0,21,6,8,0,29,66,0,100,3,0,0,0,7,3,0,6,0,0,0,0,3,7,0,4,0,0,0,0,0,0,0,0,6,3,0,0,10,13,0,17,10,3,3,0,19,17,0,32,22,16,6,0,40,24,0,71,1631,1135,417,31,3218,1492,119,4832
LGA20260,1295,977,400,38,2717,1158,123,3995,13,6,4,3,18,99,6,121,0,0,0,0,0,0,0,0,13,6,4,3,18,99,6,121,12,7,8,0,29,70,4,110,0,0,0,0,0,3,0,3,0,0,0,0,0,0,0,0,0,0,0,0,0,0,0,0,12,7,10,0,34,71,4,113,3,0,0,0,10,12,0,15,0,0,0,0,3,9,0,11,0,0,0,0,3,3,0,8,4,0,4,0,8,10,0,18,12,4,6,0,18,26,0,43,9,0,0,0,15,7,0,25,1346,991,419,43,2796,1370,131,4298
LGA20570,8456,9664,4008,318,22446,7770,1371,31586,866,597,519,59,2032,2523,297,4855,116,69,80,5,276,171,59,506,986,659,599,63,2310,2692,356,5362,157,55,99,8,315,734,65,1117,13,9,3,0,25,36,12,70,0,0,0,0,0,0,0,0,0,0,0,0,0,0,0,0,164,63,105,12,337,770,79,1185,10,0,0,0,10,10,0,24,8,0,0,0,10,30,3,45,0,0,0,0,0,0,0,0,21,24,12,3,56,23,0,76,37,24,18,0,84,61,4,146,37,26,8,8,81,79,12,167,9681,10434,4732,401,25249,11378,1816,38449
LGA20660,8901,14085,3708,436,27131,6469,938,34541,865,671,480,72,2091,2149,186,4420,664,708,352,40,1770,649,127,2541,1526,1377,835,114,3855,2792,308,6962,480,311,213,46,1049,955,124,2139,74,15,17,4,112,94,28,232,113,27,28,4,172,182,18,373,3,0,0,0,3,3,0,7,663,354,258,58,1339,1245,171,2749,0,0,0,0,0,3,0,4,3,0,0,0,3,0,0,3,0,0,0,0,0,0,0,0,11,14,6,0,28,19,3,43,7,13,10,0,33,16,3,50,31,27,3,0,66,58,6,130,11135,15859,4818,614,32420,10581,1431,44431
LGA20740,3941,2742,1307,90,8078,3613,333,12019,115,17,27,3,166,398,6,569,43,16,18,0,77,58,9,146,154,36,48,3,241,457,19,714,33,4,9,0,46,119,9,173,0,0,0,0,4,13,0,13,4,0,0,0,3,5,0,9,0,0,0,0,0,0,0,0,40,6,13,0,54,135,9,192,12,0,3,0,15,51,0,66,21,0,5,0,26,60,0,88,0,0,0,0,0,3,0,3,0,5,3,0,12,6,0,18,32,12,11,0,53,124,0,176,21,20,4,0,42,20,4,69,4183,2811,1386,94,8468,4338,359,13175
LGA20830,5086,5174,1757,121,12146,3448,354,15945,109,31,64,5,206,384,16,608,9,3,5,0,13,28,0,47,111,37,69,5,218,415,21,655,212,19,50,6,286,469,21,776,0,0,0,0,0,0,0,0,0,0,0,0,0,0,0,0,0,0,0,0,0,0,0,0,212,19,50,6,286,469,21,776,8,6,0,3,18,36,0,58,16,3,3,0,26,55,0,81,0,0,0,0,0,0,0,3,4,3,0,0,5,3,0,15,29,9,7,4,52,97,3,155,24,21,5,0,41,36,0,80,5466,5257,1884,140,12743,4466,398,17605
LGA20910,5275,10788,1886,186,18138,3609,311,22051,1184,818,405,43,2453,1954,147,4545,1172,1311,375,31,2888,833,71,3789,2350,2128,784,74,5338,2784,213,8336,515,242,207,10,967,1027,110,2108,320,91,87,9,506,494,38,1042,341,93,101,19,552,542,46,1135,3,0,0,0,3,3,0,3,1178,424,392,34,2033,2073,195,4296,0,0,0,0,0,0,0,0,0,0,0,0,0,0,0,0,0,0,0,0,0,0,0,0,61,24,26,0,116,61,14,189,61,29,26,0,119,61,14,193,39,55,16,0,110,40,10,154,8901,13430,3108,295,25736,8561,742,35037
LGA21010,1750,1137,558,45,3488,1465,133,5082,12,3,7,0,25,35,4,65,0,0,0,0,0,0,0,0,12,3,7,0,24,35,4,61,36,10,24,0,65,228,10,304,5,0,7,0,16,18,0,38,3,3,3,0,9,31,0,41,0,0,0,0,0,0,0,0,49,11,32,0,88,277,16,379,0,0,0,0,0,3,0,3,7,0,0,0,7,11,0,16,0,0,0,0,0,0,0,0,6,3,0,0,5,4,0,9,10,3,0,0,14,24,0,33,13,9,4,0,23,5,3,34,1827,1165,597,46,3635,1806,147,5594
LGA21110,7365,17128,2996,420,27906,4810,851,33568,1910,1846,700,115,4565,2756,388,7711,1207,1637,547,74,3463,874,222,4558,3118,3482,1241,185,8033,3632,606,12272,1391,686,383,120,2573,2414,674,5665,1231,424,188,121,1961,1814,657,4426,1049,263,139,91,1538,1687,301,3530,0,0,0,0,0,0,0,0,3664,1368,710,335,6078,5914,1628,13622,0,0,0,0,4,0,0,6,0,0,0,0,0,0,0,0,0,0,0,0,0,0,0,3,57,28,14,4,101,45,26,178,60,34,14,4,109,48,26,181,58,49,15,0,120,70,16,204,14256,22056,4976,951,42244,14473,3134,59849
LGA21180,10981,21269,7784,919,40956,8042,1486,50486,956,1433,788,109,3283,1550,227,5055,636,1063,506,83,2279,557,170,3005,1585,2494,1288,190,5561,2105,391,8056,433,505,329,76,1345,989,133,2463,33,23,10,3,73,65,7,149,20,22,12,3,53,43,10,108,5,6,3,0,16,13,3,34,497,553,356,82,1488,1114,149,2753,0,0,0,0,3,0,0,5,0,3,0,0,3,16,0,23,0,0,0,0,0,3,0,3,23,42,16,3,86,31,9,122,23,46,22,3,92,49,12,151,26,29,20,0,73,39,12,122,13115,24393,9467,1194,48162,11349,2052,61562
LGA21270,761,547,176,24,1505,754,65,2324,7,0,0,0,5,27,0,36,0,0,0,0,0,0,0,0,10,3,0,0,8,27,0,35,8,0,0,0,13,44,0,56,0,0,0,0,0,0,0,0,0,0,0,0,0,0,0,0,0,0,0,0,0,0,0,0,8,0,0,0,13,44,0,56,4,0,0,0,4,5,0,10,0,0,0,0,0,4,0,4,0,0,0,0,0,0,0,0,4,3,0,0,9,7,0,19,8,3,0,0,13,16,0,30,3,3,0,0,3,4,0,12,786,554,176,24,1547,844,69,2455
LGA21370,4113,3647,1301,91,9150,3000,293,12443,135,30,72,10,245,496,25,768,3,3,4,0,6,8,0,17,138,31,72,10,255,499,25,786,62,20,31,3,118,311,18,442,0,0,0,0,0,0,0,0,0,0,0,0,0,0,0,0,0,0,0,0,3,3,0,5,64,19,31,3,120,311,18,446,4,4,0,0,11,54,0,63,10,5,0,0,13,24,0,39,0,0,0,0,0,0,0,4,4,3,4,0,16,8,0,27,18,15,6,0,45,77,3,124,17,18,0,3,38,14,3,52,4348,3734,1415,108,9603,3908,336,13855
LGA21450,7231,12155,3424,247,23052,4652,629,28330,416,265,249,22,948,774,51,1771,130,106,147,5,390,142,20,556,546,379,393,22,1339,913,78,2330,25,4,11,0,43,94,3,138,0,0,0,0,0,0,0,0,0,0,0,0,0,0,0,0,0,0,0,0,0,0,0,0,22,3,11,0,40,94,3,137,5,0,0,0,12,20,0,31,13,3,5,0,20,62,0,78,0,0,0,0,0,6,0,11,3,8,3,0,9,5,0,12,28,11,7,0,41,87,0,128,16,26,11,0,52,23,4,80,7839,12567,3842,278,24530,5770,706,31009
LGA21610,17927,40741,10211,957,69835,10795,1830,82465,1505,1752,748,73,4079,2231,163,6472,408,719,285,25,1444,336,60,1836,1912,2474,1035,98,5522,2563,221,8309,167,117,102,13,402,479,23,903,3,3,3,0,15,30,0,39,3,8,0,0,10,3,0,15,0,0,3,0,3,3,0,3,174,122,110,13,422,513,23,961,3,0,3,0,5,31,0,42,14,5,8,0,23,72,0,98,0,0,0,0,3,3,0,3,8,37,22,5,72,41,8,119,22,48,29,6,110,141,8,263,33,40,10,0,90,40,3,133,20066,43429,11402,1079,75980,14058,2092,92127
LGA21670,1522,1040,629,39,3224,1537,166,4932,51,11,23,0,88,217,12,318,0,0,0,0,0,3,0,3,51,15,23,0,90,222,12,317,4,0,0,0,9,62,0,73,0,0,0,0,0,0,0,0,0,0,0,0,0,0,0,0,0,0,0,0,0,0,0,0,11,0,0,0,14,62,0,76,7,0,3,0,10,41,0,48,3,0,0,0,3,7,0,14,0,0,0,0,3,10,0,12,6,6,0,0,13,13,0,32,19,6,3,0,28,73,3,101,3,5,4,0,9,13,0,25,1606,1065,661,39,3362,1906,176,5445
LGA21750,2188,1993,772,76,5027,2018,218,7262,47,17,33,12,103,394,28,531,11,4,0,0,15,18,4,36,52,22,35,12,118,409,37,561,12,0,3,0,15,33,3,52,0,0,0,0,0,0,0,0,0,0,0,0,0,0,0,0,0,0,0,0,0,0,0,0,12,0,3,0,15,36,3,59,0,3,0,0,8,21,0,29,3,4,0,0,9,11,0,19,0,3,0,0,3,0,0,4,6,3,0,0,11,8,4,24,14,15,3,0,28,45,4,76,14,10,4,0,28,19,3,46,2276,2041,812,86,5216,2530,258,8005
LGA21830,1780,1595,542,58,3978,1595,125,5697,12,0,3,0,16,76,4,102,0,0,0,0,0,4,0,5,12,0,4,0,17,80,4,105,21,8,4,0,36,94,3,133,0,0,0,0,0,0,0,0,0,0,0,0,0,0,0,0,0,0,0,0,0,0,0,0,21,8,4,0,36,95,3,135,0,0,0,0,0,3,0,3,0,3,0,0,3,4,0,10,0,0,0,0,0,0,0,0,8,5,0,0,9,9,0,16,5,9,0,0,16,11,0,24,23,16,7,0,48,18,0,67,1842,1633,560,56,4092,1803,127,6022
LGA21890,7280,12065,3603,569,23512,6582,2110,32209,1882,1682,786,147,4498,3189,700,8390,1598,1357,501,125,3589,1560,679,5831,3483,3041,1288,278,8083,4751,1381,14221,1066,418,252,79,1818,2416,479,4715,312,86,66,27,487,628,162,1279,556,152,84,38,832,777,206,1812,0,0,0,0,0,3,0,5,1937,650,402,142,3137,3813,856,7808,0,0,0,0,0,0,0,0,0,0,0,0,0,0,0,4,0,0,0,0,0,0,0,0,66,45,25,8,141,103,55,304,66,45,25,8,144,108,61,307,42,39,20,4,103,70,13,189,12801,15842,5343,1003,34989,15330,4422,54736
LGA22110,5789,3746,1576,123,11234,4480,384,16102,89,35,26,6,156,406,22,579,10,9,8,0,27,33,6,62,95,42,38,9,177,441,27,649,53,7,35,0,102,196,6,306,0,0,0,0,0,0,0,0,0,0,0,0,0,0,0,0,0,0,0,0,0,3,0,3,53,7,35,0,102,199,6,305,16,6,4,0,22,80,4,105,38,3,8,0,52,78,5,135,5,8,0,0,11,7,0,18,11,10,0,0,21,23,0,44,73,25,10,0,102,181,8,297,47,30,22,0,94,108,8,213,6053,3850,1680,134,11717,5413,431,17564
LGA22170,9666,14323,5737,475,30198,7855,1240,39300,1310,699,775,80,2861,3674,212,6744,422,336,335,27,1121,589,88,1799,1732,1039,1108,107,3983,4267,298,8550,145,72,124,19,358,702,67,1121,21,7,8,0,41,89,5,136,16,0,3,0,19,48,9,71,0,0,0,0,0,9,0,9,181,81,138,21,420,844,72,1343,10,0,0,0,16,17,0,26,42,9,24,3,76,281,6,363,0,0,0,0,0,0,0,0,13,19,6,0,31,5,5,46,60,29,24,3,119,307,12,436,12,11,5,0,23,36,0,67,11646,15480,7027,605,34757,13310,1626,49687
LGA22250,1367,992,321,35,2713,1245,88,4048,0,0,0,0,0,3,0,10,0,0,0,0,0,0,0,0,0,0,0,0,0,3,0,10,13,0,3,0,19,99,0,111,0,0,0,0,0,0,0,0,0,0,0,0,0,0,0,0,0,0,0,0,0,0,0,0,13,0,3,0,19,99,0,111,9,0,0,0,14,14,0,30,0,0,0,0,0,0,0,0,0,0,0,0,0,0,0,0,3,3,0,0,9,0,0,15,16,4,0,0,19,23,0,42,3,3,0,0,10,0,0,13,1402,1003,321,35,2761,1373,88,4219
LGA22310,5971,12399,2485,302,21163,4423,875,26458,1925,1915,665,98,4613,2777,448,7837,1219,1894,450,59,3625,888,316,4822,3148,3814,1118,160,8236,3667,764,12661,2359,1487,572,156,4569,4164,816,9556,706,231,96,59,1087,873,278,2235,293,65,44,17,418,436,154,1012,3,4,0,0,9,11,0,20,3364,1787,710,229,6090,5481,1250,12825,0,0,0,0,0,0,0,0,0,0,0,0,0,0,0,0,0,0,0,0,0,0,0,0,44,29,14,3,88,68,18,178,44,29,14,3,88,68,18,181,31,44,9,3,92,71,12,171,12559,18077,4343,693,35674,13706,2918,52296
LGA22410,2268,1816,737,59,4878,2018,165,7067,34,3,16,0,50,130,3,185,3,3,3,0,9,10,0,19,30,9,19,0,58,140,3,203,19,10,12,0,43,199,10,249,0,0,0,0,0,4,0,6,0,0,0,0,0,8,0,8,0,0,0,0,0,0,0,0,24,10,12,0,45,207,10,266,0,0,3,0,8,9,0,21,3,0,0,0,3,16,0,19,0,0,0,0,0,3,0,5,9,5,0,0,12,9,0,23,11,3,3,0,24,43,0,66,18,8,0,0,24,17,0,46,2345,1851,780,58,5038,2424,179,7644
LGA22490,2138,2965,621,44,5770,1210,114,7093,4,8,0,0,10,9,0,17,0,0,0,0,0,0,0,0,4,8,0,0,10,9,0,17,8,0,0,0,13,8,0,24,0,0,0,0,0,0,0,0,0,0,0,0,0,0,0,0,0,0,0,0,0,0,0,0,8,0,0,0,13,8,0,24,0,3,3,0,3,3,0,8,3,0,0,0,3,0,0,3,0,8,0,0,8,4,0,9,0,3,0,0,9,0,0,6,3,15,4,0,18,8,0,31,4,7,0,0,11,6,0,19,2155,2990,624,44,5817,1246,116,7184
LGA22620,10446,11204,4620,408,26682,9094,1398,37175,424,131,295,42,890,1744,186,2818,94,33,56,13,192,159,43,391,522,166,344,52,1086,1901,231,3211,70,37,59,3,171,290,26,490,13,4,0,0,16,39,4,56,0,0,0,0,0,17,0,17,0,0,0,0,0,0,0,0,83,45,62,3,187,347,28,561,4,5,8,0,16,73,3,90,20,3,3,0,24,56,0,78,4,0,0,0,3,4,0,7,26,6,4,0,37,16,3,58,51,18,12,0,81,154,5,241,42,38,17,0,94,71,11,179,11141,11461,5055,462,28125,11569,1669,41361
LGA22670,7424,14599,4957,726,27706,5673,1360,34738,1083,1668,761,110,3619,1914,308,5837,519,831,295,54,1697,367,184,2258,1600,2495,1054,163,5315,2287,499,8098,915,990,479,94,2482,1673,290,4447,97,81,44,8,223,175,36,437,80,43,26,7,165,117,29,313,3,3,3,0,13,8,0,17,1101,1125,544,113,2878,1968,360,5209,6,4,0,0,8,92,3,105,13,5,4,0,21,67,4,90,0,0,0,0,3,8,0,10,29,60,32,10,128,46,6,184,50,69,34,10,161,211,10,392,25,25,14,8,60,53,11,130,10196,18307,6601,1013,36124,10194,2241,48563
LGA22750,20592,24171,9038,745,54548,17222,2447,74212,1524,652,723,70,2971,4439,352,7763,494,257,181,34,960,633,139,1729,2015,908,906,104,3933,5067,488,9490,368,169,166,16,717,1313,112,2150,19,3,6,0,29,71,14,114,41,12,8,0,58,110,16,186,3,0,0,0,3,7,0,8,432,188,173,15,808,1502,141,2457,10,6,4,0,22,47,0,69,31,0,10,0,51,190,6,242,0,3,0,0,3,0,0,3,36,97,17,5,154,65,27,241,85,115,33,7,229,294,31,559,66,58,29,4,154,100,20,276,23186,25436,10177,869,59672,24186,3137,86995
LGA22830,5546,6511,2493,180,14729,4604,569,19902,377,226,171,18,792,1177,101,2066,24,17,5,0,46,36,11,97,402,241,176,20,834,1208,113,2156,9,12,18,0,44,95,5,144,3,0,0,0,3,18,0,21,0,0,0,0,0,0,0,0,0,0,0,0,0,0,0,0,9,12,20,0,45,119,5,166,24,5,0,0,27,79,3,113,31,0,9,0,42,93,3,141,3,3,0,0,3,7,0,12,13,13,7,0,31,10,4,41,63,24,17,0,102,191,13,303,22,9,6,0,34,16,4,53,6036,6797,2711,201,15752,6139,700,22583
LGA22910,1769,1284,530,33,3612,1652,145,5413,9,3,4,0,17,88,5,116,0,0,0,0,0,4,0,6,15,3,4,0,18,96,8,125,3,0,8,0,11,39,0,49,0,0,0,0,0,0,0,0,0,0,0,0,0,0,0,0,0,0,0,0,0,0,0,0,3,3,8,0,11,39,0,52,5,0,3,0,6,23,0,25,3,0,0,0,3,3,0,5,0,0,0,0,4,3,0,9,101,73,26,3,202,99,10,304,109,73,26,3,210,128,10,345,20,23,14,0,51,38,6,97,1921,1382,575,37,3912,1952,167,6029
LGA22980,706,507,154,19,1384,653,56,2092,34,14,7,0,63,47,0,103,0,0,0,0,0,4,0,8,33,14,7,0,62,45,0,111,7,0,0,0,7,62,0,72,0,0,0,0,0,0,0,0,0,0,0,0,0,0,0,0,0,0,0,0,0,0,0,0,7,0,0,0,7,62,0,72,3,0,0,0,3,0,0,7,0,0,0,0,0,0,0,0,4,0,0,0,4,3,0,4,0,0,0,0,0,0,0,3,7,0,3,0,8,6,0,11,11,4,0,0,19,10,0,27,768,524,164,19,1480,780,58,2320
LGA23110,5163,8390,2520,361,16435,4365,671,21470,1100,1065,488,57,2712,1684,173,4567,1127,1478,429,49,3087,712,167,3971,2229,2546,917,104,5795,2393,343,8540,352,181,179,24,732,944,85,1761,41,18,13,3,74,115,5,200,40,20,55,8,116,167,14,305,0,0,0,0,0,0,0,0,438,213,244,31,933,1227,104,2264,0,4,0,0,5,22,3,23,3,0,0,0,4,14,0,20,0,3,0,0,3,4,0,6,23,21,9,3,46,27,6,79,25,20,4,3,55,68,8,128,19,30,5,3,54,48,6,107,7872,11197,3693,507,23279,8097,1128,32508
LGA23190,2061,1994,738,65,4850,1811,162,6819,82,13,31,3,128,305,3,433,3,0,0,0,5,8,0,11,87,14,32,3,137,308,3,446,47,16,29,4,101,284,19,399,0,0,0,0,0,0,0,0,0,0,0,0,0,0,0,0,0,0,0,0,0,0,0,0,47,16,29,4,101,284,19,399,0,0,0,0,0,6,0,5,0,0,0,0,0,0,0,3,0,0,0,0,0,0,0,3,5,4,0,0,10,3,0,14,9,3,0,0,15,8,0,24,11,4,0,0,13,19,0,30,2213,2032,793,70,5110,2427,186,7721
LGA23270,10511,25117,7275,651,43557,7193,1020,51768,681,1064,579,58,2388,1337,137,3861,412,650,332,33,1426,380,97,1903,1084,1719,913,95,3809,1709,234,5756,379,462,275,29,1146,766,91,2005,0,0,3,0,3,0,0,3,9,18,20,0,51,49,0,102,0,0,3,0,4,3,0,4,385,484,303,29,1201,822,94,2113,3,0,3,0,3,9,0,19,17,3,6,0,28,144,4,174,0,0,0,0,0,0,0,0,7,45,46,0,101,31,10,136,32,50,55,0,133,182,12,330,19,43,13,3,79,57,12,148,12036,27410,8563,783,48787,9963,1370,60129
LGA23350,1874,1696,511,35,4111,1242,118,5472,19,3,11,0,40,61,0,98,0,0,0,0,0,0,0,0,19,3,11,0,40,61,0,98,38,7,21,0,64,141,16,218,0,0,0,0,0,0,0,0,0,0,0,0,0,0,0,0,0,0,0,0,0,0,0,0,38,7,21,0,64,141,16,218,3,0,0,0,5,9,0,16,3,0,3,0,3,16,0,16,0,0,0,0,0,0,0,0,4,6,0,0,15,12,0,28,11,9,3,0,24,34,0,59,15,11,5,0,30,14,0,40,1953,1729,549,39,4262,1495,139,5897
LGA23430,8004,15117,3730,382,27225,5539,770,33536,2213,1705,961,117,5001,3930,312,9241,1546,1741,555,61,3901,1018,227,5149,3759,3443,1519,177,8905,4947,544,14392,1371,807,592,77,2842,2872,261,5975,263,83,70,18,435,343,48,822,211,65,75,15,371,334,48,756,4,0,0,0,9,8,0,9,1850,962,741,107,3657,3557,353,7565,4,3,0,0,7,35,0,46,19,3,6,6,28,125,3,160,0,0,0,0,0,0,0,0,33,28,14,3,80,40,5,123,56,32,20,6,118,207,7,333,42,46,21,3,113,90,10,212,13705,19600,6031,678,40014,14338,1690,56036
LGA23670,11396,20022,5249,482,37148,7292,1007,45452,1119,679,485,42,2326,2154,130,4612,478,562,241,33,1319,505,82,1904,1593,1238,731,77,3638,2657,215,6516,238,74,49,7,366,529,24,920,45,21,35,0,103,139,11,254,34,14,19,0,66,74,3,149,0,0,0,0,0,3,0,6,321,100,106,15,542,744,41,1322,4,0,0,0,10,14,0,26,16,0,8,0,25,80,0,102,0,0,0,0,0,0,0,0,30,56,26,3,108,26,5,139,53,55,28,3,141,120,4,269,24,24,9,0,57,44,0,104,13389,21439,6126,576,41525,10856,1272,53657
LGA23810,7059,7064,3375,217,17715,6428,692,24827,247,52,129,7,436,1120,45,1604,13,14,22,0,52,54,0,106,260,71,148,12,486,1178,52,1710,168,60,125,15,367,1043,44,1453,0,0,0,0,0,0,0,0,0,0,0,0,0,0,0,0,0,0,0,0,0,0,0,0,168,60,125,15,367,1044,44,1458,0,0,0,0,5,23,0,25,19,0,0,0,21,37,3,60,0,0,0,0,0,5,0,5,7,3,3,0,13,4,0,14,26,3,5,0,33,68,3,112,26,14,5,0,41,65,3,105,7532,7206,3660,237,18636,8776,794,28211
LGA23940,933,621,224,18,1798,910,83,2792,0,0,0,0,0,11,0,11,0,0,0,0,0,0,0,0,0,0,0,0,0,11,0,11,6,0,4,0,10,38,0,50,0,0,0,0,0,0,0,0,0,0,0,0,0,0,0,0,0,0,0,0,0,0,0,0,6,0,4,0,10,38,0,50,3,0,0,0,8,26,0,30,3,0,0,0,4,5,0,11,3,0,3,0,4,4,0,6,3,4,0,0,6,7,4,15,9,3,3,0,19,39,3,67,22,11,3,0,33,18,0,47,974,631,232,18,1862,1015,89,2964
LGA24130,4501,5948,1327,91,11872,2617,252,14735,128,66,79,3,274,385,19,676,3,3,3,0,12,7,0,12,130,64,78,3,281,393,19,694,17,13,9,3,47,99,6,146,0,0,0,0,0,0,0,0,0,0,0,0,0,0,0,0,0,0,0,0,3,0,0,6,21,13,11,3,53,99,6,154,3,0,0,0,3,4,0,14,3,3,0,0,3,12,0,18,3,0,0,0,3,0,0,7,6,15,5,0,22,19,7,48,18,14,7,0,34,41,7,79,25,19,0,0,40,28,0,67,4695,6063,1424,99,12279,3174,279,15728
LGA24210,8552,13848,2871,338,25608,4714,548,30872,629,583,321,37,1566,1016,73,2657,920,1553,454,56,2986,583,120,3688,1552,2134,773,93,4556,1603,191,6348,259,236,111,12,611,428,39,1089,127,73,54,16,258,198,18,479,364,142,109,21,638,413,56,1102,0,3,0,0,3,0,0,6,750,453,269,46,1511,1040,122,2668,5,0,0,0,9,10,0,14,0,0,0,0,0,0,0,4,0,0,0,0,0,0,0,0,6,3,3,0,16,3,6,23,9,9,8,0,23,9,6,35,18,23,9,0,53,95,0,150,10874,16463,3930,480,31750,7463,864,40074
LGA24250,1044,757,254,21,2070,942,70,3077,8,3,3,0,8,33,3,48,0,0,0,0,0,0,0,0,8,3,3,0,8,33,3,48,0,0,3,0,6,9,3,17,0,0,0,0,0,0,0,0,0,0,0,0,0,0,0,0,0,0,0,0,0,0,0,0,0,0,3,0,6,9,3,17,0,3,0,0,3,13,0,9,0,0,0,0,3,4,0,8,0,0,0,0,0,0,0,3,0,4,0,0,12,4,0,14,4,11,0,0,17,21,0,37,8,3,3,0,13,9,0,25,1063,771,260,21,2111,1013,81,3207
LGA24330,3539,5768,1781,333,11417,2953,1202,15576,517,450,303,49,1317,1053,168,2543,1360,1497,477,129,3466,861,555,4878,1878,1947,775,178,4789,1911,724,7422,736,474,211,71,1492,1362,347,3203,415,166,84,38,703,664,200,1567,678,181,80,60,1003,1082,294,2380,9,6,3,0,15,16,6,36,1838,829,380,170,3219,3121,843,7182,0,0,0,0,0,0,0,0,0,0,0,0,3,7,0,14,0,0,0,0,0,0,0,0,41,29,20,0,84,51,31,162,40,26,20,0,84,56,32,174,27,12,7,0,47,69,16,131,7327,8583,2958,683,19553,8121,2812,30481
LGA24410,8936,13567,3986,392,26876,7734,921,35525,454,397,260,29,1150,1198,102,2445,233,202,158,15,609,259,57,929,689,606,424,47,1757,1454,156,3373,74,78,70,9,238,165,25,425,90,45,40,5,180,161,19,365,30,6,19,0,59,88,8,151,0,0,0,0,0,0,0,0,200,132,126,16,471,411,58,942,0,0,0,0,0,0,0,0,0,3,0,0,3,0,0,3,0,0,0,0,0,0,0,0,3,9,0,0,14,5,0,19,6,12,0,0,20,7,0,29,17,25,6,0,52,33,12,100,9850,14329,4543,448,29181,9642,1141,39962
LGA24600,461,521,103,33,1112,358,189,1657,658,433,143,41,1275,690,410,2377,1298,1152,347,127,2920,955,998,4875,1954,1580,490,172,4195,1648,1407,7253,478,155,59,41,729,633,330,1689,1300,395,201,100,1997,1995,805,4800,10107,2880,1546,1680,16217,15752,9079,41048,3,3,4,0,11,7,4,24,11884,3437,1808,1819,18951,18385,10217,47554,0,0,0,0,0,0,0,0,3,0,0,0,3,3,0,4,0,0,0,0,0,51,0,52,19,10,6,0,38,33,24,97,24,10,3,0,43,88,29,156,75,38,15,14,144,169,84,394,14397,5587,2425,2037,24444,20646,11924,57012
LGA24650,7674,17664,4948,384,30670,5042,783,36502,625,820,473,50,1970,1166,87,3223,283,507,300,20,1112,259,51,1423,911,1333,772,71,3082,1423,136,4643,24,38,42,0,109,90,9,203,15,3,15,0,34,15,4,47,27,17,9,4,59,32,7,89,3,0,0,0,3,4,0,4,70,63,66,3,199,137,13,347,9,0,0,0,11,27,0,40,6,0,0,0,8,54,0,63,3,0,0,0,4,0,0,4,3,8,3,0,15,3,0,17,18,14,8,0,38,90,6,125,18,29,10,0,55,23,3,85,8687,19096,5798,466,34045,6714,949,41704
LGA24780,4950,5209,2086,149,12396,3758,483,16631,364,108,155,25,648,935,64,1650,19,7,10,0,35,24,4,61,381,112,168,25,679,959,69,1709,135,54,102,8,305,782,54,1142,0,0,0,0,0,0,0,0,0,0,0,0,0,0,0,0,0,0,0,0,0,0,0,0,135,54,102,8,305,785,54,1146,27,3,4,0,35,71,3,109,23,0,4,3,29,47,7,87,0,0,3,0,3,3,0,7,3,5,0,0,7,12,0,23,58,7,13,3,75,133,14,224,27,21,13,0,64,44,0,106,5552,5407,2376,190,13527,5675,613,19817
LGA24850,3444,4835,1626,112,10018,2443,298,12761,94,23,61,4,179,226,7,408,7,6,6,0,24,18,0,47,106,29,66,4,205,238,9,454,46,16,37,4,106,243,13,363,0,0,0,0,0,0,0,0,0,0,0,0,0,0,0,0,0,0,0,0,0,0,0,0,46,18,37,4,109,243,13,364,5,0,0,0,9,19,0,31,10,0,4,0,13,27,0,39,0,0,0,0,3,3,0,8,4,3,0,0,11,3,0,13,17,5,7,0,30,56,0,87,12,14,5,0,38,16,3,51,3632,4904,1744,120,10396,3000,323,13725
LGA24900,3333,2661,1054,72,7113,2504,238,9853,50,20,22,0,100,197,8,310,4,5,0,0,12,7,0,25,57,26,24,3,109,208,17,329,83,21,39,4,145,335,13,497,0,0,0,0,0,0,0,0,0,0,0,0,0,3,0,3,0,0,0,0,0,3,0,3,83,21,39,4,145,344,13,496,7,0,0,0,14,29,0,38,10,5,6,0,13,20,0,35,4,0,0,0,3,0,0,4,5,10,3,0,14,7,0,24,21,12,10,0,44,57,8,105,29,15,6,0,54,52,3,108,3518,2742,1132,79,7471,3160,274,10899
LGA24970,11166,18779,4672,710,35325,7224,2046,44601,1265,1472,454,86,3277,1686,405,5380,986,1340,401,114,2845,613,771,4225,2248,2813,861,204,6124,2298,1175,9602,1271,1542,568,103,3490,1698,401,5590,297,88,44,30,451,410,139,997,262,79,66,45,451,565,160,1176,0,3,0,0,4,3,0,8,1831,1708,677,175,4395,2669,706,7768,0,0,0,0,0,0,0,3,0,0,0,0,0,0,0,3,0,0,0,0,0,0,0,4,15,11,3,0,26,4,0,38,13,9,3,0,32,10,4,41,40,47,10,4,100,83,30,206,15301,23354,6218,1101,45977,12290,3954,62221
LGA25060,6059,10877,2458,352,19747,4491,755,24992,1017,883,409,95,2401,1504,275,4174,1290,1545,509,80,3428,1133,292,4853,2312,2427,920,177,5831,2637,566,9028,796,419,277,77,1573,1647,250,3464,606,244,259,68,1182,1527,257,2968,599,316,345,93,1356,1069,297,2718,3,0,4,0,6,3,0,6,2010,983,883,248,4120,4242,798,9160,0,0,0,0,0,0,0,0,0,0,0,0,0,0,0,0,0,0,0,0,0,0,0,0,54,33,18,3,105,49,22,179,51,32,18,3,113,49,22,188,34,32,9,7,79,56,10,151,10465,14349,4297,776,29883,11481,2155,43513
LGA25150,2879,3813,1155,73,7922,2041,190,10156,139,98,89,4,323,318,14,661,18,8,15,3,46,32,3,75,156,105,105,6,371,352,21,735,12,3,8,0,23,104,0,129,0,0,0,0,0,0,0,0,0,0,0,0,0,0,0,0,0,0,0,0,0,0,0,0,15,3,8,0,29,104,0,131,0,0,0,0,0,17,0,14,5,0,0,0,6,12,0,22,0,0,0,0,5,0,0,6,8,12,6,0,27,5,0,30,22,9,6,0,39,33,0,77,10,15,4,0,25,18,0,52,3083,3943,1276,84,8385,2550,215,11145
LGA25250,7863,12992,3682,603,25136,7127,2184,34444,1757,1405,635,145,3940,2672,771,7382,2509,2167,725,193,5599,1930,1177,8698,4261,3578,1362,341,9538,4595,1944,16083,1152,490,263,104,2011,2312,545,4866,406,88,69,29,599,647,219,1456,1207,246,107,67,1626,1670,541,3832,0,9,0,0,13,8,3,27,2768,838,447,194,4245,4638,1305,10188,3,3,0,0,3,0,0,5,0,0,0,0,3,0,0,3,0,0,0,0,0,0,0,0,56,46,15,5,131,81,52,260,62,49,15,5,136,87,49,275,56,59,28,4,139,69,20,231,15009,17509,5528,1147,39197,16516,5506,61218
LGA25340,15097,16163,5256,326,36843,10878,953,48672,1109,340,485,38,1976,2342,91,4403,490,252,189,9,942,392,40,1374,1604,592,675,44,2915,2730,130,5776,647,155,221,19,1045,1505,73,2622,11,3,4,0,16,32,3,52,12,5,0,0,15,4,0,23,0,0,0,0,3,5,0,8,667,168,228,19,1082,1546,81,2706,26,0,4,0,32,93,4,133,56,4,11,0,79,223,3,299,0,4,0,0,8,7,0,14,8,9,3,0,19,9,0,22,88,20,28,0,132,331,13,472,48,33,12,0,86,78,3,167,17500,16967,6191,392,41053,15561,1180,57791
LGA25430,2135,1633,722,64,4554,2149,241,6949,33,11,16,6,63,182,8,260,0,3,0,0,7,4,0,11,32,15,16,6,70,188,8,266,0,0,0,0,5,50,0,56,0,0,0,0,0,0,0,0,0,0,0,0,0,0,0,0,0,0,0,0,0,0,0,0,4,0,0,0,5,50,0,57,0,0,0,0,0,11,0,12,4,0,0,0,4,7,0,9,0,0,0,0,0,0,0,5,4,3,0,0,11,6,0,16,14,6,0,0,18,23,0,43,22,13,3,0,36,19,0,58,2203,1669,751,64,4691,2426,259,7374
LGA25490,1864,1827,465,53,4209,1358,122,5687,4,5,8,0,15,51,0,72,6,4,0,0,14,3,0,17,16,5,7,0,27,60,0,85,3,0,3,0,7,15,3,23,0,0,0,0,0,0,0,0,0,0,0,0,0,0,0,0,0,0,0,0,0,0,0,0,6,0,3,0,8,15,3,26,4,0,0,0,3,10,0,16,0,0,0,0,0,7,0,6,0,0,0,0,0,0,0,4,7,4,0,0,15,3,4,27,10,8,0,0,21,23,3,46,14,12,7,0,30,10,0,46,1905,1851,479,56,4296,1473,127,5897
LGA25620,1698,1297,387,33,3418,1346,113,4870,33,3,6,0,40,83,5,127,0,0,0,0,0,0,0,0,33,10,6,0,46,83,5,134,12,0,3,0,13,44,0,57,0,0,0,0,0,0,0,0,0,0,0,0,0,0,0,0,0,0,0,0,0,3,0,3,12,0,3,0,13,41,0,54,9,0,0,0,16,52,3,72,4,0,0,0,4,36,3,45,4,4,0,0,10,9,0,24,9,5,3,0,12,10,0,18,26,14,8,0,47,106,7,152,16,14,0,0,25,22,5,48,1786,1330,399,35,3542,1595,128,5263
LGA25710,4795,9380,1701,123,16007,2286,205,18502,55,31,44,3,132,192,15,332,74,98,70,5,248,81,12,345,132,130,116,7,379,276,27,682,105,61,58,4,235,247,7,487,0,0,3,0,4,6,0,17,0,0,0,0,0,0,0,0,0,0,0,0,0,0,0,0,112,62,65,4,244,256,7,506,5,0,0,0,5,0,0,7,0,0,0,0,0,0,0,0,0,0,0,0,0,3,0,3,3,0,0,0,5,0,0,4,3,4,0,0,12,3,0,15,17,21,0,0,35,16,3,56,5057,9606,1888,135,16680,2835,248,19759
LGA25810,1411,1011,377,40,2841,1359,130,4333,3,0,0,0,9,75,3,87,0,0,0,0,0,0,0,0,3,0,3,0,12,75,3,87,24,5,6,0,39,118,3,166,0,0,0,0,0,0,0,0,0,0,0,0,0,0,0,0,0,0,0,0,0,0,0,0,24,5,6,0,39,120,3,163,3,0,0,0,3,20,0,25,3,0,3,0,3,10,0,16,0,0,0,0,0,0,0,0,9,0,0,0,7,7,0,13,12,3,3,0,20,40,0,56,21,7,3,3,37,10,4,52,1470,1033,405,45,2949,1596,142,4695
LGA25900,1014,1644,321,44,3027,730,214,3974,1573,1730,425,81,3809,1633,348,5788,1432,1641,454,58,3586,1106,277,4974,3006,3365,881,136,7392,2741,625,10764,1653,590,350,104,2699,3088,808,6591,2664,727,496,173,4067,5473,1263,10800,3986,966,555,208,5717,5443,1105,12262,15,8,8,0,29,23,4,49,8326,2290,1406,478,12504,14022,3176,29702,0,0,0,0,0,0,0,3,0,0,0,0,0,0,0,3,0,0,0,0,0,0,0,0,144,40,24,8,210,222,55,482,144,40,19,8,210,221,54,484,53,21,5,0,80,82,19,183,12542,7361,2634,675,23217,17802,4091,45110
LGA25990,867,645,217,13,1749,831,77,2653,0,0,0,0,0,0,0,0,0,0,0,0,0,0,0,0,0,0,0,0,0,0,0,0,0,0,0,0,5,20,0,21,0,0,0,0,0,0,0,0,0,0,0,0,0,0,0,0,0,0,0,0,0,0,0,0,0,0,0,0,5,20,0,21,3,0,0,0,3,7,0,13,0,0,0,0,0,7,3,7,0,0,0,0,0,3,0,3,3,0,0,0,3,0,0,3,8,0,0,0,3,19,4,27,3,3,0,0,12,6,0,18,877,652,220,17,1766,869,85,2723
LGA26080,410,208,69,8,695,347,10,1048,19,3,0,0,20,39,0,63,7,3,0,0,8,7,0,20,22,3,3,0,33,44,0,80,6,0,0,0,12,21,0,32,0,0,0,0,0,0,0,0,0,0,0,0,0,0,0,0,0,0,0,0,0,0,0,0,6,0,0,0,12,21,0,32,0,0,0,0,0,0,0,0,0,0,0,0,0,0,0,0,0,0,0,0,0,0,0,0,0,3,0,0,4,8,0,8,5,3,0,0,7,5,0,13,3,3,0,0,9,3,0,11,450,217,72,8,746,420,16,1181
LGA26170,3410,2830,924,64,7223,2722,206,10155,43,4,20,0,64,173,6,240,0,0,0,0,3,4,0,10,39,10,20,0,68,177,6,249,47,11,10,3,77,177,5,250,0,0,0,0,0,0,0,0,0,0,0,0,0,0,0,0,0,0,0,0,0,3,0,7,47,9,10,3,74,179,5,254,8,0,0,0,9,29,0,32,3,0,0,0,3,0,0,5,4,0,0,0,3,0,0,3,13,8,0,0,21,18,0,42,18,11,0,0,36,46,0,80,12,6,8,0,25,22,3,49,3534,2867,955,68,7428,3147,222,10796
LGA26260,1868,1596,538,33,4032,1768,132,5936,21,10,10,0,40,123,0,166,0,4,0,0,4,3,0,8,21,13,10,0,44,125,3,177,9,3,3,0,23,75,6,106,0,0,0,0,0,0,0,0,0,0,0,0,0,0,0,0,0,0,0,0,0,0,0,0,9,3,4,0,24,75,6,106,0,0,0,0,0,6,0,8,0,0,0,0,0,0,0,4,0,0,0,0,0,0,0,0,11,7,5,0,17,5,3,28,11,8,4,0,23,11,3,38,20,15,4,0,40,33,0,71,1928,1635,561,35,4164,2020,142,6326
LGA26350,2842,5619,963,142,9566,1881,458,11898,1384,1072,351,75,2887,1536,531,4952,1274,1060,352,56,2746,1033,329,4106,2659,2128,705,134,5632,2574,863,9065,1631,565,318,112,2621,2479,731,5822,2263,486,270,188,3203,3786,1136,8127,2357,409,352,183,3298,4113,972,8381,3,0,0,0,3,5,0,9,6251,1457,934,486,9125,10381,2844,22347,0,0,0,0,0,0,0,0,0,3,0,0,3,0,0,8,0,0,0,0,0,4,0,0,65,19,4,9,90,124,30,247,65,28,6,9,95,125,30,257,39,24,14,3,79,58,21,159,11849,9251,2620,769,24489,15013,4219,43724
LGA26430,1373,857,361,28,2621,1151,95,3866,12,0,8,0,14,101,0,119,0,0,0,0,0,0,0,5,11,3,8,0,19,104,0,120,11,3,4,0,21,68,3,94,0,0,0,0,0,0,0,0,0,0,0,0,0,0,0,0,0,0,0,0,0,0,0,0,11,3,4,0,21,68,3,94,4,0,0,0,8,19,0,27,4,3,0,0,6,13,0,19,3,0,0,0,3,4,0,7,3,3,3,0,12,4,0,15,15,6,3,0,30,40,0,61,14,0,0,0,18,11,0,24,1425,868,376,28,2703,1370,100,4174
LGA26490,2916,3532,761,67,7278,1842,247,9358,66,24,26,3,122,135,19,272,90,81,32,0,208,79,30,314,162,107,52,8,329,213,46,583,19,5,7,0,27,52,6,86,12,3,0,0,13,25,0,38,0,0,0,0,0,4,0,10,0,0,0,0,0,0,0,0,31,15,7,0,50,79,6,129,3,0,0,0,7,0,0,3,0,0,0,0,5,8,0,11,3,0,0,0,6,3,0,8,8,3,0,0,11,4,0,14,14,8,3,0,26,17,0,43,19,10,0,0,31,14,0,46,3140,3674,825,73,7703,2160,294,10163
LGA26610,1888,1927,656,70,4541,1558,196,6294,52,17,21,0,92,161,18,272,0,0,0,0,0,9,0,11,49,17,21,0,91,168,17,276,55,39,25,6,123,248,39,410,0,0,0,0,0,0,0,0,0,0,0,0,0,0,0,0,0,0,0,0,0,3,0,3,55,39,25,6,130,245,39,412,12,3,0,0,12,26,8,48,3,5,0,0,10,21,8,38,3,0,0,0,3,3,3,10,5,4,3,0,17,9,0,19,22,15,3,0,39,64,13,113,38,27,9,0,78,21,0,103,2061,2017,715,75,4871,2058,262,7198
LGA26670,847,541,153,15,1548,659,48,2259,3,0,0,0,4,19,0,24,0,0,0,0,0,0,0,0,3,0,0,0,4,19,0,24,0,0,0,0,0,11,0,12,0,0,0,0,0,0,0,0,0,0,0,0,0,0,0,0,0,0,0,0,0,0,0,0,0,0,0,0,0,11,0,12,4,0,0,0,3,10,0,13,0,0,0,0,3,0,0,4,0,0,0,0,0,0,0,0,0,0,0,0,0,4,0,8,8,0,0,0,7,13,0,24,9,3,0,0,8,6,0,15,859,543,159,15,1574,705,53,2333
LGA26700,3090,2821,1033,86,7025,2455,242,9726,163,43,60,9,268,708,36,1012,5,3,4,0,14,30,0,49,170,43,61,8,283,742,40,1066,3,4,9,0,13,62,3,75,0,0,0,0,0,0,0,0,0,0,0,0,0,4,0,4,0,0,0,0,0,0,0,0,0,7,9,0,18,66,3,78,4,5,3,0,8,24,0,27,3,3,0,0,7,10,0,20,0,0,0,0,3,0,0,3,6,6,0,0,13,7,0,20,9,11,4,0,32,43,0,71,10,4,9,0,23,9,0,35,3286,2881,1112,97,7377,3311,283,10980
LGA26730,2980,3283,1221,101,7592,2346,378,10316,217,56,121,9,413,759,56,1220,84,27,28,0,142,151,20,319,301,89,150,12,554,910,75,1537,68,21,44,7,144,388,37,565,17,0,0,0,15,56,3,75,0,0,0,0,0,0,0,0,0,0,0,0,0,0,0,0,82,23,44,7,155,445,41,645,3,4,0,0,6,3,0,7,20,8,3,0,31,29,4,63,0,0,0,0,0,0,0,0,4,0,0,0,4,4,0,4,27,6,3,0,41,36,4,79,19,15,4,0,32,22,3,60,3410,3421,1425,125,8377,3757,505,12637
LGA26810,4741,4202,1461,125,10528,4016,373,14918,56,21,30,8,110,338,20,466,8,3,7,0,24,59,0,81,70,24,37,8,135,390,17,541,54,20,22,6,106,243,19,364,8,5,0,0,15,10,5,31,0,0,0,0,0,0,0,0,0,0,0,0,0,0,0,0,65,28,21,6,118,253,26,399,17,7,3,0,27,33,0,61,11,4,0,0,17,31,0,44,0,0,0,0,4,7,0,6,13,7,7,0,22,14,5,42,36,11,10,0,64,77,6,152,20,20,6,0,42,32,0,77,4923,4285,1545,136,10887,4775,424,16082
LGA26890,507,383,97,19,1009,483,28,1524,0,0,0,0,0,22,0,23,0,0,0,0,0,0,0,0,0,0,0,0,0,22,0,23,0,0,0,0,3,15,0,15,0,0,0,0,0,0,0,0,0,0,0,0,0,0,0,0,0,0,0,0,0,0,0,0,0,0,0,0,3,15,0,15,0,0,0,0,0,3,0,3,0,0,0,0,0,0,0,0,0,0,0,0,0,0,0,0,8,5,0,0,6,3,0,10,8,5,0,0,6,6,0,19,0,0,0,0,0,3,0,4,519,389,99,19,1024,536,28,1586
LGA26980,9345,17019,3985,554,30904,7038,1674,39612,2343,1841,934,105,5225,3931,482,9638,1046,1442,531,84,3110,772,391,4265,3396,3287,1469,182,8331,4701,870,13902,454,283,145,39,927,931,203,2053,329,126,96,35,578,617,172,1369,313,81,55,21,471,571,117,1162,3,3,0,0,9,8,3,13,1099,494,295,89,1982,2126,491,4594,0,3,0,0,3,0,0,3,0,0,0,0,0,3,0,4,0,0,0,0,0,0,0,0,8,12,4,3,27,10,3,45,8,16,4,3,35,13,3,48,32,28,13,0,77,56,18,148,13881,20842,5766,838,41326,13931,3050,58308
LGA27070,12070,25047,6839,672,44623,7607,1144,53377,1099,1558,626,60,3346,1306,190,4846,699,1114,553,69,2436,638,188,3266,1802,2675,1182,125,5785,1940,385,8110,322,305,166,34,820,494,63,1384,99,38,32,7,170,233,34,438,43,11,3,5,63,121,59,238,0,0,0,0,0,0,0,0,461,349,202,39,1046,850,158,2062,0,0,0,0,0,0,0,0,0,0,0,0,3,0,0,3,0,0,0,0,0,0,0,0,0,9,3,0,13,3,3,20,0,17,3,0,20,8,3,25,27,33,12,0,75,33,3,108,14358,28115,8235,837,51550,10434,1692,63678
LGA27170,3561,4039,1649,109,9361,2611,351,12316,231,84,155,15,491,825,69,1382,26,10,24,0,63,34,8,108,257,97,183,17,554,863,80,1492,48,13,36,3,97,208,20,333,0,0,0,0,0,0,0,0,0,0,0,0,0,0,0,0,0,0,0,0,0,0,0,0,48,14,36,3,103,208,20,333,10,0,0,0,10,7,0,15,0,0,0,0,0,4,0,9,0,0,0,0,0,3,0,3,0,7,3,0,12,12,0,18,10,8,3,0,19,24,0,46,29,21,6,3,58,16,0,78,3906,4180,1875,128,10091,3726,446,14260
LGA27260,11771,28154,6860,586,47369,7226,1363,55956,1583,2616,786,83,5072,1766,170,7013,543,883,281,37,1745,439,105,2285,2126,3502,1070,118,6818,2205,273,9298,262,315,183,25,786,510,67,1366,15,0,5,0,20,17,0,42,18,7,4,0,35,42,0,81,0,0,0,0,0,0,0,4,301,328,192,22,846,580,64,1486,23,3,7,0,33,71,8,107,0,0,0,0,8,4,0,6,0,0,0,0,0,0,0,0,0,10,0,0,8,0,0,13,23,15,7,0,47,73,8,123,13,27,3,0,45,32,0,82,14242,32023,8134,728,55128,10116,1704,66946
LGA27350,1308,1484,369,90,3257,1112,716,5083,2408,1753,492,140,4795,2064,1366,8224,1787,1309,422,100,3624,1221,1025,5872,4195,3061,910,243,8418,3283,2391,14091,908,230,168,54,1359,1708,489,3564,1145,283,227,70,1727,2056,528,4308,2580,783,873,178,4418,3454,916,8788,3,0,0,0,5,3,0,11,4635,1296,1274,304,7512,7220,1936,16670,0,0,0,0,0,0,0,0,0,0,0,0,0,0,0,0,0,0,0,0,0,0,0,0,58,30,8,14,102,61,51,217,58,30,13,14,104,61,51,223,47,32,12,3,94,75,21,189,10250,5911,2573,656,19384,11757,5104,36254
LGA27450,13405,19014,5646,420,38491,9023,1034,48543,474,152,226,18,865,1231,40,2139,127,86,95,4,302,189,22,512,599,237,317,17,1173,1418,59,2647,22,24,24,3,77,95,3,179,37,0,0,0,37,14,0,49,0,0,0,0,4,0,0,8,3,0,3,0,3,3,0,8,62,29,30,3,122,110,3,243,15,3,6,0,27,84,0,115,24,0,3,0,24,69,0,95,3,10,4,0,11,4,0,18,5,11,9,0,28,13,0,39,48,24,20,0,91,172,7,265,44,51,25,4,121,74,8,205,14160,19358,6037,449,39998,10796,1108,51905
LGA27630,837,562,231,17,1651,849,56,2555,4,0,0,0,4,7,0,15,0,0,0,0,0,0,0,0,4,0,0,0,4,7,0,15,3,0,0,0,6,43,0,46,0,0,0,0,0,0,0,0,0,0,0,0,0,0,0,0,0,0,0,0,0,0,0,0,3,0,0,0,6,47,0,50,0,0,0,0,0,7,0,7,0,0,0,0,0,0,0,0,0,0,0,0,0,0,0,0,12,3,3,0,17,8,0,24,12,3,3,0,17,16,0,29,8,10,0,0,14,14,3,32,862,572,236,17,1690,930,61,2679
LGA29399,15,8,0,0,25,17,0,46,0,3,0,0,3,0,0,3,0,0,0,0,0,0,0,4,0,3,0,0,3,0,0,6,3,0,4,0,13,13,4,34,0,3,4,0,9,4,3,13,6,8,3,0,21,15,3,35,0,0,0,0,0,0,0,0,12,12,14,0,35,37,13,86,0,0,0,0,0,3,0,3,0,0,0,0,3,0,0,3,0,0,0,0,0,0,0,0,0,0,0,0,0,0,0,0,0,0,0,0,3,4,0,8,0,0,0,0,4,3,0,5,34,29,16,0,73,64,13,151
LGA29499,0,0,0,0,0,0,0,0,0,0,0,0,0,0,0,0,0,0,0,0,0,0,0,0,0,0,0,0,0,0,0,0,0,0,0,0,0,0,0,0,0,0,0,0,0,0,0,0,0,0,0,0,0,0,0,0,0,0,0,0,0,0,0,0,0,0,0,0,0,0,0,0,0,0,0,0,0,0,0,0,0,0,0,0,0,0,0,0,0,0,0,0,0,0,0,0,0,0,0,0,0,0,0,0,0,0,0,0,0,0,0,0,0,0,0,0,0,0,0,0,0,0,0,0,0,0,0,0
LGA29799,0,0,0,0,0,0,0,0,0,0,0,0,0,0,0,0,0,0,0,0,0,0,0,0,0,0,0,0,0,0,0,0,0,0,0,0,0,0,0,0,0,0,0,0,0,0,0,0,0,0,0,0,0,0,0,0,0,0,0,0,0,0,0,0,0,0,0,0,0,0,0,0,0,0,0,0,0,0,0,0,0,0,0,0,0,0,0,0,0,0,0,0,0,0,0,0,0,0,0,0,0,0,0,0,0,0,0,0,0,0,0,0,0,0,0,0,0,0,0,0,0,0,0,0,0,0,0,0
