LGA_CODE_2016,F_ID_NS_15_19,F_ID_NS_20_24,F_ID_NS_25_34,F_ID_NS_35_44,F_ID_NS_45_54,F_ID_NS_55_64,F_ID_NS_65_74,F_ID_NS_75_84,F_ID_NS_85ov,F_ID_NS_Tot,F_Tot_15_19,F_Tot_20_24,F_Tot_25_34,F_Tot_35_44,F_Tot_45_54,F_Tot_55_64,F_Tot_65_74,F_Tot_75_84,F_Tot_85ov,F_Tot_Tot,P_Ag_For_Fshg_15_19,P_Ag_For_Fshg_20_24,P_Ag_For_Fshg_25_34,P_Ag_For_Fshg_35_44,P_Ag_For_Fshg_45_54,P_Ag_For_Fshg_55_64,P_Ag_For_Fshg_65_74,P_Ag_For_Fshg_75_84,P_Ag_For_Fshg_85ov,P_Ag_For_Fshg_Tot,P_Mining_15_19,P_Mining_20_24,P_Mining_25_34,P_Mining_35_44,P_Mining_45_54,P_Mining_55_64,P_Mining_65_74,P_Mining_75_84,P_Mining_85ov,P_Mining_Tot,P_Manufact_15_19,P_Manufact_20_24,P_Manufact_25_34,P_Manufact_35_44,P_Manufact_45_54,P_Manufact_55_64,P_Manufact_65_74,P_Manufact_75_84,P_Manufact_85ov,P_Manufact_Tot,P_El_Gas_Wt_Waste_15_19,P_El_Gas_Wt_Waste_20_24,P_El_Gas_Wt_Waste_25_34,P_El_Gas_Wt_Waste_35_44,P_El_Gas_Wt_Waste_45_54,P_El_Gas_Wt_Waste_55_64,P_El_Gas_Wt_Waste_65_74,P_El_Gas_Wt_Waste_75_84,P_El_Gas_Wt_Waste_85ov,P_El_Gas_Wt_Waste_Tot,P_Constru_15_19,P_Constru_20_24,P_Constru_25_34,P_Constru_35_44,P_Constru_45_54,P_Constru_55_64,P_Constru_65_74,P_Constru_75_84,P_Constru_85ov,P_Constru_Tot,P_WhlesaleTde_15_19,P_WhlesaleTde_20_24,P_WhlesaleTde_25_34,P_WhlesaleTde_35_44,P_WhlesaleTde_45_54,P_WhlesaleTde_55_64,P_WhlesaleTde_65_74,P_WhlesaleTde_75_84,P_WhlesaleTde_85ov,P_WhlesaleTde_Tot,P_RetTde_15_19,P_RetTde_20_24,P_RetTde_25_34,P_RetTde_35_44,P_RetTde_45_54,P_RetTde_55_64,P_RetTde_65_74,P_RetTde_75_84,P_RetTde_85ov,P_RetTde_Tot,P_Accom_food_15_19,P_Accom_food_20_24,P_Accom_food_25_34,P_Accom_food_35_44,P_Accom_food_45_54,P_Accom_food_55_64,P_Accom_food_65_74,P_Accom_food_75_84,P_Accom_food_85ov,P_Accom_food_Tot,P_Trans_post_wrehsg_15_19,P_Trans_post_wrehsg_20_24,P_Trans_post_wrehsg_25_34,P_Trans_post_wrehsg_35_44,P_Trans_post_wrehsg_45_54,P_Trans_post_wrehsg_55_64,P_Trans_post_wrehsg_65_74,P_Trans_post_wrehsg_75_84,P_Trans_post_wrehsg_85ov,P_Trans_post_wrehsg_Tot,P_Info_media_teleco_15_19,P_Info_media_teleco_20_24,P_Info_media_teleco_25_34,P_Info_media_teleco_35_44,P_Info_media_teleco_45_54,P_Info_media_teleco_55_64,P_Info_media_teleco_65_74,P_Info_media_teleco_75_84,P_Info_media_teleco_85ov,P_Info_media_teleco_Tot,P_Fin_Insur_15_19,P_Fin_Insur_20_24,P_Fin_Insur_25_34,P_Fin_Insur_35_44,P_Fin_Insur_45_54,P_Fin_Insur_55_64,P_Fin_Insur_65_74,P_Fin_Insur_75_84,P_Fin_Insur_85ov,P_Fin_Insur_Tot,P_RtnHir_REst_15_19,P_RtnHir_REst_20_24,P_RtnHir_REst_25_34,P_RtnHir_REst_35_44,P_RtnHir_REst_45_54,P_RtnHir_REst_55_64,P_RtnHir_REst_65_74,P_RtnHir_REst_75_84,P_RtnHir_REst_85ov,P_RtnHir_REst_Tot,P_Pro_scien_tec_15_19,P_Pro_scien_tec_20_24,P_Pro_scien_tec_25_34,P_Pro_scien_tec_35_44,P_Pro_scien_tec_45_54,P_Pro_scien_tec_55_64,P_Pro_scien_tec_65_74,P_Pro_scien_tec_75_84,P_Pro_scien_tec_85ov,P_Pro_scien_tec_Tot,P_Admin_supp_15_19,P_Admin_supp_20_24,P_Admin_supp_25_34,P_Admin_supp_35_44,P_Admin_supp_45_54,P_Admin_supp_55_64,P_Admin_supp_65_74,P_Admin_supp_75_84,P_Admin_supp_85ov,P_Admin_supp_Tot,P_Public_admin_sfty_15_19,P_Public_admin_sfty_20_24,P_Public_admin_sfty_25_34,P_Public_admin_sfty_35_44,P_Public_admin_sfty_45_54,P_Public_admin_sfty_55_64,P_Public_admin_sfty_65_74,P_Public_admin_sfty_75_84,P_Public_admin_sfty_85ov,P_Public_admin_sfty_Tot,P_Educ_trng_15_19,P_Educ_trng_20_24,P_Educ_trng_25_34,P_Educ_trng_35_44,P_Educ_trng_45_54,P_Educ_trng_55_64,P_Educ_trng_65_74,P_Educ_trng_75_84,P_Educ_trng_85ov,P_Educ_trng_Tot,P_HlthCare_SocAs_15_19,P_HlthCare_SocAs_20_24,P_HlthCare_SocAs_25_34,P_HlthCare_SocAs_35_44,P_HlthCare_SocAs_45_54,P_HlthCare_SocAs_55_64,P_HlthCare_SocAs_65_74,P_HlthCare_SocAs_75_84,P_HlthCare_SocAs_85ov,P_HlthCare_SocAs_Tot,P_Art_recn_15_19,P_Art_recn_20_24,P_Art_recn_25_34,P_Art_recn_35_44,P_Art_recn_45_54,P_Art_recn_55_64,P_Art_recn_65_74,P_Art_recn_75_84,P_Art_recn_85ov,P_Art_recn_Tot
LGA20110,13,7,7,18,10,23,3,3,0,83,181,138,334,551,694,616,132,18,9,2668,12,28,52,67,119,121,63,28,5,495,0,0,3,3,4,8,5,0,0,29,31,36,74,74,119,106,19,3,0,461,0,0,6,13,28,34,3,0,0,87,27,44,86,85,99,83,11,0,0,434,3,3,11,14,33,13,3,0,0,79,90,35,40,81,147,109,27,0,0,531,101,68,109,157,152,124,44,0,0,758,0,10,12,31,43,61,16,0,0,180,0,3,3,14,3,7,3,0,0,28,0,3,13,19,24,11,0,0,0,72,3,7,17,21,28,21,9,0,0,101,0,3,23,58,65,49,20,0,0,224,7,8,32,40,55,55,10,0,0,205,3,3,33,69,75,71,11,0,0,276,8,15,43,120,105,120,28,0,0,433,5,25,85,98,176,195,36,3,0,626,12,4,13,25,30,17,7,0,0,113
LGA20260,8,5,10,10,9,18,5,6,0,73,142,146,361,411,551,449,120,22,0,2202,11,22,91,144,113,169,116,37,3,701,0,4,11,12,8,5,0,0,0,42,44,76,122,97,97,88,28,0,0,560,0,0,5,11,16,4,0,0,0,36,16,31,61,32,62,49,13,6,3,263,5,12,24,18,29,22,3,0,0,108,70,44,56,60,79,49,16,5,0,381,96,27,37,38,39,47,11,0,0,290,0,0,18,27,27,31,13,0,0,121,3,3,9,10,4,5,3,0,0,36,0,0,11,3,14,10,3,0,0,37,0,3,6,9,13,17,3,0,0,44,8,8,19,14,21,21,3,0,0,92,4,3,12,14,26,24,5,3,0,95,3,12,65,117,203,128,21,0,0,555,3,10,55,54,64,69,14,0,0,270,7,39,106,114,204,174,27,3,0,673,5,7,11,8,16,11,7,0,0,57
LGA20570,46,51,78,100,125,98,31,11,3,540,1459,2454,4536,4607,4839,3448,618,49,15,22028,22,66,115,120,143,103,101,31,3,701,6,18,89,91,95,43,0,0,0,334,140,245,614,885,936,598,84,3,3,3516,7,25,82,104,116,80,7,0,0,417,185,587,1139,770,712,487,79,3,4,3972,40,74,169,206,232,143,36,6,0,911,735,902,1034,807,830,603,142,16,3,5068,1011,779,587,416,354,242,57,3,3,3454,24,73,279,298,392,371,107,15,0,1551,33,87,257,226,183,100,22,0,0,917,0,57,175,178,204,122,24,3,0,770,7,64,131,103,112,79,31,3,0,535,32,238,634,605,461,303,113,13,0,2396,22,97,210,230,278,221,37,8,0,1102,29,122,584,727,689,489,81,5,3,2730,88,315,987,1168,1211,938,179,4,0,4890,69,586,1688,1643,1785,1496,238,13,3,7531,91,159,196,150,148,108,49,5,0,906
LGA20660,29,63,187,203,194,120,46,18,4,870,1287,2461,6121,6578,6329,4614,1012,93,12,28505,8,18,27,44,37,28,12,3,0,178,0,4,26,33,38,31,0,0,0,135,98,188,585,832,904,631,183,19,0,3446,4,24,135,151,123,98,22,0,0,551,118,495,1299,1145,1032,661,155,12,3,4914,24,99,338,453,470,301,68,11,0,1762,740,975,1064,772,830,650,188,21,0,5240,717,630,570,402,351,186,45,0,4,2920,27,108,387,469,579,417,107,4,0,2096,39,81,301,404,302,172,23,0,0,1327,18,113,677,869,613,323,60,12,0,2683,17,86,224,222,177,156,56,11,3,951,39,350,1350,1744,1179,807,245,33,8,5742,18,138,387,430,400,322,81,8,0,1776,58,226,817,1122,1061,723,146,22,0,4175,132,410,1290,1544,1565,1421,307,12,0,6683,55,506,1952,2044,2062,1737,475,36,0,8867,179,231,270,219,180,134,53,12,0,1277
LGA20740,19,11,20,48,43,53,10,4,3,214,342,333,971,1188,1515,1337,318,39,11,6064,18,21,93,92,136,133,118,57,4,682,0,0,15,18,17,13,4,0,0,67,39,40,90,115,156,133,41,3,0,629,5,5,43,60,69,54,3,0,0,237,45,124,313,334,375,279,78,5,7,1559,3,18,56,55,93,83,16,0,0,322,201,120,224,276,315,272,59,3,0,1469,210,143,228,147,196,193,47,4,0,1162,4,3,29,51,100,117,51,7,0,362,7,3,13,25,33,27,3,0,0,108,0,3,30,46,43,20,13,0,0,163,9,10,37,39,65,47,18,0,0,223,6,19,89,94,129,136,52,5,0,535,13,20,65,102,120,78,41,3,3,446,3,7,87,144,158,141,25,0,0,572,15,28,182,241,244,221,34,3,0,967,12,58,234,281,443,468,88,7,7,1584,33,29,72,87,98,98,38,0,0,460
LGA20830,13,24,44,54,83,55,29,7,0,308,604,841,1866,1948,2437,1870,401,64,3,10034,51,99,288,342,378,417,283,101,14,1979,0,8,35,40,33,34,4,0,0,153,65,136,317,315,405,245,48,13,0,1546,3,15,65,72,132,120,18,0,0,427,145,305,633,459,480,342,68,0,3,2435,13,34,111,117,156,104,20,4,0,566,226,250,348,302,363,273,65,12,0,1836,443,216,176,149,165,123,27,0,0,1297,8,36,95,140,219,213,60,3,0,771,12,17,51,46,45,47,11,0,0,232,8,21,88,90,94,55,21,0,0,377,3,29,54,62,46,24,22,3,0,243,16,66,192,215,198,213,68,8,0,983,22,29,81,103,149,121,28,5,0,534,3,39,224,256,304,219,50,4,3,1110,38,87,357,446,560,489,78,5,0,2057,38,184,474,494,679,595,106,6,0,2579,32,33,47,46,45,54,11,4,0,264
LGA20910,34,55,117,193,286,159,58,9,4,918,1093,1738,3213,4816,6227,3953,1135,93,17,22283,3,8,13,29,36,30,27,4,0,149,0,3,17,32,67,38,5,0,0,163,76,101,315,516,766,474,171,16,0,2436,0,20,65,116,115,60,10,0,0,395,67,255,550,614,784,490,150,19,0,2933,26,88,194,402,559,335,115,20,3,1743,537,721,559,705,815,576,248,40,0,4205,596,595,346,299,286,151,65,5,0,2346,6,57,162,263,410,263,71,7,7,1256,41,82,179,331,409,198,34,3,0,1288,17,123,400,990,991,465,146,21,13,3154,18,76,187,264,417,221,119,17,3,1321,43,363,963,1688,1951,1274,521,62,0,6851,19,87,197,331,418,254,105,16,0,1433,8,46,265,474,586,407,106,7,4,1905,175,273,529,816,1275,1152,305,27,0,4541,52,235,720,1022,1530,1278,369,30,3,5246,197,179,184,231,243,132,59,6,0,1238
LGA21010,9,8,16,14,21,18,12,4,0,99,165,182,402,458,707,638,152,18,4,2728,15,19,53,61,96,142,129,31,6,557,0,3,6,11,8,4,0,0,0,27,23,51,65,106,124,106,15,3,0,498,0,6,20,10,20,25,0,0,0,86,20,54,91,79,107,102,22,0,0,477,7,8,32,44,53,43,13,0,0,202,73,53,90,84,110,76,22,3,0,510,113,46,54,52,65,50,13,0,0,383,3,17,33,36,66,81,20,0,0,256,0,3,7,4,10,14,0,0,0,37,0,3,8,15,17,16,0,0,0,65,0,0,14,8,11,15,10,0,0,60,3,15,21,25,41,43,12,0,0,164,0,6,30,25,36,38,8,3,0,158,0,12,37,63,115,104,23,3,0,357,0,22,84,88,136,107,24,3,0,462,4,43,114,147,203,254,48,0,0,812,15,13,12,13,24,9,5,0,0,97
LGA21110,58,143,265,304,351,179,76,25,6,1408,1915,4332,8687,8009,9387,5990,1774,184,29,40305,12,24,47,42,75,52,52,16,3,310,0,0,48,75,70,45,17,0,0,258,123,249,672,799,1017,615,187,28,4,3699,7,38,220,181,181,58,14,0,0,702,57,363,947,747,887,482,192,16,3,3700,55,204,504,622,802,388,134,23,0,2727,827,1752,1580,1132,1350,782,272,31,5,7734,1082,1374,1198,600,578,284,78,7,0,5197,23,124,369,438,526,361,78,13,0,1942,88,220,611,580,544,277,69,3,0,2393,23,294,1312,1622,1532,708,212,30,6,5743,40,182,460,446,507,310,137,32,7,2124,91,961,2821,2795,2950,1913,714,83,13,12339,48,258,613,415,502,354,157,18,0,2373,19,162,687,746,908,718,197,23,0,3464,294,760,1700,1415,2029,1841,543,48,3,8638,104,755,2303,2296,2941,2364,813,96,11,11674,334,370,443,285,285,166,84,10,8,1976
LGA21180,68,217,491,480,428,247,42,9,3,1986,1666,4052,8988,7758,7507,4621,645,40,9,35291,5,43,140,103,133,76,9,3,0,507,0,0,21,25,21,18,3,0,0,91,113,482,1637,2235,2411,1600,194,10,0,8682,5,49,200,197,144,80,11,0,0,688,163,698,1714,1487,1199,786,126,11,0,6172,32,223,652,658,645,419,72,5,0,2703,823,1758,1978,1404,1443,854,160,11,0,8414,1300,1223,1468,735,727,464,68,4,0,5983,63,539,1983,1777,1744,1297,219,6,0,7635,39,138,355,353,213,75,17,0,0,1186,14,285,1095,785,478,214,26,0,4,2903,29,132,333,228,181,107,18,0,0,1041,26,359,1303,1021,632,348,93,10,0,3783,62,373,949,757,731,572,113,7,0,3557,28,222,829,838,856,612,121,8,0,3517,130,490,1180,1071,1082,777,130,10,0,4872,73,684,2164,1838,1718,1223,230,13,4,7932,117,231,369,231,170,115,24,0,0,1254
LGA21270,3,0,6,3,8,9,8,4,0,40,57,49,148,196,298,273,75,12,4,1115,13,33,60,105,176,205,98,29,10,727,0,0,0,0,0,0,0,0,0,9,6,7,12,10,23,20,4,0,0,81,0,0,0,0,10,3,0,0,0,17,5,9,32,26,30,22,7,0,0,135,4,11,15,9,19,16,3,0,0,82,39,22,20,35,42,31,4,0,3,202,21,8,15,22,24,22,7,0,0,125,0,3,15,25,37,41,12,0,0,132,0,0,0,3,0,3,3,0,0,14,0,0,10,4,9,4,0,0,0,33,0,0,4,0,0,0,0,0,0,6,0,3,17,11,5,7,3,0,0,46,0,5,8,6,8,14,0,0,0,42,0,3,18,19,32,32,14,0,0,120,3,8,41,47,75,59,10,0,0,244,16,11,31,49,84,96,14,0,0,304,0,0,0,4,0,4,3,0,0,12
LGA21370,17,19,28,37,64,47,23,8,3,241,493,539,1217,1469,1951,1507,305,51,16,7545,83,109,260,325,465,511,256,85,13,2115,0,4,12,15,21,6,3,0,0,72,95,190,328,421,493,410,46,0,4,1978,0,10,32,42,62,54,6,3,0,218,73,148,262,231,295,203,39,0,0,1259,7,20,56,68,85,63,20,3,0,320,301,135,265,273,351,267,52,5,3,1660,247,151,159,173,201,174,30,3,0,1128,13,18,65,109,177,162,59,3,0,607,14,11,12,14,20,24,3,0,0,94,3,18,40,39,62,40,5,3,0,208,3,10,25,28,32,28,8,0,0,136,20,45,112,111,114,71,30,0,0,509,4,22,52,84,95,84,13,3,0,357,8,22,83,134,180,139,26,4,0,592,43,37,200,235,276,245,35,6,0,1078,11,120,369,404,580,538,100,7,3,2135,28,20,35,40,23,35,16,0,0,192
LGA21450,47,85,162,170,203,133,37,8,3,836,1239,2115,4936,4692,4717,2680,492,58,15,20952,40,73,174,214,277,263,148,74,11,1277,0,8,43,46,47,27,10,0,0,184,128,323,927,1157,1240,705,113,9,0,4601,5,27,137,131,158,82,11,0,0,549,313,777,1680,1418,1162,604,114,10,0,6077,42,117,396,459,459,259,50,3,0,1785,537,731,1180,988,867,522,90,11,0,4933,829,449,371,248,218,106,24,3,0,2256,34,122,457,524,618,401,125,7,0,2280,31,51,128,129,149,57,11,0,0,555,11,76,267,287,214,121,28,4,0,1004,21,87,207,153,117,91,18,3,0,692,27,134,529,590,446,296,92,9,5,2119,26,118,356,339,332,206,55,0,3,1435,7,83,435,488,455,256,58,5,0,1790,67,192,825,896,799,534,99,6,0,3422,68,429,1191,1114,1220,800,148,10,0,4966,103,124,153,125,113,70,17,4,0,708
LGA21610,112,272,683,635,640,387,74,18,8,2826,3602,6387,14674,14822,13739,7880,1101,96,17,62315,42,90,210,271,285,190,76,22,3,1188,0,12,51,68,66,37,4,0,0,247,312,1063,3293,4639,4584,2746,400,18,3,17067,19,78,404,426,362,181,22,0,0,1504,587,1855,4064,3380,2805,1565,275,12,3,14545,112,429,1397,1745,1591,1005,127,6,0,6418,1973,2710,3501,3111,2608,1456,239,12,0,15620,2378,1373,1257,1009,780,419,67,8,0,7292,76,422,1635,1926,1979,1402,251,14,3,7710,82,227,583,553,385,181,20,3,0,2038,33,319,1348,1307,883,380,71,3,3,4343,44,194,470,420,356,228,52,14,0,1782,84,526,1915,2036,1292,730,167,25,0,6782,95,410,1092,1206,1102,771,138,18,0,4826,27,263,1171,1430,1345,870,153,33,0,5298,217,649,1893,2262,2020,1297,207,10,0,8558,184,1280,4134,4360,3985,2494,368,25,3,16830,272,349,439,360,312,181,44,5,0,1953
LGA21670,3,13,9,17,16,19,3,3,3,95,136,173,286,370,555,421,104,15,6,2068,10,22,46,43,60,63,40,14,0,305,0,3,11,13,13,7,0,0,0,41,30,57,111,132,159,114,17,0,0,620,3,0,9,8,12,7,3,0,0,33,11,46,53,45,73,69,6,0,0,301,3,3,6,11,19,15,8,0,0,59,85,75,84,82,110,104,19,8,0,567,84,33,33,50,35,44,9,3,0,292,0,3,19,31,57,62,13,0,0,186,0,3,6,4,14,7,3,0,0,39,0,4,7,17,15,5,0,0,0,51,0,0,0,4,10,7,3,0,0,19,0,4,15,23,21,29,15,0,0,113,0,7,10,10,27,37,5,0,0,97,3,12,28,52,97,56,12,3,0,259,3,15,59,67,77,66,13,0,0,294,11,42,88,96,198,150,25,0,0,612,0,7,9,14,15,16,6,0,0,75
LGA21750,10,12,20,25,37,29,12,3,7,154,292,352,734,804,1089,908,242,36,7,4471,22,75,179,170,248,239,197,53,11,1189,0,0,4,7,3,11,3,0,0,36,84,189,283,289,252,160,28,3,3,1292,0,0,14,13,35,16,0,0,0,88,47,76,153,133,134,121,25,5,0,691,5,16,21,40,48,39,6,0,0,180,138,83,128,143,173,166,35,3,0,871,185,111,140,124,132,115,29,0,0,836,4,24,52,71,81,95,42,5,0,368,8,5,26,21,21,14,8,0,0,102,3,3,22,26,31,21,0,0,0,114,0,5,15,16,26,17,7,3,0,89,7,13,56,56,64,69,22,3,0,288,7,16,50,73,74,83,19,3,0,330,3,9,63,91,141,134,20,3,0,472,13,22,93,111,155,159,36,8,0,597,16,67,180,215,345,312,66,9,0,1210,15,6,8,20,21,21,5,0,0,98
LGA21830,9,3,10,14,31,20,16,5,0,116,215,219,436,610,842,709,211,34,4,3282,83,137,278,377,526,463,252,75,12,2204,0,3,5,13,11,10,0,0,0,44,36,46,83,100,147,90,15,0,0,514,0,10,10,8,13,8,3,0,0,52,34,48,71,73,96,73,20,0,0,413,13,13,16,26,43,30,11,0,0,148,130,57,82,83,119,98,29,3,0,611,70,53,45,57,75,73,19,0,0,395,4,14,35,58,95,72,29,0,0,308,0,3,5,3,9,7,0,0,0,34,0,3,7,9,12,8,0,0,0,41,0,0,6,7,3,10,6,0,0,26,0,6,40,54,34,33,14,0,0,196,6,7,11,31,34,39,14,0,0,144,5,8,37,50,65,65,11,3,0,244,6,15,76,103,135,110,16,0,0,471,11,58,85,125,205,218,35,0,3,750,7,5,3,5,14,11,3,0,0,63
LGA21890,45,138,364,273,248,142,29,17,3,1249,1196,3569,10232,8449,7004,3621,571,59,14,34704,7,26,99,54,59,28,3,0,0,272,3,3,30,31,26,15,4,0,0,115,85,231,1025,967,978,617,101,15,3,4016,0,25,203,208,128,69,11,0,0,652,79,381,1373,1103,874,483,95,8,0,4399,29,119,466,488,446,209,42,5,0,1804,651,1335,1875,1150,993,507,106,10,3,6635,757,1285,1791,754,521,271,35,4,0,5418,18,136,727,634,668,408,94,12,0,2692,42,110,610,614,424,144,18,0,0,1967,15,144,1041,974,628,181,31,4,3,3018,16,92,323,248,175,76,19,0,0,947,22,415,2405,2179,1312,532,104,13,0,6988,26,260,779,589,513,338,66,3,0,2580,12,174,1088,1344,1216,613,98,14,3,4568,98,472,2065,1988,1717,1117,177,6,3,7651,72,617,2767,2290,1942,1295,199,16,0,9197,107,286,595,451,298,132,23,4,3,1899
LGA22110,13,11,21,37,59,74,26,8,0,264,473,545,1250,1532,2130,1854,460,64,12,8327,26,73,210,199,275,342,258,98,15,1498,0,0,28,37,41,28,9,0,0,137,51,102,250,241,307,272,57,4,0,1289,4,17,33,43,67,48,10,0,0,218,53,135,308,287,319,305,51,4,0,1469,10,35,62,71,90,50,22,3,0,350,288,180,309,294,385,340,86,9,0,1890,315,155,199,222,267,244,68,10,3,1486,8,15,55,99,174,177,79,3,0,617,10,18,18,17,23,27,12,0,0,122,0,15,34,39,55,37,13,0,0,186,7,12,34,32,33,46,20,3,0,189,7,26,79,116,122,135,78,9,0,583,17,23,61,102,114,114,38,3,0,484,12,28,149,197,268,197,53,0,0,895,28,66,231,305,417,367,77,4,0,1498,19,136,349,448,723,682,123,5,3,2488,14,15,30,44,49,51,8,0,0,223
LGA22170,55,100,247,277,281,175,58,10,6,1208,1740,2983,6579,6506,6916,4594,914,58,10,30305,13,37,64,78,90,58,19,5,3,360,0,5,25,34,44,21,10,0,0,138,147,419,1161,1608,1638,1109,173,18,0,6274,5,33,166,175,203,140,17,0,0,737,269,845,2149,1730,1475,897,163,14,9,7558,40,157,538,640,613,448,95,3,0,2532,949,1225,1551,1238,1252,941,215,13,3,7386,1144,665,577,416,375,253,52,0,0,3475,21,148,468,543,715,582,141,3,3,2624,48,83,192,228,188,106,21,3,0,875,14,107,398,415,364,217,60,10,0,1574,23,95,247,225,200,132,55,6,0,982,31,186,767,910,727,512,147,9,0,3288,37,145,421,492,597,414,104,6,0,2210,24,110,652,761,812,525,105,17,0,3013,93,303,1107,1179,1165,865,172,8,3,4880,100,635,1874,1851,2081,1619,332,15,4,8498,135,152,213,207,183,109,42,10,0,1059
LGA22250,5,6,8,11,12,16,12,3,0,74,118,125,284,351,529,452,143,21,0,2023,37,49,116,178,251,228,150,39,3,1058,3,5,5,9,11,10,3,0,0,50,18,30,51,55,66,45,11,4,0,284,0,3,16,20,23,21,3,0,0,86,18,39,57,59,79,53,14,0,0,322,5,11,18,7,18,16,4,0,0,86,79,40,47,71,110,85,25,0,0,458,36,23,30,23,32,45,7,3,0,193,3,4,25,17,44,63,17,6,0,179,0,0,3,0,6,5,0,0,0,19,0,4,6,14,12,14,4,0,0,54,0,4,8,0,3,3,3,0,0,23,3,8,21,24,28,36,5,0,0,123,0,4,9,18,19,24,3,0,0,79,8,9,32,48,59,49,15,0,0,219,0,7,42,54,73,58,11,0,0,246,7,31,79,94,141,142,38,0,0,525,0,0,4,10,5,16,0,0,0,39
LGA22310,45,93,285,265,257,157,61,17,10,1182,1238,2851,8286,7719,7621,4761,1230,112,23,33846,0,13,40,34,40,17,6,0,0,161,0,0,41,41,40,25,3,0,0,155,79,166,749,847,882,577,155,21,7,3476,3,24,212,224,144,58,12,4,0,674,74,332,1070,855,823,569,163,13,0,3892,24,137,560,638,662,387,112,13,3,2543,644,1105,1611,1215,1098,782,273,32,5,6773,684,874,1185,599,417,253,58,8,0,4079,10,94,402,464,516,403,102,12,3,2003,36,110,521,601,445,221,49,3,0,1981,14,165,1161,1390,971,422,107,8,4,4249,11,105,389,344,290,206,99,16,5,1456,52,478,2505,2707,2070,1169,398,45,4,9425,34,207,670,592,547,330,122,15,0,2525,11,109,626,779,859,599,123,20,0,3135,178,476,1574,1628,1846,1448,360,19,5,7528,81,517,2027,1917,2060,1577,489,56,4,8732,200,249,361,303,282,157,52,8,0,1614
LGA22410,12,10,15,18,23,22,13,9,0,127,268,239,512,756,1025,811,195,34,5,3849,43,77,119,190,230,265,175,57,10,1156,0,0,11,15,3,5,0,0,0,35,29,51,127,226,367,227,18,3,0,1054,0,3,19,12,30,15,5,0,0,86,22,52,100,79,117,94,12,5,0,479,9,18,25,35,57,48,6,0,0,197,168,59,98,113,150,116,16,4,0,712,145,79,69,71,87,63,21,0,0,538,5,31,66,120,132,137,43,0,0,540,0,6,8,9,10,8,3,0,0,43,0,5,18,14,17,23,6,0,0,85,3,5,14,11,20,13,3,3,0,78,3,9,34,55,61,51,21,3,0,236,3,7,19,41,49,45,15,4,0,186,6,15,53,95,142,109,15,0,0,431,20,21,71,130,176,122,33,0,0,572,12,62,167,212,331,309,43,4,0,1147,18,12,10,16,15,15,6,0,0,85
LGA22490,20,7,21,44,39,30,3,3,0,164,297,321,798,1128,1230,771,147,9,9,4704,24,36,92,112,149,152,139,32,7,737,0,3,14,26,21,13,0,0,0,75,42,54,122,235,272,162,17,0,4,905,0,3,23,36,37,11,0,0,0,114,61,121,244,333,260,125,24,0,0,1177,14,16,33,71,80,45,11,0,0,267,133,108,176,201,207,137,35,0,0,997,177,76,38,63,50,37,7,0,0,439,8,17,77,122,150,121,23,7,0,523,4,9,20,39,24,27,7,0,0,132,0,12,31,54,54,17,10,0,0,178,0,10,21,39,32,20,3,0,0,122,5,37,83,104,124,60,15,3,0,420,7,8,39,59,81,54,9,0,0,258,4,15,107,162,199,110,15,0,0,625,14,37,147,211,230,174,32,0,0,838,22,74,224,331,411,311,30,0,3,1396,15,14,24,30,26,21,3,0,0,134
LGA22620,48,61,104,120,114,108,46,11,3,600,1598,2581,4805,4786,5290,3980,710,60,25,23832,39,77,211,219,269,259,150,61,10,1294,4,66,235,210,196,84,9,0,0,798,205,506,932,813,931,710,107,8,4,4208,3,27,148,137,183,109,15,0,0,623,165,579,1203,914,839,581,104,12,3,4398,25,77,163,188,206,153,36,4,0,856,857,972,1038,888,924,705,162,21,0,5569,1072,743,556,367,353,239,48,3,0,3381,20,74,205,296,462,430,114,5,4,1605,24,47,140,139,111,81,20,0,0,566,12,124,475,551,436,226,42,0,0,1870,13,40,109,101,120,87,34,6,0,513,37,153,514,502,386,322,94,11,0,2013,29,95,245,284,352,293,61,8,3,1371,23,122,508,719,800,614,104,11,3,2890,72,282,859,1016,1108,848,151,6,5,4348,101,629,1705,1645,1973,1761,266,22,3,8113,80,103,120,120,117,103,40,9,0,694
LGA22670,40,167,448,381,334,223,46,8,3,1653,1039,2808,7267,5532,4813,3107,619,31,10,25227,15,59,214,172,187,137,22,5,0,814,0,3,22,22,9,12,0,0,0,65,120,632,2137,2309,2475,1590,236,15,0,9516,3,32,198,130,93,53,16,0,0,513,91,495,1384,1092,739,501,100,9,0,4423,33,186,690,602,540,327,63,3,0,2446,554,1272,1772,1136,898,538,103,3,0,6279,760,831,1151,595,476,319,52,0,0,4185,27,250,1102,759,679,506,124,5,0,3453,19,74,290,215,111,65,13,0,0,788,12,207,778,522,268,131,29,3,0,1960,12,72,219,143,112,64,18,3,0,649,16,282,1147,764,377,251,68,9,0,2916,36,310,875,504,455,329,80,7,0,2598,7,105,488,411,331,315,90,9,3,1752,57,232,719,673,586,397,104,9,0,2777,58,573,2155,1525,1258,930,218,6,0,6726,55,146,181,105,77,48,22,3,0,636
LGA22750,104,167,262,275,300,226,78,17,9,1447,3193,5208,10440,10693,11323,8035,1483,116,30,50516,31,102,189,214,254,202,106,48,12,1151,3,13,73,74,81,60,9,0,0,307,288,622,1450,1767,2001,1388,211,17,3,7749,12,86,342,312,327,200,31,0,0,1309,400,1258,2800,2315,1862,1278,226,28,8,10177,67,207,446,544,577,439,74,6,0,2360,1578,2151,2617,2095,2017,1475,300,26,3,12255,2293,1675,1268,897,761,528,162,12,3,7607,61,226,791,931,1166,994,228,15,4,4423,78,120,264,282,250,176,31,4,0,1205,12,167,777,816,726,358,73,9,3,2946,18,136,305,293,259,217,76,18,0,1317,59,376,1302,1492,1217,889,286,36,4,5656,50,196,561,704,828,615,181,13,0,3155,46,288,1235,1625,1804,1214,222,29,0,6461,163,569,2119,2441,2502,2009,347,22,0,10168,156,1137,3373,3443,3947,3197,564,33,5,15861,233,285,314,341,301,208,84,8,0,1780
LGA22830,24,47,84,79,87,67,26,10,3,426,911,1060,2469,2601,3054,2214,462,52,11,12832,44,117,375,413,497,444,242,80,8,2227,0,3,12,8,16,13,4,0,0,56,102,237,501,609,671,498,60,3,0,2698,16,34,172,178,182,101,18,0,0,694,103,264,522,434,452,327,68,6,0,2170,28,51,104,144,159,110,31,3,0,621,552,343,550,470,561,406,100,12,3,2995,483,206,233,190,189,139,37,3,0,1482,18,50,146,210,284,269,108,6,3,1089,17,35,70,42,54,40,11,3,0,271,5,39,81,105,103,74,12,0,0,422,7,28,51,53,79,47,14,3,0,283,32,92,254,221,246,172,55,4,3,1071,20,64,173,166,218,145,44,0,0,831,10,57,199,291,316,238,47,3,0,1167,68,118,441,482,556,434,75,4,0,2175,44,272,858,899,996,862,165,10,0,4105,46,24,52,44,45,28,13,0,0,252
LGA22910,6,9,7,20,30,24,12,3,0,102,110,185,359,616,836,758,188,19,3,3076,3,21,51,71,84,104,95,29,7,459,0,0,8,4,11,3,0,0,0,25,32,28,60,88,111,99,17,0,0,439,0,3,6,10,17,14,0,0,0,49,29,45,87,114,139,117,17,0,0,560,3,4,12,21,17,29,7,0,0,98,45,47,76,105,126,122,34,4,3,560,67,65,105,128,127,91,32,11,3,622,0,12,14,54,66,59,23,0,0,234,3,8,13,24,19,18,6,0,0,87,0,9,8,21,23,17,7,0,0,82,0,3,11,17,15,22,0,3,0,70,4,3,39,69,107,81,48,4,0,351,8,8,27,43,54,63,18,0,0,210,0,4,39,85,128,97,13,0,0,382,3,17,50,106,164,172,36,0,0,539,6,40,86,167,272,304,51,3,0,931,10,3,20,38,37,36,13,0,0,154
LGA22980,0,3,0,0,6,7,3,0,0,36,43,79,144,172,274,252,48,12,4,1043,12,36,82,104,130,123,74,32,6,601,0,0,0,3,0,0,0,0,0,3,18,31,30,36,34,33,6,3,0,185,0,0,3,6,14,3,0,0,0,23,8,16,12,9,33,15,5,0,0,104,3,3,8,11,9,9,0,0,0,29,23,18,12,30,26,40,8,0,0,157,9,5,8,12,3,19,3,0,0,57,0,0,10,27,45,32,8,4,0,128,0,0,3,0,3,4,0,0,0,9,0,0,0,4,9,8,0,0,0,24,0,0,0,0,0,0,0,0,0,3,0,0,8,8,12,8,6,0,0,39,6,3,10,6,7,8,7,0,0,51,0,4,21,18,36,36,0,0,0,114,3,12,26,33,44,48,0,0,0,157,5,40,81,62,111,129,14,4,0,438,0,0,3,0,3,3,0,0,0,14
LGA23110,22,77,169,157,174,104,26,3,4,728,781,1630,4572,4784,4730,2731,443,30,10,19715,3,5,32,30,32,14,3,0,0,130,0,0,24,27,29,22,0,0,0,101,76,134,622,799,903,596,99,6,3,3238,3,28,129,145,116,60,8,0,0,499,81,327,944,799,729,423,59,4,0,3370,22,98,312,382,392,207,34,4,0,1456,455,644,860,708,642,384,74,12,0,3780,524,486,595,341,285,175,29,4,0,2436,23,189,695,724,821,549,97,7,0,3106,17,60,241,313,240,110,19,0,0,998,3,71,572,701,428,168,25,6,0,1984,15,59,186,223,136,83,19,0,0,728,17,196,937,1154,820,387,97,5,0,3621,20,115,391,358,344,206,41,3,0,1471,4,91,504,770,781,490,85,5,0,2731,57,211,775,883,952,711,119,11,0,3718,30,229,984,988,1030,771,145,7,0,4187,77,148,228,201,186,112,23,3,0,974
LGA23190,8,10,20,10,24,20,11,7,0,117,291,394,814,838,983,848,175,20,9,4379,23,43,94,127,173,187,134,47,8,835,0,0,13,6,11,7,0,0,0,42,20,28,62,70,71,52,17,0,0,316,0,12,50,37,40,33,7,0,0,175,52,106,191,162,159,112,30,3,0,812,13,25,61,70,70,61,11,0,0,304,150,127,187,180,217,179,27,4,0,1074,191,80,112,65,79,71,18,0,0,624,0,16,40,76,97,102,22,4,0,361,3,16,25,13,17,20,4,0,0,99,3,22,33,45,41,18,4,0,0,173,3,7,12,19,18,12,8,3,0,79,11,23,73,83,74,58,20,3,0,341,3,24,34,55,58,69,17,0,0,263,12,33,94,110,158,114,21,0,0,537,11,33,155,137,170,155,33,0,0,685,33,123,309,288,347,358,44,0,3,1511,16,16,22,33,22,26,12,0,0,138
LGA23270,72,181,356,321,363,191,42,9,0,1540,2124,4114,8901,7899,7958,4433,680,41,7,36162,4,45,78,58,69,54,24,6,3,345,0,3,32,38,42,21,0,0,0,141,170,496,1583,1894,2115,1273,203,8,0,7753,13,63,239,230,198,120,9,0,0,870,283,1023,2435,1791,1501,745,139,10,3,7926,47,219,568,644,616,375,65,0,0,2531,1061,1748,1963,1360,1503,799,158,8,3,8599,1507,905,1035,674,624,367,54,4,0,5162,100,594,2125,2030,2166,1262,210,9,0,8508,49,119,298,285,198,91,13,0,0,1058,14,210,853,746,511,260,47,0,0,2643,28,135,319,247,222,148,22,3,0,1117,38,335,1133,949,677,368,89,8,0,3597,58,300,768,679,729,419,83,5,0,3042,48,314,1037,1097,1092,729,136,9,3,4464,105,495,1415,1390,1225,826,141,8,0,5614,103,776,2358,2158,1968,1279,201,10,0,8852,112,171,265,178,162,106,35,0,0,1028
LGA23350,7,8,14,19,19,15,13,6,0,107,226,184,461,762,1026,812,185,27,7,3689,19,38,46,82,117,125,126,36,4,591,0,0,8,8,6,3,0,0,0,31,32,71,139,205,244,210,53,0,0,951,0,0,0,17,22,10,0,0,0,45,30,54,103,99,124,113,23,3,0,553,9,10,23,26,42,25,6,0,0,141,118,66,83,124,149,110,40,3,0,689,103,43,71,69,92,82,22,3,0,491,8,17,37,67,99,87,33,3,4,348,0,0,4,6,10,14,3,0,0,40,0,7,16,25,14,22,3,0,0,84,4,0,6,10,26,15,4,0,0,61,3,8,28,78,85,53,22,4,0,292,0,11,18,37,65,55,20,0,0,211,0,8,59,153,221,165,22,3,3,623,18,20,70,161,172,160,30,4,0,623,18,36,120,214,322,315,51,0,0,1083,4,3,9,20,18,24,3,0,0,80
LGA23430,46,100,279,317,340,199,69,10,8,1358,1709,2971,7472,8601,8470,5276,1134,70,13,35723,8,22,39,69,77,39,10,7,3,273,0,6,19,43,26,20,4,0,0,110,144,298,1003,1643,1822,1262,296,19,3,6494,3,22,169,232,182,122,26,0,0,750,192,623,1702,1651,1422,810,155,21,0,6575,42,170,583,878,834,516,137,16,0,3176,1029,1356,1534,1313,1432,893,244,26,0,7833,1029,810,812,571,520,330,58,7,0,4136,32,139,508,620,742,584,153,9,3,2780,35,91,337,461,366,158,23,3,0,1479,16,169,811,1114,819,385,79,5,3,3400,17,105,328,325,253,177,43,10,0,1255,43,309,1489,1922,1426,728,273,42,5,6240,32,202,531,637,610,444,120,12,0,2595,18,163,669,1075,1043,669,135,15,3,3783,123,383,1357,1702,1674,1256,220,20,0,6734,74,545,1949,2000,2157,1601,374,18,3,8719,195,259,306,291,281,129,50,14,3,1521
LGA23670,51,116,267,334,393,243,61,20,4,1484,2067,3693,7600,7683,8689,6081,1041,75,15,36944,4,15,46,39,63,32,19,3,4,228,0,7,20,28,26,16,6,0,0,109,182,425,1218,1751,2186,1549,294,19,0,7625,3,43,179,190,200,157,22,0,0,798,279,885,1974,1603,1581,1010,199,16,3,7561,62,250,714,1017,1029,741,104,8,3,3932,1233,1634,1735,1517,1612,1222,272,15,3,9240,1227,838,694,520,488,345,53,0,0,4165,37,151,491,544,756,669,184,6,0,2836,43,105,365,394,366,213,27,0,0,1506,14,171,719,762,686,447,61,5,0,2867,26,101,298,250,203,169,43,9,0,1092,53,414,1373,1434,1183,760,253,18,0,5487,73,223,503,531,660,489,132,9,0,2624,18,149,644,756,898,716,160,10,0,3347,165,426,1308,1336,1498,1229,204,13,0,6175,115,690,2109,1954,2279,1901,382,20,3,9443,176,245,272,206,173,97,41,4,0,1217
LGA23810,28,33,56,54,79,89,26,11,0,367,912,1462,2884,2775,3202,2399,453,55,6,14158,26,66,136,151,161,145,104,36,9,826,3,16,135,100,142,98,15,0,0,511,71,178,412,490,529,421,61,4,0,2161,18,67,295,332,626,510,62,3,0,1917,98,335,700,583,504,382,71,0,0,2675,16,48,108,128,112,67,19,0,0,493,554,480,692,581,590,419,81,22,0,3430,636,374,327,233,221,164,46,3,0,2009,19,44,152,190,272,249,58,3,3,997,20,56,72,49,55,44,7,0,0,294,10,53,135,118,127,55,11,3,0,507,9,39,74,82,75,66,18,0,0,361,19,78,258,204,215,181,52,10,0,1021,15,64,135,189,225,179,39,0,0,846,18,198,543,541,584,423,56,7,0,2365,28,141,413,500,600,502,91,3,0,2287,48,370,937,834,992,892,196,11,3,4289,37,37,57,54,49,38,15,6,0,293
LGA23940,4,3,5,10,11,10,3,0,0,51,56,58,151,226,354,318,104,19,3,1280,14,29,106,176,204,283,142,45,9,1008,0,0,0,7,9,4,0,0,0,20,13,19,34,36,47,47,6,3,0,212,0,0,4,3,7,8,0,0,0,23,3,10,14,20,31,41,8,3,0,126,3,0,12,15,21,10,6,0,0,60,36,19,18,29,45,37,10,0,0,187,24,13,5,15,19,20,0,3,0,95,0,5,5,21,31,37,13,0,0,103,0,0,0,0,0,3,0,0,0,11,0,0,7,12,13,5,0,0,0,34,0,0,3,0,4,0,0,0,0,8,0,6,16,6,14,9,4,0,0,52,3,3,6,9,12,16,7,0,0,53,0,3,13,17,50,36,3,0,0,125,0,6,20,33,61,46,4,0,0,176,3,10,37,46,99,89,23,0,0,311,0,0,3,4,4,8,3,0,0,21
LGA24130,18,16,37,83,103,67,21,5,5,349,561,746,1467,2423,2835,1848,441,23,16,10360,15,29,56,89,105,114,110,30,6,561,0,3,6,18,16,11,0,0,0,61,92,134,237,372,438,279,75,3,0,1636,3,11,29,67,65,46,3,0,0,216,107,247,527,576,563,315,81,3,0,2423,10,33,69,130,156,96,32,8,0,527,318,223,207,271,406,258,78,7,3,1764,306,202,113,151,164,112,33,5,3,1087,15,50,165,345,488,334,101,3,0,1503,4,20,34,97,99,64,15,0,0,327,6,34,100,210,231,93,35,3,0,712,5,11,47,82,82,61,32,4,0,329,15,73,213,450,397,289,106,8,0,1548,15,40,84,176,193,134,52,6,0,699,20,46,213,402,504,350,54,5,0,1598,19,91,298,535,604,542,82,3,0,2177,29,135,355,518,696,534,111,7,0,2389,42,52,60,104,116,75,25,4,0,474
LGA24210,26,78,214,199,252,155,64,12,7,1006,1277,2308,4638,5109,6305,4119,1132,136,9,25037,0,17,13,17,38,18,21,7,0,130,0,4,5,24,23,20,6,0,0,89,87,140,427,612,860,583,192,39,0,2950,3,17,90,106,113,77,15,4,0,421,112,370,808,885,1038,628,200,33,3,4067,29,135,366,523,646,359,108,24,0,2196,790,1188,1082,930,1153,817,289,38,3,6281,717,612,612,513,617,491,80,21,0,3682,14,64,271,360,489,385,120,14,0,1721,32,88,219,317,313,163,23,8,0,1165,16,163,702,785,725,334,91,7,3,2814,8,93,321,243,256,170,67,14,0,1186,39,393,1179,1367,1327,860,331,68,4,5570,28,139,349,374,452,348,109,19,0,1823,7,89,332,469,644,439,110,14,4,2109,145,320,718,818,1298,972,250,29,3,4559,62,393,1246,1399,1690,1420,454,45,4,6705,131,166,193,150,139,110,46,7,0,946
LGA24250,0,5,5,21,21,18,4,3,0,79,94,105,252,353,438,445,126,8,0,1834,8,21,45,55,54,87,62,18,9,351,0,0,3,9,3,13,0,0,0,30,11,4,17,29,25,46,9,3,0,141,0,0,4,9,9,8,0,0,0,35,18,31,79,93,78,76,14,0,0,394,3,3,13,14,25,22,0,0,0,81,58,29,49,65,101,92,32,0,0,423,52,34,71,58,97,87,28,0,0,436,0,10,17,48,39,46,14,0,0,172,6,0,4,3,7,5,6,0,0,33,0,5,3,0,15,9,0,0,0,28,5,9,9,14,17,13,5,0,0,78,8,8,25,33,34,38,23,0,0,166,3,14,18,29,36,35,10,0,0,143,0,4,20,32,72,45,8,3,0,192,9,12,67,74,84,88,20,0,0,358,7,14,37,69,82,94,28,0,0,335,0,3,9,17,11,8,0,0,0,47
LGA24330,32,84,242,160,146,78,23,0,0,775,551,1959,6673,4927,3388,1729,255,18,6,19511,3,8,56,34,26,12,0,0,0,148,0,0,21,22,15,3,0,0,0,73,42,131,672,705,610,382,50,4,0,2608,0,21,173,147,68,28,3,0,0,447,35,169,695,585,368,201,27,5,0,2094,10,85,358,323,223,140,9,7,0,1154,297,836,1283,640,473,277,60,4,0,3869,376,866,1336,585,342,171,24,3,0,3698,14,140,620,569,501,313,57,3,0,2213,25,82,435,424,191,76,9,0,0,1241,7,129,892,776,317,93,16,0,0,2225,3,58,202,196,104,48,8,0,0,625,11,243,1567,1338,641,223,43,8,0,4071,14,202,729,411,249,137,38,3,0,1782,9,88,796,823,574,276,39,5,0,2611,42,278,1196,979,754,505,56,3,3,3823,30,275,1631,1078,827,524,92,0,0,4464,45,168,435,266,154,68,18,3,0,1162
LGA24410,40,89,200,201,217,125,48,10,4,930,1481,2465,5826,5730,6079,4007,834,55,6,26490,9,14,37,66,41,30,10,4,0,202,0,3,19,30,26,10,8,0,0,95,128,258,825,1104,1195,758,163,17,0,4438,7,29,146,139,118,77,9,0,0,529,216,660,1456,1212,1167,686,127,6,3,5531,48,115,425,574,541,351,80,3,0,2136,851,1032,1179,999,1017,682,176,21,3,5955,899,544,498,350,274,163,33,5,0,2768,14,83,329,362,462,345,89,5,3,1686,60,107,268,288,277,160,20,3,0,1183,7,92,484,593,530,290,44,0,3,2040,16,77,266,220,169,135,47,8,0,928,37,296,1134,1250,910,607,200,23,0,4454,37,163,435,472,446,320,112,3,0,1990,26,100,567,782,737,565,103,21,0,2897,98,286,1195,1204,1314,1010,193,14,0,5312,94,538,1625,1603,1716,1349,297,18,6,7247,126,156,197,170,141,79,33,9,0,911
LGA24600,44,222,517,182,139,70,23,9,3,1204,1018,5163,14406,5064,3133,2017,617,66,22,31495,11,30,59,21,25,17,25,8,0,190,0,4,61,53,38,16,7,0,0,177,30,187,828,412,289,181,53,12,3,1998,0,29,324,151,55,29,8,0,0,601,23,190,855,327,220,138,42,4,3,1806,16,115,598,302,209,132,53,8,0,1430,317,1322,2032,599,378,245,84,7,3,4985,697,2818,4100,811,356,179,61,8,3,9035,22,159,702,379,281,156,59,8,0,1765,20,197,1082,471,229,112,34,0,0,2145,11,336,2369,1064,500,221,72,10,4,4593,10,171,619,202,142,113,65,10,0,1340,60,1057,6310,2196,967,673,281,54,10,11598,25,342,1142,403,215,137,37,6,3,2304,15,144,1085,683,508,286,61,5,3,2784,169,724,2167,1131,718,609,205,17,5,5753,35,505,2781,1152,738,653,229,29,11,6131,80,387,925,396,193,125,55,8,3,2167
LGA24650,51,128,273,296,216,117,21,5,3,1118,1629,2639,6826,7511,5645,2981,384,17,8,27631,3,11,61,74,61,43,9,0,0,266,0,3,41,46,27,23,4,0,0,159,111,253,953,1576,1343,812,103,4,0,5164,5,56,200,219,133,81,13,0,0,709,269,703,1715,1700,1124,504,52,0,0,6074,24,125,504,614,519,269,42,6,0,2108,795,1110,1439,1490,1041,581,99,3,0,6554,1194,573,594,542,406,222,33,3,0,3565,64,330,1503,1788,1494,928,131,7,0,6240,47,69,273,311,152,78,3,0,0,930,15,136,758,834,410,163,15,0,0,2331,20,83,247,252,153,72,19,0,0,839,37,199,857,1015,466,241,47,3,0,2866,26,189,476,582,488,319,60,7,0,2148,20,148,756,997,793,460,88,0,0,3263,102,267,1112,1262,883,504,70,4,0,4203,65,464,1594,1829,1474,872,137,0,3,6442,114,142,211,225,144,88,19,0,0,948
LGA24780,22,21,63,75,69,67,22,5,0,355,743,989,2031,2131,2543,1956,402,35,8,10835,40,166,389,427,529,548,254,53,15,2425,0,8,56,55,48,35,3,0,0,204,64,102,268,313,344,236,45,3,3,1374,0,10,47,51,79,79,6,0,0,281,69,152,388,288,337,256,38,0,0,1526,31,50,133,125,113,103,23,0,0,588,502,363,499,430,517,386,73,3,0,2768,406,268,322,203,205,177,46,3,0,1634,12,56,147,186,274,262,61,0,0,1006,19,26,36,46,43,20,7,0,0,199,4,26,84,81,92,60,9,3,0,359,3,16,47,56,53,52,12,0,0,244,21,64,196,179,146,107,43,8,0,766,23,79,187,197,253,205,35,0,0,978,6,57,212,283,320,253,56,9,0,1200,24,105,352,470,528,388,76,3,0,1945,43,232,608,605,731,620,110,4,3,2962,37,26,37,58,37,28,7,0,0,228
LGA24850,22,31,56,52,62,57,12,5,0,298,513,738,1665,1770,2039,1342,257,24,3,8355,18,30,55,75,81,103,82,18,3,467,0,5,24,24,19,20,4,0,0,91,62,123,300,377,475,320,55,0,0,1718,0,13,50,52,67,45,6,0,0,235,117,266,605,458,486,301,55,4,4,2296,15,41,116,110,152,91,11,0,0,537,160,235,349,303,329,249,62,6,4,1696,422,182,139,124,144,84,23,3,0,1124,16,64,267,277,375,276,68,3,0,1352,11,10,38,29,48,30,5,0,0,168,0,17,85,94,79,51,6,0,0,334,0,26,31,43,54,43,3,0,0,206,10,47,118,150,180,101,34,8,0,651,16,42,125,132,155,102,17,0,0,577,86,176,444,425,417,264,37,3,0,1844,15,64,254,307,350,275,52,6,0,1323,20,130,373,393,487,395,80,10,0,1885,14,31,61,56,52,43,15,0,0,264
LGA24900,15,16,26,38,53,43,22,6,0,212,388,418,905,1046,1366,1079,267,42,5,5522,68,104,297,322,433,429,194,55,7,1912,0,0,4,6,9,3,0,0,0,24,73,128,267,351,382,275,46,8,0,1525,0,3,17,30,31,35,3,0,0,125,63,128,195,181,210,156,30,6,4,986,14,16,29,42,60,48,20,3,0,219,256,99,175,190,225,171,56,3,0,1183,144,110,131,107,149,158,45,4,3,847,10,16,63,54,135,152,36,4,0,466,4,6,7,6,9,8,8,0,0,52,3,8,18,36,36,18,3,0,0,129,0,12,14,26,30,25,10,0,0,120,12,26,68,73,74,63,16,5,0,327,5,21,59,55,71,70,6,3,0,281,4,22,60,89,100,97,11,0,0,377,17,37,139,181,217,168,44,5,0,810,23,90,225,230,364,354,54,3,0,1331,6,19,16,26,28,15,7,0,0,114
LGA24970,46,167,374,350,349,186,41,16,8,1535,1755,3845,8811,8273,8501,5076,1217,123,21,37635,4,10,40,49,49,26,18,10,3,201,0,0,27,30,30,24,0,0,0,109,139,297,1089,1388,1565,998,241,31,6,5744,3,32,196,215,179,98,25,0,3,755,63,439,1184,1070,1058,673,148,18,4,4651,35,211,803,898,889,486,121,9,0,3448,952,1711,1948,1427,1366,914,229,37,4,8594,1048,1299,1288,729,689,385,56,7,0,5506,25,170,632,638,747,522,151,13,3,2903,42,140,507,571,471,213,49,6,0,2000,23,258,1262,1251,914,452,93,13,0,4267,14,130,472,315,308,165,64,5,0,1477,63,595,2485,2544,1834,1025,317,47,9,8918,38,299,790,670,617,419,143,26,3,3000,15,178,640,690,905,597,158,14,0,3189,259,696,1674,1697,1937,1341,303,48,5,7956,97,709,2376,2091,2330,1642,443,36,7,9725,195,287,311,220,173,115,33,10,0,1347
LGA25060,39,92,211,195,239,112,42,7,3,943,1258,2822,7163,6322,6172,3793,743,60,17,28346,5,10,38,27,34,20,16,6,0,160,0,6,39,33,36,10,4,0,0,136,98,191,676,846,827,548,135,7,0,3327,0,24,152,156,136,73,7,0,0,544,100,440,1143,1079,971,473,125,11,0,4358,32,130,355,458,417,226,58,7,0,1681,758,1130,1194,850,855,543,137,24,0,5494,637,801,868,424,374,241,59,6,0,3419,32,203,742,798,913,595,118,11,0,3413,50,112,385,352,284,127,9,0,0,1323,17,165,973,998,668,335,44,4,0,3209,19,101,273,275,221,124,31,9,0,1047,36,409,1702,1630,1194,751,158,20,3,5906,32,182,556,433,405,239,91,6,0,1941,15,163,807,916,1073,669,101,8,0,3750,153,362,1375,1167,1467,1167,221,6,3,5936,41,450,1700,1441,1501,1118,242,30,8,6522,137,307,402,293,188,135,66,11,0,1544
LGA25150,17,26,30,44,64,30,16,3,0,237,469,573,1215,1511,1741,1104,214,15,0,6843,21,37,70,107,136,114,105,33,5,621,0,6,23,35,45,25,7,0,0,132,57,53,135,249,277,200,27,3,0,1005,0,12,29,48,51,30,5,0,0,178,115,221,433,398,350,224,34,7,3,1788,3,28,58,120,116,78,15,0,0,423,198,186,200,225,251,165,27,0,0,1250,307,136,102,71,71,55,18,0,0,765,16,54,187,282,321,250,54,3,0,1161,4,6,23,46,63,26,0,0,0,174,4,13,74,84,85,46,3,0,0,305,8,18,45,38,47,40,14,0,0,198,17,45,135,191,193,127,45,7,0,765,4,31,81,87,116,66,18,4,0,412,3,24,174,296,318,204,33,0,0,1072,30,83,255,305,383,244,39,5,0,1350,20,87,280,333,435,342,58,3,0,1552,21,29,41,58,53,31,10,0,0,244
LGA25250,29,148,437,281,193,148,42,12,3,1292,1120,4253,12796,9126,6755,3804,648,59,11,38570,7,19,59,56,36,19,0,0,0,200,0,8,41,38,19,11,0,0,0,122,62,241,1232,1086,920,555,116,10,0,4227,0,48,286,196,111,93,7,0,0,751,115,525,1772,1237,1040,502,86,14,0,5293,31,153,596,545,486,222,36,5,0,2074,586,1598,2187,1140,950,471,90,8,3,7036,776,1578,2377,848,513,258,50,11,0,6410,21,249,1183,1002,835,497,107,4,0,3897,51,162,865,698,399,120,21,0,3,2317,7,195,1375,1168,590,243,25,4,3,3612,21,97,373,245,155,97,26,6,3,1007,45,583,3343,2578,1237,492,124,9,3,8402,32,329,1063,622,460,271,74,10,0,2859,21,215,1460,1494,1208,672,118,9,0,5203,89,547,2687,2281,1914,1251,192,16,4,8981,48,660,3139,2361,1814,1170,231,22,4,9453,91,385,800,533,302,170,37,5,0,2326
LGA25340,61,89,173,265,322,221,98,21,4,1260,2011,2540,4956,6778,8239,6103,1628,141,17,32401,20,93,137,197,258,242,127,35,5,1114,0,4,27,57,75,45,12,5,0,227,206,262,602,1077,1264,1023,284,25,4,4746,7,36,87,135,201,140,25,3,0,633,356,913,1975,2036,2009,1371,317,23,6,9011,49,110,275,483,505,367,131,22,6,1946,1224,1000,1069,1309,1432,1178,384,31,0,7637,1181,742,645,624,633,441,128,10,3,4413,25,70,183,333,537,495,167,15,0,1821,20,65,78,142,187,117,36,0,0,643,11,41,173,301,366,278,104,18,3,1298,33,102,215,308,334,235,118,22,0,1364,51,168,482,987,1041,778,412,50,4,3974,47,142,335,562,763,575,194,22,0,2636,257,475,681,745,962,655,148,16,0,3941,87,232,868,1349,1640,1357,308,29,3,5880,94,453,1305,1761,2489,2086,561,48,3,8799,201,195,244,294,320,240,92,15,4,1598
LGA25430,15,6,17,20,36,32,10,5,0,135,177,209,436,704,1062,875,212,30,10,3714,7,14,28,49,54,74,64,25,5,322,0,4,7,20,16,12,6,0,0,62,32,83,151,140,204,185,37,0,3,840,0,0,3,16,10,18,0,0,0,54,20,64,103,103,144,124,18,6,0,592,7,9,19,20,37,31,7,0,0,132,146,69,71,110,149,139,43,9,3,734,105,45,75,50,80,44,22,3,0,424,0,9,23,33,60,71,21,0,0,220,3,6,5,29,35,27,9,3,0,122,0,3,16,17,33,22,0,0,0,96,3,4,10,14,23,17,8,0,0,75,0,9,46,108,137,118,40,9,0,466,0,12,19,27,46,66,9,4,0,190,3,13,49,136,196,145,23,0,0,557,3,15,67,185,227,200,35,0,0,744,8,42,116,199,357,383,74,8,0,1183,6,11,15,36,40,41,6,3,0,166
LGA25490,3,9,10,12,28,27,16,7,0,119,182,237,547,701,930,707,184,40,10,3543,72,120,288,339,446,422,229,86,11,2021,0,8,10,8,9,6,0,0,0,44,30,36,95,114,115,93,11,0,0,494,0,0,17,18,24,14,0,0,0,75,26,36,122,117,114,104,17,0,0,542,11,11,26,38,38,38,11,0,0,176,96,55,88,100,110,101,31,3,0,579,87,59,70,76,90,57,13,4,0,455,4,14,33,47,78,76,18,3,0,274,0,3,9,8,8,6,0,0,0,33,0,3,27,19,20,13,6,0,0,90,0,3,7,5,13,8,3,0,0,44,3,8,44,57,64,45,16,0,0,238,5,10,21,31,44,38,9,0,0,162,0,12,58,88,113,100,9,0,0,382,12,28,81,138,158,127,18,0,0,559,10,41,137,203,265,246,25,0,0,935,7,8,14,18,16,14,4,0,0,83
LGA25620,3,6,10,13,36,14,13,3,0,101,142,174,367,548,705,626,159,22,9,2746,12,29,48,100,123,141,117,46,18,628,0,0,9,7,10,10,0,0,0,28,32,26,57,67,108,84,16,3,0,387,0,4,10,20,18,15,3,0,0,66,37,62,119,162,184,118,14,0,0,692,0,10,26,28,29,31,3,0,0,131,46,33,59,78,105,98,23,4,0,446,103,57,51,82,94,81,35,0,0,503,3,8,14,46,49,76,14,3,0,220,0,4,7,10,11,12,6,0,0,41,0,3,6,24,17,6,7,0,0,68,3,3,6,12,14,18,4,0,0,61,4,8,21,57,52,53,23,5,0,236,5,5,28,41,53,42,16,0,0,186,3,10,56,92,109,127,24,0,0,414,4,34,106,128,131,125,26,3,0,555,9,31,89,121,185,175,40,3,0,649,4,7,23,12,23,18,6,3,0,89
LGA25710,27,39,71,89,136,88,32,3,0,499,1032,1527,2167,3342,4181,2880,588,36,5,15755,6,16,28,34,49,33,34,10,0,206,0,0,6,21,35,12,3,0,0,81,121,131,203,432,661,457,100,12,0,2118,3,19,41,98,90,76,11,0,0,339,193,470,774,894,942,571,145,12,3,4005,26,73,143,234,310,243,46,6,0,1075,504,590,365,416,538,434,123,10,0,2978,591,365,156,140,142,94,21,0,0,1507,18,43,142,211,301,307,78,0,0,1094,29,46,79,154,189,105,21,3,0,632,5,51,175,345,354,198,37,0,0,1165,13,61,90,92,129,84,25,3,0,499,52,175,409,695,780,521,170,15,3,2806,32,63,116,184,279,193,59,10,0,942,10,59,277,459,635,438,85,10,0,1968,86,234,485,839,998,894,177,6,0,3713,53,293,564,886,1193,992,173,12,0,4157,138,129,90,120,151,93,27,6,0,754
LGA25810,0,0,6,12,23,21,4,0,0,73,139,167,342,418,600,488,122,18,4,2292,13,24,86,79,135,152,103,29,3,635,0,13,27,42,41,23,0,0,0,145,32,73,114,89,109,100,20,0,0,539,0,0,8,6,16,5,3,0,0,41,22,22,51,38,63,51,15,4,0,269,0,0,13,18,28,23,4,0,0,87,84,28,61,68,82,80,26,0,0,436,77,35,48,40,69,67,23,0,0,371,0,3,10,30,40,42,12,4,3,153,0,0,0,0,3,8,0,0,0,12,3,10,12,10,15,6,0,0,0,41,0,3,4,4,4,3,3,0,3,29,0,10,20,25,29,23,14,0,0,118,6,3,20,20,30,30,16,0,0,114,5,23,48,85,108,95,7,0,0,380,3,22,45,64,73,89,11,3,0,306,19,49,128,128,216,188,45,5,0,778,4,12,16,25,22,9,8,0,0,92
LGA25900,19,86,332,238,189,117,31,4,0,1019,484,2413,10503,6760,4884,2880,760,63,11,28756,3,13,63,39,24,31,18,5,0,198,0,5,72,66,37,17,3,0,0,197,31,125,768,713,491,253,79,13,0,2468,3,25,205,178,103,40,7,0,0,555,15,206,1392,693,500,279,72,3,3,3161,9,87,558,456,336,201,59,9,0,1722,183,690,1544,934,618,352,123,11,3,4460,274,859,1715,639,343,163,38,5,0,4042,8,106,588,465,371,219,80,7,0,1837,10,106,783,640,451,212,38,3,3,2245,8,158,1503,1235,712,296,107,16,7,4040,14,100,515,331,271,160,67,12,3,1470,24,431,3416,2597,1617,907,361,31,7,9393,15,194,867,508,363,221,90,3,0,2267,0,87,850,754,575,420,110,3,3,2804,64,261,1601,1088,877,776,211,19,0,4891,26,299,2046,1323,1092,848,253,26,3,5921,63,240,698,437,323,174,52,9,0,1993
LGA25990,7,4,7,6,3,20,6,0,0,54,69,85,164,221,316,292,86,5,3,1235,15,25,68,86,114,136,80,17,7,546,0,3,5,6,0,9,0,0,0,27,10,14,22,52,65,49,15,0,0,232,0,0,4,3,7,9,0,0,0,18,6,17,37,50,37,38,8,0,0,195,3,5,8,14,11,13,0,0,0,59,32,23,29,38,40,44,18,0,0,216,28,10,17,22,23,20,9,0,0,137,0,4,11,30,37,39,5,0,0,130,0,3,0,0,10,8,5,0,0,25,0,0,0,0,12,3,0,0,0,22,0,0,3,3,0,0,4,0,0,14,0,5,8,20,15,26,9,0,0,82,3,0,6,13,12,18,3,0,0,57,0,7,22,37,65,52,4,0,0,189,0,3,18,38,39,52,11,0,0,166,5,22,47,51,88,89,23,0,0,321,0,7,5,6,9,4,3,0,0,33
LGA26080,0,0,0,0,4,8,0,0,0,13,32,16,47,86,145,146,32,6,0,514,3,0,0,4,8,6,3,4,0,26,0,0,0,0,0,0,0,0,0,0,0,3,8,11,12,12,4,0,0,54,0,0,0,0,0,0,0,0,0,4,3,9,16,13,23,27,3,3,0,98,0,0,0,0,4,12,3,0,0,17,14,12,8,5,21,17,10,0,0,84,25,6,12,10,17,15,8,0,0,106,0,0,3,3,14,15,6,0,0,40,0,0,0,0,9,10,0,0,0,18,0,0,3,5,9,5,3,0,0,33,0,3,3,10,4,7,7,3,0,31,0,3,4,13,24,29,16,4,0,87,0,0,0,9,12,9,5,0,0,32,3,0,0,19,21,29,0,0,0,66,0,0,12,18,30,48,6,0,0,125,0,3,18,23,37,43,18,0,0,130,0,0,3,6,3,7,5,0,0,31
LGA26170,13,15,24,35,46,36,22,11,4,207,321,383,854,1087,1428,1289,344,60,9,5775,59,87,252,351,437,450,337,100,14,2086,0,3,21,20,24,22,3,0,0,97,51,51,135,181,260,182,39,0,0,902,0,10,32,54,70,50,9,0,0,222,50,114,258,262,244,174,46,0,3,1148,10,21,42,57,98,79,20,7,0,337,196,119,160,183,243,208,43,3,0,1158,162,100,85,108,118,92,15,0,0,677,5,15,51,88,138,142,41,3,0,477,7,4,12,16,18,24,0,0,0,91,3,8,34,35,43,31,7,0,0,162,3,0,25,27,33,18,14,0,0,121,7,18,93,98,139,95,42,3,0,489,6,12,37,55,84,82,27,0,0,304,5,17,71,102,128,144,18,3,0,486,12,38,123,207,236,207,31,0,0,851,18,68,201,256,372,388,80,3,0,1391,19,10,23,40,46,46,15,0,0,207
LGA26260,8,4,11,19,16,20,9,3,5,94,210,227,535,641,882,748,198,21,8,3461,36,80,201,257,267,354,193,55,14,1463,0,3,23,28,39,9,5,0,0,109,26,27,33,57,55,50,14,0,0,269,0,0,9,3,15,6,3,0,0,36,26,65,91,87,103,93,14,4,0,476,5,15,30,36,45,49,12,0,0,200,116,61,112,114,136,118,38,0,0,703,114,67,81,54,71,53,21,0,0,458,0,9,26,49,64,82,17,0,0,243,4,3,13,12,12,19,9,0,0,69,3,4,17,20,33,18,3,0,0,97,4,5,3,11,8,11,0,0,0,42,3,9,53,58,42,60,17,3,0,251,3,3,20,25,30,41,7,0,0,135,3,9,50,97,126,94,18,0,0,401,3,25,91,136,196,145,30,3,0,627,27,69,192,163,314,288,56,4,0,1110,10,3,8,11,19,7,5,3,0,64
LGA26350,31,115,308,191,192,103,79,22,7,1041,724,3216,9975,5224,4377,3076,1099,120,27,27850,0,25,40,25,39,43,27,10,0,200,0,4,63,42,37,31,10,4,0,189,42,139,696,471,410,245,91,13,4,2103,4,21,198,114,79,37,13,0,0,470,15,227,975,490,379,251,92,14,3,2446,23,133,561,415,373,226,90,13,3,1839,281,1039,1827,823,661,455,224,31,4,5346,464,1050,1377,456,314,179,47,12,0,3893,4,102,423,283,243,159,66,10,0,1284,20,151,654,473,276,145,32,10,3,1765,14,240,1513,1158,810,404,182,38,11,4375,5,144,582,328,328,190,127,29,12,1740,37,733,3729,2088,1495,1011,484,75,7,9669,24,201,785,414,307,200,91,15,4,2046,11,123,735,473,457,281,81,15,0,2178,104,346,1561,830,844,728,242,27,4,4692,54,433,2220,1237,1216,1131,538,70,11,6906,86,279,584,274,208,128,53,10,0,1625
LGA26430,8,0,3,7,21,11,15,3,0,65,100,118,305,372,484,522,150,28,5,2075,20,32,98,98,138,227,149,57,17,832,0,3,9,4,5,5,0,0,0,27,15,21,43,66,76,65,11,0,0,298,0,0,9,12,13,5,3,0,0,44,14,32,74,69,73,76,14,0,0,353,3,4,11,21,22,27,6,3,3,96,58,24,33,37,74,69,18,0,3,316,50,35,44,50,43,46,14,0,0,279,0,4,29,41,57,68,14,3,0,211,0,3,3,0,9,8,3,0,0,35,0,4,8,8,15,13,4,0,0,49,0,0,3,4,5,5,0,0,0,26,6,3,30,32,35,46,17,3,0,170,4,6,13,25,35,31,14,0,0,128,0,8,29,52,60,80,9,3,0,233,0,15,48,65,69,86,20,3,0,322,8,23,68,91,130,154,30,8,0,506,0,15,28,22,20,19,10,0,0,118
LGA26490,7,18,32,59,49,36,21,3,0,221,346,404,1169,1593,1736,1206,290,19,3,6770,11,19,37,68,84,110,98,26,0,471,0,0,10,14,9,10,0,0,0,52,29,35,116,195,204,141,38,0,0,762,0,8,12,41,30,29,3,0,0,122,63,126,369,443,408,205,36,0,0,1645,13,25,70,128,112,54,24,0,0,426,186,155,204,256,283,198,52,6,0,1339,233,192,209,182,164,143,53,3,0,1184,3,12,45,77,105,97,32,0,0,368,4,6,22,49,47,26,4,0,0,163,3,8,68,107,102,55,12,3,0,366,12,12,36,68,65,47,16,0,0,253,12,22,114,295,268,172,77,13,0,970,4,25,64,103,111,96,31,0,0,438,3,26,115,224,296,163,29,0,0,860,5,50,273,389,404,384,61,3,3,1568,18,65,333,409,487,384,89,5,0,1793,26,26,51,61,72,61,17,0,0,315
LGA26610,13,19,30,39,34,22,6,3,0,164,263,359,728,764,875,755,165,29,0,3934,19,93,265,296,316,316,155,29,6,1508,0,3,11,5,6,5,0,0,0,27,45,63,152,123,154,106,19,0,0,662,0,3,14,15,24,19,0,0,0,74,29,80,153,91,84,90,20,8,0,553,13,25,52,48,52,45,7,4,0,244,143,103,125,155,182,159,18,0,0,885,152,92,89,74,84,77,9,7,0,585,5,21,50,56,112,99,26,4,0,366,6,4,6,7,10,9,0,0,0,51,0,13,32,38,14,25,8,0,0,137,3,4,4,13,16,11,0,0,0,51,14,24,61,62,44,47,8,0,0,262,4,18,49,39,72,51,7,3,0,243,3,19,69,88,108,78,15,3,0,387,8,42,154,146,176,140,37,0,0,707,16,80,179,188,236,246,45,5,0,998,10,17,16,9,21,15,3,3,0,94
LGA26670,0,0,4,3,9,8,8,0,0,40,65,52,158,196,333,286,113,22,6,1223,17,21,50,68,100,163,174,43,6,637,0,0,0,4,0,0,0,0,0,6,10,4,19,17,42,31,4,0,0,133,0,0,6,10,20,11,0,0,0,55,9,19,37,40,70,61,8,0,0,247,0,7,7,13,13,11,3,0,0,44,34,21,34,29,31,34,9,0,0,193,36,14,15,19,20,24,8,0,0,143,0,6,6,12,36,34,12,0,0,104,0,0,0,3,5,5,0,0,0,14,0,3,8,8,7,8,0,0,0,23,0,0,0,9,0,3,0,0,0,15,0,5,17,17,17,23,3,0,0,72,0,0,3,4,16,19,0,0,0,48,3,4,18,30,60,24,7,0,0,149,5,10,33,42,56,51,14,0,0,212,0,11,43,53,108,107,19,0,0,345,0,3,0,0,5,3,3,0,0,22
LGA26700,11,11,21,32,36,32,12,3,0,163,404,443,964,1257,1498,1273,270,45,7,6165,23,29,94,119,175,233,191,82,15,949,0,0,7,12,9,8,3,0,0,41,41,98,206,283,350,263,41,6,0,1283,0,3,12,14,24,22,0,0,0,84,57,98,187,208,218,140,31,0,0,932,17,15,45,56,61,56,15,0,0,272,208,150,207,228,257,208,52,8,0,1318,271,127,123,128,119,89,37,3,0,906,6,11,59,92,160,128,40,0,3,507,9,9,18,32,25,24,3,0,0,119,3,13,31,54,64,27,9,0,0,199,3,7,22,33,17,21,7,0,0,112,3,24,75,111,92,84,21,3,0,422,16,28,69,95,107,83,25,0,0,436,4,20,110,192,253,214,23,0,0,818,9,53,172,233,267,250,31,3,0,1021,29,112,347,427,554,553,72,10,0,2106,16,15,28,23,32,15,3,3,0,143
LGA26730,22,19,26,29,56,24,16,7,0,192,614,752,1455,1499,1819,1280,211,22,4,7656,17,50,92,76,91,65,53,10,4,460,0,3,17,23,14,13,3,0,0,62,51,163,389,276,351,209,32,4,0,1470,8,13,58,58,58,28,4,0,0,230,63,169,299,237,250,158,27,0,0,1202,15,69,118,100,113,76,23,0,0,513,364,286,355,298,348,263,46,4,0,1967,443,244,206,190,139,109,38,3,3,1365,11,26,80,85,145,133,32,3,0,517,13,22,34,21,32,16,3,0,0,146,3,15,55,76,70,49,7,0,0,282,8,15,33,48,39,28,15,0,0,187,9,59,135,131,156,94,20,5,0,610,7,19,78,86,110,98,21,3,0,424,8,43,125,180,242,145,33,4,0,784,52,75,242,355,389,292,36,0,0,1449,38,158,495,529,679,610,68,3,0,2577,27,38,53,38,42,38,21,3,0,252
LGA26810,17,14,44,38,58,42,23,9,6,254,524,628,1523,1634,2032,1744,379,48,15,8528,57,153,391,389,415,503,317,81,23,2327,3,9,85,123,179,104,5,0,0,513,55,108,195,197,233,202,41,3,0,1034,3,17,60,97,119,86,16,4,0,399,71,185,390,339,340,283,66,7,0,1677,16,28,51,61,61,49,15,0,0,278,315,199,254,296,338,286,65,8,0,1756,266,153,174,141,160,152,40,0,3,1084,12,29,68,90,153,134,47,6,0,529,5,18,12,21,15,20,4,3,0,97,4,6,40,54,63,41,7,3,0,219,0,19,28,29,44,48,7,0,0,176,21,31,125,138,122,120,32,8,0,594,12,18,72,84,111,111,23,6,0,435,9,85,320,327,331,285,48,7,0,1409,33,64,266,310,413,328,45,0,0,1458,21,142,426,444,606,624,94,7,0,2362,23,18,32,35,44,36,15,8,0,204
LGA26890,3,0,3,4,6,3,4,0,0,25,34,51,128,138,240,176,72,17,3,848,25,46,112,110,195,174,108,45,3,818,0,0,0,0,0,0,0,0,0,6,3,12,3,9,15,12,3,3,0,55,0,0,0,0,0,0,0,0,0,4,3,5,9,12,14,20,0,0,0,67,0,0,3,3,4,3,3,0,0,23,18,3,11,18,20,13,9,0,0,98,6,3,3,14,11,15,4,0,0,53,0,0,5,13,19,13,9,0,0,61,0,0,0,3,0,4,0,0,0,7,0,0,4,0,5,3,0,0,0,21,0,0,0,0,0,0,0,0,0,7,3,3,7,3,3,5,0,0,0,31,0,3,0,0,6,10,0,3,0,26,0,0,17,22,33,28,3,0,0,104,3,6,25,25,40,20,10,0,0,136,3,13,37,31,66,65,14,0,0,230,0,3,0,3,0,5,4,0,0,16
LGA26980,43,101,270,254,294,156,61,20,4,1198,1848,3521,7897,8041,8228,5169,1217,111,12,36057,4,24,42,30,36,22,20,3,0,180,0,6,16,46,26,19,3,0,0,118,135,249,742,993,1145,722,181,11,5,4191,0,30,181,188,181,103,18,0,0,699,118,459,1044,1022,1026,620,129,23,0,4451,52,168,618,774,731,373,95,10,0,2828,928,1537,1642,1226,1230,771,208,27,0,7557,1153,1207,1182,668,597,360,67,3,0,5237,27,134,447,510,581,427,128,10,3,2271,55,152,479,585,393,227,38,3,0,1929,14,187,1086,1299,917,423,100,10,0,4024,15,105,423,343,284,169,50,4,0,1401,62,527,2246,2445,1739,1011,337,32,3,8403,47,278,662,590,582,384,117,19,0,2690,13,123,566,865,1119,727,157,26,0,3603,220,513,1437,1725,2082,1492,364,36,0,7872,92,648,2290,2164,2436,1898,473,40,3,10040,270,269,274,220,209,111,46,6,0,1408
LGA27070,80,157,481,417,383,230,45,11,0,1797,2045,4192,11079,9634,8340,4803,651,43,8,40805,4,34,124,127,102,76,26,16,0,512,0,13,20,37,28,14,0,0,0,118,197,438,1792,2230,2145,1381,203,19,0,8404,3,71,375,288,194,121,13,0,0,1069,301,995,2871,2245,1642,825,127,5,0,9007,47,173,697,761,695,380,70,0,0,2833,1227,1842,2432,1983,1650,946,126,11,3,10221,1263,970,1269,700,593,342,50,3,0,5185,49,351,1706,1588,1365,977,155,10,4,6194,30,97,456,405,243,119,18,0,0,1371,18,266,1003,943,574,271,43,0,0,3115,20,111,411,288,229,100,20,0,4,1177,35,334,1499,1297,728,351,78,8,0,4332,37,286,833,785,695,501,98,7,0,3240,29,217,1193,1261,1088,702,115,11,0,4628,119,453,1785,1566,1301,845,125,4,0,6199,101,821,3195,2917,2448,1682,284,7,0,11459,103,193,271,207,128,107,20,5,0,1034
LGA27170,21,22,41,49,43,27,14,0,0,224,626,827,1915,1758,1887,1354,220,15,6,8604,9,21,35,31,55,53,36,13,3,251,0,0,11,5,10,3,4,0,0,33,68,179,449,414,466,307,28,0,0,1912,7,5,30,24,42,27,3,0,0,139,76,195,430,328,277,203,54,4,0,1561,15,24,88,100,102,74,16,0,0,424,269,266,431,351,367,256,63,11,0,2021,393,213,241,129,125,87,17,3,0,1217,14,42,136,176,219,177,61,0,0,822,9,21,40,37,22,12,0,0,0,150,3,21,89,85,84,50,3,0,0,334,13,14,47,42,45,27,5,0,0,200,15,46,147,155,163,105,36,4,0,668,19,38,107,127,149,129,27,4,0,591,142,389,514,453,481,250,40,0,0,2279,23,71,330,325,317,283,38,3,0,1389,53,193,603,569,640,533,77,6,0,2668,31,19,35,26,30,18,4,0,0,164
LGA27260,57,176,554,457,295,157,38,8,0,1739,2047,3957,12779,11487,8529,4344,595,37,16,43775,13,56,173,176,141,128,44,9,0,738,0,5,51,59,28,32,0,0,0,178,114,414,1820,2300,2023,1112,137,4,0,7921,12,55,489,395,237,109,16,0,0,1317,279,856,2167,1893,1320,624,123,4,0,7263,59,211,929,1021,903,422,58,0,0,3616,1133,1652,2801,2065,1514,791,124,7,0,10086,1403,1001,1605,987,579,303,50,7,0,5940,80,574,2920,2755,2171,1251,190,5,0,9947,21,101,705,807,298,121,10,0,0,2078,19,170,1772,1768,708,295,52,0,0,4793,29,143,533,412,255,123,25,3,0,1521,31,298,2308,2428,1019,460,104,8,3,6657,62,362,1148,931,726,414,86,3,0,3739,27,220,1240,1629,1432,803,159,13,0,5518,157,449,1708,1806,1375,783,144,9,0,6433,94,691,3102,3198,2327,1251,162,9,3,10840,150,248,517,441,230,143,27,3,0,1754
LGA27350,13,97,357,154,106,68,23,3,0,829,495,2656,10999,5070,3315,2230,628,47,6,25443,3,12,64,38,18,19,11,3,0,166,0,4,49,41,28,7,0,0,0,125,18,99,743,443,342,209,56,14,0,1926,0,21,189,117,73,21,6,0,0,435,12,154,1053,428,267,159,45,5,0,2124,15,83,452,301,198,91,20,0,3,1160,192,774,1634,645,378,250,75,7,0,3949,359,1020,1691,557,272,161,42,3,0,4105,13,77,434,260,228,120,37,0,0,1169,17,152,851,550,283,142,43,3,0,2040,5,162,1310,787,436,204,46,0,4,2951,5,67,427,190,112,79,34,3,0,915,23,567,4205,2016,1103,591,238,20,9,8771,9,158,690,369,234,129,43,6,0,1639,11,128,1119,729,531,338,86,11,0,2950,34,295,1838,1033,904,730,232,15,0,5078,26,410,2622,1252,930,725,252,15,3,6236,45,187,770,339,202,127,61,9,0,1744
LGA27450,85,119,256,269,337,253,68,16,3,1402,2121,3221,6590,7378,8489,6085,1254,106,11,35256,46,109,222,335,388,357,165,37,4,1673,0,9,53,39,32,26,6,0,0,170,242,491,1111,1632,1823,1352,295,29,0,6968,16,53,184,179,222,133,11,0,0,795,498,1155,2512,2079,2079,1244,247,16,6,9843,73,171,520,633,761,489,100,5,0,2756,1028,1124,1310,1312,1415,1057,260,39,0,7551,1295,744,552,505,451,283,89,13,0,3932,30,123,345,473,716,598,165,9,0,2461,38,96,202,245,286,168,38,3,0,1068,12,75,330,379,454,266,65,3,0,1581,50,130,245,208,216,169,59,5,0,1081,48,283,855,1171,1084,740,287,28,0,4502,39,193,452,547,619,510,140,12,3,2515,22,150,634,872,902,698,164,14,5,3459,120,306,1243,1498,1597,1469,330,25,6,6596,104,620,1627,1755,2326,1939,375,25,3,8778,179,178,232,279,245,172,51,9,0,1349
LGA27630,0,0,0,4,3,11,4,3,0,24,40,83,181,199,319,303,70,15,0,1206,13,41,95,106,170,178,85,38,0,721,0,0,0,0,4,0,0,0,0,11,0,4,3,8,15,12,6,0,0,57,0,7,3,3,13,9,0,0,0,42,4,12,20,16,22,35,9,0,0,115,0,5,13,12,15,20,0,0,0,71,27,18,29,22,45,44,10,3,0,203,15,10,23,6,15,20,4,0,0,90,5,10,19,15,34,39,8,0,0,129,0,0,3,0,4,3,0,0,0,10,0,3,5,3,11,5,3,0,0,26,0,0,0,0,3,3,0,0,0,5,0,3,5,19,18,11,8,0,0,62,0,3,5,7,14,11,5,0,0,44,0,3,19,21,24,22,7,0,0,98,0,13,39,39,58,45,10,3,0,212,27,44,77,77,128,155,14,0,0,520,0,0,3,0,4,0,0,0,0,12
LGA29399,0,0,0,0,0,0,0,0,0,7,5,29,75,39,19,12,4,0,0,186,0,0,0,3,0,13,4,3,0,23,0,0,0,0,0,0,0,0,0,4,0,0,0,0,3,0,0,0,0,9,0,0,0,0,0,0,0,0,0,0,0,4,3,3,0,0,0,0,0,10,0,0,0,0,0,0,0,0,0,3,0,3,7,0,4,0,0,0,0,16,12,33,58,22,11,3,5,0,0,153,4,15,26,6,5,6,0,0,0,65,0,0,0,0,0,0,0,0,0,3,0,0,0,0,0,0,0,0,0,0,0,3,6,7,0,0,0,0,0,16,0,0,0,9,3,4,0,0,0,15,0,4,15,3,3,0,0,0,0,22,0,0,3,3,0,0,0,0,0,7,3,0,4,6,0,8,0,0,0,21,0,3,8,8,7,3,0,0,0,29,0,3,11,8,3,0,0,0,0,21
LGA29499,0,14,14,10,9,4,0,0,0,50,25,142,304,121,102,80,16,0,0,786,3,13,23,5,10,7,3,0,0,62,0,0,10,5,0,0,0,0,0,17,3,13,39,44,26,7,4,0,0,131,0,0,7,3,3,5,0,0,0,20,4,20,73,51,25,22,4,0,0,199,0,3,16,17,7,10,0,0,0,42,12,21,32,30,23,16,0,0,0,133,21,80,84,25,20,14,5,0,0,245,0,15,45,29,24,18,3,0,0,134,0,4,12,3,6,0,0,0,0,29,0,0,16,11,10,4,0,3,0,45,0,0,11,5,7,0,0,0,0,29,0,8,76,26,11,10,3,0,0,131,0,11,32,11,10,17,4,0,0,89,10,28,33,23,17,19,0,0,0,118,3,10,40,25,14,21,0,0,0,115,0,22,62,39,34,28,0,0,0,189,5,9,31,9,15,7,3,0,0,65
LGA29799,0,0,0,0,0,0,0,0,0,0,0,0,0,0,0,0,0,0,0,0,0,0,0,0,0,0,0,0,0,0,0,0,0,0,0,0,0,0,0,7,0,0,0,0,0,0,0,0,0,4,0,0,0,0,0,0,0,0,0,0,0,0,0,0,0,3,0,0,0,3,0,0,0,0,0,0,0,0,0,0,0,0,0,0,0,0,0,0,0,0,0,0,0,0,0,0,0,0,0,3,0,0,0,0,3,3,0,0,0,8,0,0,0,0,0,0,0,0,0,0,0,0,0,0,0,0,0,0,0,0,0,0,0,0,0,0,0,0,0,0,0,0,0,0,0,0,0,0,0,0,0,0,0,0,0,0,0,0,0,0,0,0,0,0,0,0,0,0,0,0,0,0,0,0,0,0,0,0,0,0,0,0,0,0,0,0,0,0,0,0,0,0,0,0,0,0,0,0,0,0
