SSC_CODE_2016,P_Tot_55_64,P_Tot_65_74,P_Tot_75_84,P_Tot_85ov,P_Tot_Tot
SSC20001,0,0,0,0,0
SSC20002,430,262,75,43,5791
SSC20003,362,163,60,46,2030
SSC20004,0,0,0,0,0
SSC20005,17,28,8,0,79
SSC20006,0,0,0,0,0
SSC20007,3,8,0,0,24
SSC20008,4,3,0,0,18
SSC20009,6,4,0,0,21
SSC20010,9,0,0,0,22
SSC20011,0,0,0,0,0
SSC20012,136,77,45,11,499
SSC20013,15,8,0,0,62
SSC20014,441,295,183,76,3630
SSC20015,0,0,0,0,0
SSC20016,277,224,67,14,1981
SSC20017,596,454,143,46,3693
SSC20018,24,29,10,3,110
SSC20019,13,7,0,0,39
SSC20020,215,139,62,25,2269
SSC20021,245,217,110,55,1276
SSC20022,583,384,186,45,4245
SSC20023,10,3,0,0,11
SSC20024,9,5,3,0,51
SSC20025,17,10,0,0,51
SSC20026,34,21,3,0,159
SSC20027,97,65,27,6,687
SSC20028,19,10,6,3,97
SSC20029,8,5,3,0,53
SSC20030,14,17,3,0,75
SSC20031,0,3,0,0,8
SSC20032,3,3,3,0,21
SSC20033,493,240,68,38,2999
SSC20034,783,510,304,154,5620
SSC20035,1194,625,241,98,8520
SSC20036,435,312,336,161,5002
SSC20037,10,7,4,3,59
SSC20038,14,3,0,0,27
SSC20039,0,0,0,0,0
SSC20040,24,22,3,3,103
SSC20041,81,47,17,0,348
SSC20042,11,10,0,0,45
SSC20043,4,3,0,0,15
SSC20044,3,3,0,0,11
SSC20045,307,305,116,47,1519
SSC20046,3,0,0,0,10
SSC20047,4,3,0,0,25
SSC20048,181,164,53,22,868
SSC20049,0,0,0,0,3
SSC20050,7,3,0,0,15
SSC20051,34,11,3,3,104
SSC20052,642,492,248,86,3888
SSC20053,21,5,0,0,46
SSC20054,0,0,0,0,0
SSC20055,18,18,3,0,105
SSC20056,8,0,3,0,39
SSC20057,3,0,0,0,9
SSC20058,0,0,0,0,3
SSC20059,4,0,0,0,6
SSC20060,3,0,0,0,15
SSC20061,126,83,50,37,1318
SSC20062,30,34,8,0,207
SSC20063,3,4,0,0,14
SSC20064,20,20,11,5,99
SSC20065,707,582,294,128,5874
SSC20066,20,7,4,0,49
SSC20067,146,60,19,3,2197
SSC20068,8,3,0,0,17
SSC20069,0,0,0,0,11
SSC20070,57,43,15,8,260
SSC20071,54,33,12,0,209
SSC20072,9,4,7,0,36
SSC20073,170,84,25,7,882
SSC20074,1033,483,160,53,8280
SSC20075,23,24,3,4,109
SSC20076,718,376,161,123,4214
SSC20077,480,302,147,110,3714
SSC20078,548,289,187,49,3626
SSC20079,486,208,158,40,3068
SSC20080,14,3,0,0,56
SSC20081,234,90,18,0,1437
SSC20082,0,0,0,0,6
SSC20083,0,0,0,0,5
SSC20084,19,11,3,0,90
SSC20085,115,76,38,8,532
SSC20086,117,91,43,18,489
SSC20087,0,0,0,0,4
SSC20088,646,550,364,125,5147
SSC20089,0,4,0,0,11
SSC20090,95,37,16,6,432
SSC20091,33,25,8,0,166
SSC20092,77,35,17,6,373
SSC20093,4,0,0,0,13
SSC20094,434,389,186,67,2849
SSC20095,56,18,12,0,173
SSC20096,139,92,23,7,694
SSC20097,0,3,0,0,8
SSC20098,39,15,7,0,147
SSC20099,4,4,0,0,14
SSC20100,6,0,3,0,16
SSC20101,16,7,8,3,51
SSC20102,565,478,304,170,3564
SSC20103,14,10,3,0,91
SSC20104,329,205,77,24,3501
SSC20105,7,7,3,3,43
SSC20106,0,3,0,0,22
SSC20107,239,162,74,39,1387
SSC20108,4,0,4,0,24
SSC20109,0,0,0,0,4
SSC20110,473,301,131,51,2952
SSC20111,400,320,210,128,2862
SSC20112,282,213,121,48,1824
SSC20113,5,3,0,0,35
SSC20114,32,22,3,0,157
SSC20115,25,10,0,0,71
SSC20116,7,0,0,0,30
SSC20117,6,19,0,0,60
SSC20118,29,22,9,4,129
SSC20119,287,178,90,26,1276
SSC20120,63,75,34,10,273
SSC20121,0,0,0,0,5
SSC20122,1240,846,469,280,7379
SSC20123,1858,1125,587,343,10692
SSC20124,42,28,5,3,222
SSC20125,25,8,6,0,114
SSC20126,10,12,6,0,56
SSC20127,6,0,4,0,24
SSC20128,17,13,5,0,292
SSC20129,0,3,0,0,23
SSC20130,43,112,77,17,336
SSC20131,3,3,0,0,18
SSC20132,293,192,68,20,2373
SSC20133,3,0,0,0,9
SSC20134,3,0,0,0,10
SSC20135,159,66,54,49,1163
SSC20136,7,13,7,4,42
SSC20137,24,24,11,3,110
SSC20138,3,0,0,0,11
SSC20139,17,15,5,0,84
SSC20140,62,33,18,3,246
SSC20141,7,4,0,0,21
SSC20142,3,3,0,0,12
SSC20143,30,21,9,0,117
SSC20144,0,0,0,0,5
SSC20145,90,40,13,4,447
SSC20146,25,19,0,0,83
SSC20147,13,12,4,0,79
SSC20148,62,35,8,3,216
SSC20149,15,24,8,0,116
SSC20150,33,14,6,0,142
SSC20151,3,0,0,0,4
SSC20152,0,0,0,0,10
SSC20153,0,0,0,0,14
SSC20154,0,0,0,0,3
SSC20155,4,0,0,0,17
SSC20156,0,7,0,0,11
SSC20157,0,0,0,0,6
SSC20158,14,7,0,0,55
SSC20159,45,23,5,0,126
SSC20160,18,7,4,3,60
SSC20161,440,315,124,22,2098
SSC20162,3,0,0,0,5
SSC20163,29,33,6,0,153
SSC20164,83,33,15,0,448
SSC20165,4,7,4,0,31
SSC20166,0,0,0,0,0
SSC20167,3,0,0,0,20
SSC20168,152,102,50,13,1034
SSC20169,0,3,0,0,10
SSC20170,38,30,5,0,201
SSC20171,19,12,0,0,62
SSC20172,674,539,358,144,5819
SSC20173,548,341,147,175,4375
SSC20174,464,210,82,19,3040
SSC20175,296,168,74,29,1480
SSC20176,19,21,0,3,77
SSC20177,12,28,11,0,67
SSC20178,5,4,0,0,26
SSC20179,0,0,0,0,21
SSC20180,121,123,66,37,656
SSC20181,1489,969,482,270,7292
SSC20182,0,0,0,0,15
SSC20183,29,21,10,0,161
SSC20184,11,4,3,0,50
SSC20185,481,368,172,70,2309
SSC20186,3,4,0,0,15
SSC20187,382,169,59,13,2077
SSC20188,132,71,22,3,688
SSC20189,187,106,32,6,851
SSC20190,295,177,109,24,2093
SSC20191,313,277,146,49,2187
SSC20192,23,27,5,4,101
SSC20193,0,0,0,0,0
SSC20194,100,91,58,11,472
SSC20195,50,40,5,3,225
SSC20196,12,5,0,0,31
SSC20197,100,54,23,7,864
SSC20198,0,0,0,0,0
SSC20199,23,24,0,0,77
SSC20200,953,704,421,247,7218
SSC20201,9,5,3,0,31
SSC20202,34,24,3,3,138
SSC20203,860,746,419,193,4745
SSC20204,13,19,3,0,53
SSC20205,0,0,3,0,20
SSC20206,29,38,3,0,177
SSC20207,514,345,157,66,3019
SSC20208,14,11,0,0,40
SSC20209,12,6,4,0,37
SSC20210,8,4,0,0,22
SSC20211,24,4,0,0,70
SSC20212,5,4,0,0,26
SSC20213,1332,687,313,175,8600
SSC20214,1973,1059,596,320,13868
SSC20215,0,0,0,0,8
SSC20216,9,4,5,0,79
SSC20217,10,0,0,0,18
SSC20218,7,11,8,0,68
SSC20219,7,11,0,0,23
SSC20220,18,6,8,6,86
SSC20221,3,4,0,0,16
SSC20222,21,12,0,0,75
SSC20223,2824,1600,937,380,21965
SSC20224,11,9,0,0,43
SSC20225,6,16,7,3,62
SSC20226,4,9,4,0,41
SSC20227,0,0,0,0,0
SSC20228,52,38,11,3,257
SSC20229,11,9,3,0,44
SSC20230,27,19,3,4,134
SSC20231,26,23,3,0,158
SSC20232,119,53,16,0,986
SSC20233,0,0,0,0,3
SSC20234,21,21,3,0,113
SSC20235,3,11,0,0,24
SSC20236,6,3,3,5,37
SSC20237,4,3,0,0,16
SSC20238,0,0,0,0,0
SSC20239,4,0,0,0,8
SSC20240,9,3,0,0,25
SSC20241,7,10,0,3,49
SSC20242,0,0,0,0,0
SSC20243,41,52,22,11,311
SSC20244,0,0,0,0,0
SSC20245,56,21,10,3,268
SSC20246,74,74,23,3,424
SSC20247,312,196,67,27,1753
SSC20248,155,123,34,19,1058
SSC20249,32,20,0,0,117
SSC20250,666,523,240,127,3532
SSC20251,1147,815,501,308,8004
SSC20252,456,267,212,81,3710
SSC20253,782,522,432,239,5582
SSC20254,3,0,0,0,12
SSC20255,33,24,6,0,157
SSC20256,255,340,165,47,1348
SSC20257,0,3,0,0,17
SSC20258,34,16,3,0,117
SSC20259,78,52,23,3,554
SSC20260,19,0,3,0,35
SSC20261,3,0,0,0,14
SSC20262,5,11,0,0,35
SSC20263,3,5,0,3,33
SSC20264,0,0,0,0,0
SSC20265,16,14,3,0,40
SSC20266,10,5,7,0,38
SSC20267,0,0,0,0,3
SSC20268,0,0,0,0,8
SSC20269,25,14,3,3,118
SSC20270,0,0,0,0,0
SSC20271,18,13,7,0,92
SSC20272,0,0,0,0,3
SSC20273,78,50,13,0,277
SSC20274,4,3,0,0,21
SSC20275,5,4,0,0,48
SSC20276,8,3,0,0,13
SSC20277,500,335,173,108,3575
SSC20278,44,18,0,0,355
SSC20279,25,19,7,7,161
SSC20280,3,0,0,0,19
SSC20281,66,54,20,4,288
SSC20282,20,10,4,0,100
SSC20283,8,9,3,4,73
SSC20284,0,0,0,0,0
SSC20285,0,0,0,0,9
SSC20286,124,92,24,14,501
SSC20287,20,14,7,0,72
SSC20288,0,0,0,0,0
SSC20289,6,0,0,0,16
SSC20290,0,3,0,0,9
SSC20291,0,0,0,0,9
SSC20292,11,3,3,0,61
SSC20293,9,13,3,3,55
SSC20294,0,3,0,0,3
SSC20295,7,3,0,0,20
SSC20296,14,19,13,3,86
SSC20297,4,9,5,0,21
SSC20298,76,62,24,31,367
SSC20299,9,3,3,0,46
SSC20300,6,5,0,0,42
SSC20301,11,0,0,0,13
SSC20302,1560,1120,568,191,11087
SSC20303,10,3,7,0,46
SSC20304,7,6,0,0,39
SSC20305,199,72,10,0,1777
SSC20306,9,7,7,4,56
SSC20307,11,19,3,0,85
SSC20308,5,5,3,0,27
SSC20309,4,3,0,0,27
SSC20310,10,5,0,0,53
SSC20311,0,3,3,0,18
SSC20312,622,354,283,192,6474
SSC20313,811,439,290,100,6209
SSC20314,690,364,210,95,4622
SSC20315,3,3,0,0,10
SSC20316,0,0,0,0,0
SSC20317,0,0,0,0,18
SSC20318,0,0,0,0,9
SSC20319,7,13,0,0,48
SSC20320,23,18,8,0,143
SSC20321,5,3,0,0,11
SSC20322,355,191,82,31,3647
SSC20323,0,8,0,0,22
SSC20324,67,53,21,8,478
SSC20325,34,26,6,0,107
SSC20326,3,5,0,0,19
SSC20327,6,0,0,0,21
SSC20328,148,68,24,3,562
SSC20329,267,234,95,17,1702
SSC20330,9,7,0,0,49
SSC20331,9,12,3,0,55
SSC20332,3,0,0,0,23
SSC20333,33,22,13,7,144
SSC20334,246,226,101,56,1255
SSC20335,2523,1826,917,473,13484
SSC20336,1534,973,601,486,8743
SSC20337,14,8,3,0,63
SSC20338,0,0,0,0,4
SSC20339,9,4,0,0,25
SSC20340,8,4,3,0,40
SSC20341,0,0,0,0,3
SSC20342,0,0,0,0,14
SSC20343,310,176,78,29,1837
SSC20344,407,225,145,43,4340
SSC20345,11,0,0,0,39
SSC20346,3,0,0,0,10
SSC20347,8,4,0,0,17
SSC20348,3,8,0,0,28
SSC20349,408,229,110,32,3673
SSC20350,86,38,26,12,908
SSC20351,0,0,0,0,0
SSC20352,38,10,8,0,132
SSC20353,10,6,3,0,53
SSC20354,261,126,66,14,1726
SSC20355,8,3,0,0,45
SSC20356,11,14,0,0,40
SSC20357,10,11,0,0,55
SSC20358,0,0,0,0,0
SSC20359,1284,590,234,83,15564
SSC20360,535,272,110,36,7671
SSC20361,813,404,180,102,8439
SSC20362,77,61,28,4,395
SSC20363,17,4,3,0,44
SSC20364,27,6,10,0,102
SSC20365,4,3,3,4,36
SSC20366,23,6,8,3,75
SSC20367,23,12,0,0,100
SSC20368,0,3,0,0,12
SSC20369,4,3,6,0,23
SSC20370,0,0,0,0,0
SSC20371,16,4,0,4,69
SSC20372,0,0,0,0,5
SSC20373,26,19,3,0,124
SSC20374,40,22,4,0,132
SSC20375,7,5,0,0,47
SSC20376,3,0,0,0,3
SSC20377,0,0,0,0,3
SSC20378,3,0,4,0,18
SSC20379,57,55,16,4,330
SSC20380,3,0,0,0,5
SSC20381,0,6,3,0,34
SSC20382,21,12,4,0,50
SSC20383,7,4,0,0,18
SSC20384,718,553,422,126,5366
SSC20385,75,47,14,0,341
SSC20386,6,3,0,0,32
SSC20387,3,3,0,0,13
SSC20388,44,24,3,0,260
SSC20389,22,10,3,0,97
SSC20390,7,10,0,0,38
SSC20391,23,11,9,0,127
SSC20392,15,10,0,0,90
SSC20393,65,27,10,5,215
SSC20394,6,4,3,0,27
SSC20395,0,0,0,0,0
SSC20396,9,6,0,0,28
SSC20397,1535,1076,575,277,13793
SSC20398,8,7,0,0,25
SSC20399,0,3,0,0,31
SSC20400,3,3,0,0,25
SSC20401,17,6,0,0,46
SSC20402,23,12,3,0,112
SSC20403,4,9,0,0,14
SSC20404,7,0,0,0,26
SSC20405,3,0,0,0,3
SSC20406,4,0,0,0,9
SSC20407,386,249,102,25,1912
SSC20408,28,15,0,3,122
SSC20409,167,126,46,22,1120
SSC20410,3,8,3,4,48
SSC20411,0,0,0,0,0
SSC20412,0,0,0,0,6
SSC20413,0,3,0,0,9
SSC20414,7,5,0,0,26
SSC20415,8,0,3,0,15
SSC20416,36,37,6,0,508
SSC20417,240,136,69,54,1901
SSC20418,177,71,6,0,2459
SSC20419,0,3,0,0,11
SSC20420,18,12,3,0,101
SSC20421,3,0,0,0,5
SSC20422,6,6,0,0,19
SSC20423,23,28,0,0,96
SSC20424,806,542,389,256,7977
SSC20425,663,539,397,88,5250
SSC20426,40,36,11,3,277
SSC20427,3,0,0,0,15
SSC20428,0,0,0,0,9
SSC20429,75,50,24,3,272
SSC20430,16,13,3,0,70
SSC20431,19,7,0,0,56
SSC20432,14,8,0,0,67
SSC20433,17,6,5,8,77
SSC20434,13,6,0,0,74
SSC20435,45,12,0,0,201
SSC20436,4,0,0,0,11
SSC20437,7,7,3,0,27
SSC20438,3,0,0,0,9
SSC20439,404,176,31,3,3655
SSC20440,0,0,0,0,0
SSC20441,9,11,5,0,80
SSC20442,263,186,116,38,1722
SSC20443,22,13,0,3,84
SSC20444,7,0,0,0,15
SSC20445,30,28,8,3,154
SSC20446,6,4,0,0,22
SSC20447,0,0,0,0,6
SSC20448,0,0,0,0,9
SSC20449,12,15,3,3,75
SSC20450,0,0,0,0,0
SSC20451,2055,1487,810,545,12938
SSC20452,16,15,0,0,123
SSC20453,145,149,52,14,1544
SSC20454,0,0,0,0,11
SSC20455,167,120,38,11,891
SSC20456,4,4,0,0,19
SSC20457,5,3,0,0,22
SSC20458,246,240,141,49,1453
SSC20459,265,132,62,45,1825
SSC20460,3,0,0,0,5
SSC20461,6,0,0,0,26
SSC20462,19,13,4,0,73
SSC20463,0,0,0,0,13
SSC20464,50,32,15,0,330
SSC20465,4,0,0,0,20
SSC20466,912,621,289,155,4617
SSC20467,29,11,3,0,79
SSC20468,8,16,0,0,43
SSC20469,0,0,0,0,3
SSC20470,3,0,0,0,9
SSC20471,109,103,40,8,513
SSC20472,85,53,15,3,263
SSC20473,151,108,39,6,863
SSC20474,5,3,0,0,13
SSC20475,4,6,5,3,36
SSC20476,3,0,0,0,3
SSC20477,25,11,4,4,121
SSC20478,4,11,0,0,24
SSC20479,5,7,0,0,14
SSC20480,10,8,0,0,38
SSC20481,14,3,0,0,48
SSC20482,49,28,8,0,318
SSC20483,40,21,14,0,291
SSC20484,36,17,4,0,170
SSC20485,66,30,19,0,345
SSC20486,3,3,0,0,23
SSC20487,3,0,0,0,10
SSC20488,3,0,0,0,12
SSC20489,109,61,18,9,466
SSC20490,17,9,4,3,66
SSC20491,32,18,11,0,166
SSC20492,551,397,200,84,10896
SSC20493,475,380,116,33,4359
SSC20494,8,3,0,0,31
SSC20495,1146,676,361,144,10391
SSC20496,26,11,3,0,81
SSC20497,943,443,133,8,10619
SSC20498,4,3,0,0,49
SSC20499,18,7,3,0,57
SSC20500,17,10,3,0,63
SSC20501,4,7,0,0,25
SSC20502,4,0,0,0,18
SSC20503,0,0,0,0,11
SSC20504,290,216,86,31,2098
SSC20505,1177,636,330,229,9178
SSC20506,10,0,0,0,28
SSC20507,29,11,6,0,96
SSC20508,6,0,0,0,13
SSC20509,27,8,0,0,138
SSC20510,107,117,76,41,682
SSC20511,4,8,0,0,35
SSC20512,18,7,0,0,60
SSC20513,735,618,393,194,3727
SSC20514,22,10,6,0,123
SSC20515,14,0,3,0,48
SSC20516,0,0,0,5,12
SSC20517,0,0,0,0,6
SSC20518,458,386,221,165,3277
SSC20519,110,62,12,0,924
SSC20520,1383,991,442,328,9339
SSC20521,1111,789,285,138,6791
SSC20522,3,4,0,0,18
SSC20523,34,18,4,0,170
SSC20524,27,20,12,0,141
SSC20525,474,272,160,48,4815
SSC20526,0,0,0,0,0
SSC20527,0,0,0,0,0
SSC20528,7,7,0,0,17
SSC20529,4,3,0,0,15
SSC20530,44,41,24,35,226
SSC20531,5,8,0,0,36
SSC20532,119,53,38,30,457
SSC20533,6,3,3,0,25
SSC20534,504,365,251,183,4151
SSC20535,357,241,124,17,2479
SSC20536,1496,959,619,396,11428
SSC20537,7,0,0,0,19
SSC20538,4,6,3,0,35
SSC20539,0,0,0,0,0
SSC20540,25,11,6,0,120
SSC20541,0,0,0,0,0
SSC20542,22,14,4,0,89
SSC20543,6,3,3,0,29
SSC20544,147,61,32,3,1048
SSC20545,16,5,0,0,32
SSC20546,18,8,0,0,52
SSC20547,0,0,0,0,0
SSC20548,181,113,43,11,772
SSC20549,7,3,4,0,39
SSC20550,0,0,0,0,3
SSC20551,3,3,0,0,14
SSC20552,12,3,0,0,57
SSC20553,757,556,196,59,4703
SSC20554,0,0,0,0,3
SSC20555,5,4,0,0,25
SSC20556,38,18,8,4,213
SSC20557,130,71,27,0,518
SSC20558,392,279,96,24,2229
SSC20559,0,0,0,0,0
SSC20560,0,0,0,0,5
SSC20561,15,10,3,0,66
SSC20562,3,8,0,0,15
SSC20563,490,332,156,62,3307
SSC20564,19,19,5,0,140
SSC20565,0,6,0,0,29
SSC20566,502,278,234,199,9905
SSC20567,465,314,179,40,5885
SSC20568,9,4,0,0,33
SSC20569,34,23,5,3,183
SSC20570,18,18,3,0,111
SSC20571,564,346,87,23,4154
SSC20572,728,540,296,57,3678
SSC20573,37,23,0,0,171
SSC20574,0,0,0,0,3
SSC20575,21,3,3,0,79
SSC20576,4,6,0,0,14
SSC20577,200,134,66,11,819
SSC20578,123,38,12,3,997
SSC20579,227,170,50,6,3933
SSC20580,3,0,0,0,49
SSC20581,16,7,3,0,39
SSC20582,6,6,0,0,30
SSC20583,16,5,3,0,101
SSC20584,8,8,6,0,44
SSC20585,0,0,0,0,0
SSC20586,0,0,0,0,0
SSC20587,115,89,52,23,714
SSC20588,360,361,218,65,2359
SSC20589,17,12,0,3,107
SSC20590,3,0,3,0,37
SSC20591,7,9,3,0,27
SSC20592,1483,622,276,127,13835
SSC20593,371,196,128,123,3898
SSC20594,0,0,0,0,0
SSC20595,0,0,0,0,0
SSC20596,329,128,49,10,2025
SSC20597,0,0,0,0,0
SSC20598,4,0,0,0,23
SSC20599,7,10,3,0,35
SSC20600,167,151,97,25,958
SSC20601,32,27,0,9,205
SSC20602,0,0,0,0,4
SSC20603,610,453,283,139,3742
SSC20604,9,4,0,3,27
SSC20605,15,16,4,0,64
SSC20606,6,5,0,0,34
SSC20607,17,16,16,0,136
SSC20608,3,3,0,0,18
SSC20609,163,102,35,15,992
SSC20610,90,68,39,27,459
SSC20611,20,4,3,3,113
SSC20612,437,193,91,47,5635
SSC20613,4,0,0,0,17
SSC20614,14,8,5,0,66
SSC20615,6,7,4,3,53
SSC20616,51,36,6,0,260
SSC20617,109,81,22,6,477
SSC20618,3,0,0,0,14
SSC20619,4,3,0,0,18
SSC20620,99,95,86,10,968
SSC20621,12,6,3,0,40
SSC20622,14,0,0,0,53
SSC20623,32,10,4,0,124
SSC20624,29,20,7,3,91
SSC20625,0,0,0,0,13
SSC20626,0,0,0,0,10
SSC20627,30,9,0,0,164
SSC20628,9,0,0,0,28
SSC20629,19,15,0,0,99
SSC20630,3,0,0,0,14
SSC20631,0,3,0,0,14
SSC20632,9,5,0,0,64
SSC20633,9,10,4,0,41
SSC20634,25,5,0,0,60
SSC20635,78,98,30,4,381
SSC20636,767,520,252,66,5357
SSC20637,8,0,0,0,19
SSC20638,5,0,3,0,21
SSC20639,8,3,5,0,58
SSC20640,85,81,42,15,378
SSC20641,13,10,3,0,61
SSC20642,25,11,0,0,114
SSC20643,0,7,0,0,6
SSC20644,97,87,62,25,600
SSC20645,18,4,4,3,58
SSC20646,6,0,3,0,24
SSC20647,6,3,0,0,25
SSC20648,8,4,0,0,36
SSC20649,3,0,0,0,3
SSC20650,112,42,21,3,367
SSC20651,0,0,0,0,0
SSC20652,0,0,0,0,11
SSC20653,440,475,244,160,2389
SSC20654,5,0,0,0,13
SSC20655,48,11,5,0,168
SSC20656,9,0,0,0,23
SSC20657,1709,644,211,60,20293
SSC20658,1101,609,253,94,8359
SSC20659,415,355,272,92,6917
SSC20660,813,382,123,33,8494
SSC20661,146,105,34,5,783
SSC20662,495,184,71,21,6472
SSC20663,0,0,0,0,8
SSC20664,12,28,4,0,84
SSC20665,92,56,10,0,1484
SSC20666,13,11,11,0,77
SSC20667,288,247,148,67,1602
SSC20668,9,0,3,0,37
SSC20669,264,140,60,7,1465
SSC20670,0,0,0,0,0
SSC20671,3,0,0,0,3
SSC20672,0,0,0,0,7
SSC20673,21,16,3,0,94
SSC20674,18,12,3,0,86
SSC20675,11,12,3,0,51
SSC20676,0,0,3,0,31
SSC20677,1760,1385,856,386,13359
SSC20678,435,216,67,19,2429
SSC20679,673,352,204,83,3941
SSC20680,283,242,104,11,2235
SSC20681,0,3,0,0,6
SSC20682,25,5,0,3,103
SSC20683,19,14,3,3,114
SSC20684,17,10,4,0,42
SSC20685,12,0,0,0,25
SSC20686,4,0,0,0,18
SSC20687,9,10,0,0,28
SSC20688,0,0,0,0,0
SSC20689,0,0,0,0,3
SSC20690,0,0,0,0,11
SSC20691,11,0,4,0,56
SSC20692,104,89,29,0,761
SSC20693,10,0,3,0,14
SSC20694,13,11,3,0,36
SSC20695,24,45,14,0,165
SSC20696,26,13,0,0,170
SSC20697,200,144,90,21,2180
SSC20698,15,18,4,0,82
SSC20699,3,3,0,0,22
SSC20700,0,0,0,0,0
SSC20701,42,21,7,7,263
SSC20702,1173,641,464,221,11836
SSC20703,1265,874,417,136,9325
SSC20704,16,15,0,0,99
SSC20705,0,0,0,0,3
SSC20706,4,11,7,0,38
SSC20707,584,297,93,17,3636
SSC20708,3,0,3,0,19
SSC20709,13,6,0,0,42
SSC20710,53,34,7,0,321
SSC20711,46,19,7,3,219
SSC20712,0,0,0,0,4
SSC20713,25,30,8,0,139
SSC20714,14,10,0,0,47
SSC20715,8,6,0,0,23
SSC20716,321,221,102,45,1374
SSC20717,14,4,6,0,62
SSC20718,46,20,4,0,150
SSC20719,3,0,0,0,8
SSC20720,18,17,6,0,86
SSC20721,21,13,3,0,86
SSC20722,235,174,110,63,1174
SSC20723,796,542,217,49,7305
SSC20724,315,241,124,52,2591
SSC20725,450,188,55,15,3148
SSC20726,0,0,0,0,4
SSC20727,4,3,0,0,14
SSC20728,0,3,0,0,10
SSC20729,0,5,0,0,9
SSC20730,23,23,3,0,191
SSC20731,95,53,21,12,817
SSC20732,18,18,3,0,86
SSC20733,0,0,0,0,0
SSC20734,6,4,0,0,13
SSC20735,50,40,4,0,241
SSC20736,5,7,0,0,15
SSC20737,206,82,22,6,3356
SSC20738,6,3,3,0,27
SSC20739,35,27,25,9,163
SSC20740,22,8,3,0,87
SSC20741,4,3,0,0,9
SSC20742,128,90,27,6,680
SSC20743,46,23,14,3,172
SSC20744,22,20,6,0,102
SSC20745,26,15,3,0,332
SSC20746,966,476,162,42,5860
SSC20747,13,12,0,0,48
SSC20748,215,118,42,9,1338
SSC20749,3,9,3,0,43
SSC20750,178,94,51,36,742
SSC20751,11,7,17,0,91
SSC20752,819,595,294,123,4885
SSC20753,7,4,0,0,43
SSC20754,24,7,0,0,150
SSC20755,9,0,0,0,55
SSC20756,27,40,11,3,182
SSC20757,4,6,0,0,16
SSC20758,16,10,3,0,60
SSC20759,8,4,0,0,31
SSC20760,605,330,76,8,7828
SSC20761,0,0,0,0,7
SSC20762,8,6,0,0,32
SSC20763,58,19,12,0,261
SSC20764,120,107,64,48,651
SSC20765,1451,1145,921,357,11189
SSC20766,2156,1567,947,381,14450
SSC20767,12,11,0,0,71
SSC20768,1059,770,433,250,6427
SSC20769,0,0,0,0,3
SSC20770,25,23,3,0,126
SSC20771,33,16,9,0,145
SSC20772,0,0,0,0,18
SSC20773,819,508,113,33,9446
SSC20774,3,0,3,0,19
SSC20775,0,0,0,0,0
SSC20776,7,4,0,0,19
SSC20777,392,263,168,56,3430
SSC20778,3,3,0,0,26
SSC20779,4,3,0,0,10
SSC20780,7,3,0,0,39
SSC20781,11,0,0,0,26
SSC20782,520,472,228,72,2818
SSC20783,0,4,0,0,5
SSC20784,860,712,360,122,5613
SSC20785,9,9,0,0,97
SSC20786,25,31,6,3,148
SSC20787,40,28,11,7,167
SSC20788,4,5,0,0,19
SSC20789,4,12,0,0,70
SSC20790,80,51,11,3,310
SSC20791,0,0,0,0,18
SSC20792,28,29,3,0,145
SSC20793,25,17,6,5,107
SSC20794,10,8,0,0,69
SSC20795,4,0,0,0,19
SSC20796,388,320,233,129,2159
SSC20797,4,0,0,3,11
SSC20798,49,29,10,0,184
SSC20799,11,4,3,0,38
SSC20800,4,0,0,0,7
SSC20801,5,8,0,0,25
SSC20802,9,0,0,0,25
SSC20803,71,42,14,14,365
SSC20804,0,3,0,0,16
SSC20805,0,3,0,0,11
SSC20806,26,13,3,0,103
SSC20807,94,86,38,4,367
SSC20808,6,3,3,0,22
SSC20809,0,3,0,0,3
SSC20810,48,22,10,0,215
SSC20811,12,7,0,0,36
SSC20812,9,0,5,0,16
SSC20813,0,0,0,0,3
SSC20814,19,13,3,0,61
SSC20815,4,0,0,0,12
SSC20816,148,123,49,20,576
SSC20817,404,313,143,44,2521
SSC20818,3,0,0,0,3
SSC20819,497,344,117,52,2300
SSC20820,14,9,3,0,48
SSC20821,92,106,39,13,554
SSC20822,178,110,77,37,1032
SSC20823,379,181,68,22,2150
SSC20824,526,424,146,82,3793
SSC20825,4,0,0,0,66
SSC20826,6,6,0,0,45
SSC20827,95,66,24,3,434
SSC20828,6,9,0,0,26
SSC20829,0,0,0,0,11
SSC20830,151,181,150,102,1303
SSC20831,12,12,0,0,61
SSC20832,1009,778,472,212,6314
SSC20833,55,40,7,3,243
SSC20834,45,17,11,0,193
SSC20835,5,0,0,0,74
SSC20836,4,3,9,0,50
SSC20837,130,78,18,4,624
SSC20838,70,76,41,33,434
SSC20839,12,10,3,0,45
SSC20840,5,11,0,0,42
SSC20841,13,10,4,0,48
SSC20842,406,257,162,90,3093
SSC20843,27,16,10,0,108
SSC20844,93,105,44,28,507
SSC20845,18,17,4,0,100
SSC20846,44,39,7,5,205
SSC20847,4,0,0,0,21
SSC20848,3,0,0,0,21
SSC20849,3,0,3,0,28
SSC20850,0,0,0,0,0
SSC20851,12,10,4,0,91
SSC20852,11,3,3,0,69
SSC20853,221,103,55,25,1232
SSC20854,28,16,0,0,120
SSC20855,25,26,8,3,90
SSC20856,53,47,34,8,325
SSC20857,87,39,8,5,288
SSC20858,870,539,230,107,6072
SSC20859,1941,1176,400,124,9841
SSC20860,754,373,90,20,3527
SSC20861,1204,548,189,57,10503
SSC20862,573,396,96,37,2905
SSC20863,5,5,0,0,16
SSC20864,53,20,10,3,200
SSC20865,1927,988,335,136,11042
SSC20866,35,37,8,8,256
SSC20867,0,3,0,0,6
SSC20868,0,0,0,0,0
SSC20869,15,12,6,0,56
SSC20870,0,3,0,0,9
SSC20871,61,47,17,6,348
SSC20872,1359,679,258,109,13462
SSC20873,220,119,42,14,1970
SSC20874,6,0,0,3,32
SSC20875,20,17,3,0,99
SSC20876,0,0,0,0,0
SSC20877,22,20,8,0,104
SSC20878,0,0,0,0,0
SSC20879,1696,808,377,207,11489
SSC20880,0,0,0,0,0
SSC20881,185,96,60,55,1690
SSC20882,116,61,38,19,728
SSC20883,85,79,56,13,793
SSC20884,4,3,0,0,19
SSC20885,38,36,5,9,289
SSC20886,277,241,145,92,1469
SSC20887,30,18,3,0,103
SSC20888,17,9,3,0,62
SSC20889,3,0,0,0,5
SSC20890,25,24,3,0,106
SSC20891,20,12,3,0,90
SSC20892,13,0,0,0,49
SSC20893,95,42,0,0,1217
SSC20894,3,3,3,0,16
SSC20895,478,217,100,31,3914
SSC20896,50,30,17,3,184
SSC20897,4,0,0,0,11
SSC20898,14,3,0,0,38
SSC20899,0,0,0,0,0
SSC20900,15,20,4,0,185
SSC20901,25,25,3,3,92
SSC20902,0,12,0,0,34
SSC20903,501,268,299,183,5569
SSC20904,0,0,0,0,5
SSC20905,3,5,0,0,17
SSC20906,16,12,3,0,56
SSC20907,17,12,3,0,64
SSC20908,6,0,0,0,25
SSC20909,0,0,0,0,7
SSC20910,0,0,0,0,0
SSC20911,1792,1258,580,203,12784
SSC20912,202,129,42,10,902
SSC20913,0,0,0,0,3
SSC20914,69,54,11,0,278
SSC20915,71,61,17,4,378
SSC20916,3,0,0,0,6
SSC20917,3,0,0,0,13
SSC20918,670,376,177,63,6944
SSC20919,978,659,254,69,8202
SSC20920,11,10,3,0,49
SSC20921,8,7,3,0,42
SSC20922,0,0,0,0,0
SSC20923,413,210,108,32,4208
SSC20924,146,147,68,11,549
SSC20925,204,123,64,71,1806
SSC20926,80,57,14,0,321
SSC20927,20,7,0,0,86
SSC20928,0,3,0,0,4
SSC20929,722,356,192,105,9645
SSC20930,6,15,0,0,57
SSC20931,684,485,382,169,5484
SSC20932,26,26,11,0,148
SSC20933,44,19,3,0,136
SSC20934,194,192,91,57,902
SSC20935,25,20,12,3,101
SSC20936,4,4,0,0,38
SSC20937,3,0,0,0,6
SSC20938,11,8,3,0,62
SSC20939,0,0,0,0,8
SSC20940,10,8,0,0,33
SSC20941,2668,1871,972,348,17905
SSC20942,325,214,166,67,2416
SSC20943,1593,1127,631,370,9251
SSC20944,12,16,3,0,60
SSC20945,17,19,4,0,61
SSC20946,3,0,0,0,8
SSC20947,52,36,11,0,220
SSC20948,24,13,5,3,131
SSC20949,55,13,3,0,855
SSC20950,0,3,0,0,6
SSC20951,12,5,3,0,39
SSC20952,3,3,3,0,18
SSC20953,25,7,7,0,94
SSC20954,3,0,3,0,4
SSC20955,12,0,0,0,23
SSC20956,10,0,0,0,36
SSC20957,17,3,8,4,88
SSC20958,84,52,19,9,624
SSC20959,126,89,28,3,797
SSC20960,28,18,4,0,108
SSC20961,13,9,0,0,68
SSC20962,13,8,0,0,99
SSC20963,0,0,0,0,3
SSC20964,0,0,0,0,12
SSC20965,0,3,0,0,26
SSC20966,516,312,131,70,3068
SSC20967,482,259,105,29,3828
SSC20968,0,3,0,0,6
SSC20969,22,13,10,0,116
SSC20970,4,0,0,0,7
SSC20971,3,0,3,0,11
SSC20972,226,101,33,8,1124
SSC20973,13,8,6,0,34
SSC20974,0,0,0,0,0
SSC20975,12,4,0,0,35
SSC20976,3,0,0,0,8
SSC20977,7,3,0,0,32
SSC20978,16,4,3,0,57
SSC20979,0,0,0,0,3
SSC20980,0,0,0,0,0
SSC20981,3,0,0,0,8
SSC20982,43,14,7,3,191
SSC20983,11,10,4,0,65
SSC20984,5,11,0,0,24
SSC20985,9,3,0,0,32
SSC20986,15,4,7,0,42
SSC20987,0,0,0,0,13
SSC20988,10,3,3,0,34
SSC20989,3,0,0,0,24
SSC20990,0,0,0,0,0
SSC20991,0,5,4,0,11
SSC20992,38,27,11,5,205
SSC20993,20,0,0,0,66
SSC20994,684,511,203,98,4474
SSC20995,81,51,18,0,430
SSC20996,0,3,0,0,15
SSC20997,508,489,184,45,3447
SSC20998,41,29,3,0,207
SSC20999,16,6,0,0,67
SSC21000,3,4,4,0,24
SSC21001,17,11,4,0,56
SSC21002,290,183,84,42,3270
SSC21003,2263,1376,638,253,14826
SSC21004,12,6,0,0,56
SSC21005,0,3,0,0,6
SSC21006,3126,2191,1471,548,21272
SSC21007,0,0,0,0,0
SSC21008,0,3,0,0,11
SSC21009,10,4,0,0,37
SSC21010,3,0,0,0,17
SSC21011,16,7,5,0,71
SSC21012,0,0,3,0,12
SSC21013,46,52,14,9,207
SSC21014,0,0,0,0,16
SSC21015,0,0,0,0,0
SSC21016,0,0,0,0,0
SSC21017,11,3,3,0,52
SSC21018,95,32,8,4,504
SSC21019,20,8,5,3,89
SSC21020,11,9,3,0,43
SSC21021,0,0,3,0,8
SSC21022,6,18,0,0,51
SSC21023,8,5,0,0,20
SSC21024,4,4,0,0,9
SSC21025,7,0,0,0,30
SSC21026,0,0,0,0,11
SSC21027,6,3,0,0,21
SSC21028,0,0,0,0,5
SSC21029,0,0,0,0,5
SSC21030,3,0,0,0,12
SSC21031,64,41,14,0,229
SSC21032,34,31,9,3,145
SSC21033,0,0,0,0,24
SSC21034,20,6,0,0,54
SSC21035,0,3,0,0,22
SSC21036,10,10,0,0,48
SSC21037,3,3,0,0,19
SSC21038,117,88,15,6,507
SSC21039,16,4,3,0,42
SSC21040,841,525,458,283,10376
SSC21041,28,14,10,0,107
SSC21042,0,0,0,0,0
SSC21043,25,27,10,0,149
SSC21044,13,4,0,0,54
SSC21045,3,5,0,0,14
SSC21046,18,4,3,0,45
SSC21047,26,35,16,0,133
SSC21048,23,11,4,0,88
SSC21049,164,100,49,26,1094
SSC21050,21,7,0,0,66
SSC21051,611,444,261,181,4207
SSC21052,26,15,10,0,136
SSC21053,0,4,0,0,8
SSC21054,0,0,0,0,3
SSC21055,8,0,0,3,18
SSC21056,8,5,3,0,45
SSC21057,12,12,3,0,55
SSC21058,4,4,0,0,20
SSC21059,24,11,0,0,76
SSC21060,8,4,0,0,30
SSC21061,29,20,12,3,146
SSC21062,52,32,9,5,294
SSC21063,0,3,0,0,8
SSC21064,19,3,4,0,93
SSC21065,22,13,3,0,111
SSC21066,105,70,14,9,576
SSC21067,40,17,5,0,158
SSC21068,15,16,9,3,116
SSC21069,3,6,0,0,14
SSC21070,35,33,16,4,146
SSC21071,12,4,3,0,31
SSC21072,132,84,74,16,1312
SSC21073,0,0,0,0,0
SSC21074,3,0,0,0,14
SSC21075,8,0,0,0,12
SSC21076,4,0,0,0,18
SSC21077,75,28,9,0,279
SSC21078,0,0,0,0,0
SSC21079,0,0,3,0,5
SSC21080,32,20,7,0,141
SSC21081,77,98,33,3,389
SSC21082,6,14,0,0,48
SSC21083,0,0,0,0,11
SSC21084,29,18,3,0,176
SSC21085,0,0,0,0,3
SSC21086,7,9,0,0,29
SSC21087,0,3,0,0,7
SSC21088,0,0,0,0,7
SSC21089,0,4,0,0,9
SSC21090,49,43,9,0,200
SSC21091,0,0,0,0,7
SSC21092,15,4,4,0,36
SSC21093,63,50,4,4,304
SSC21094,9,5,3,0,33
SSC21095,11,3,0,0,29
SSC21096,1688,1105,450,149,10625
SSC21097,974,380,99,19,6556
SSC21098,0,0,0,0,20
SSC21099,12,6,3,0,51
SSC21100,16,3,0,0,56
SSC21101,14,4,4,0,64
SSC21102,20,10,3,0,70
SSC21103,0,0,0,0,0
SSC21104,0,0,0,0,3
SSC21105,4,6,0,0,21
SSC21106,948,787,414,300,6892
SSC21107,97,53,26,0,478
SSC21108,43,41,10,0,177
SSC21109,42,35,8,7,196
SSC21110,24,8,4,0,105
SSC21111,0,0,0,0,0
SSC21112,0,0,0,0,10
SSC21113,33,30,3,0,203
SSC21114,0,3,0,0,21
SSC21115,98,50,18,3,538
SSC21116,221,149,142,47,2286
SSC21117,652,361,186,61,4434
SSC21118,10,8,0,0,51
SSC21119,42,34,15,0,231
SSC21120,20,14,3,0,82
SSC21121,798,591,318,171,4495
SSC21122,434,302,175,88,3134
SSC21123,1282,819,321,139,7299
SSC21124,361,211,108,51,2461
SSC21125,1343,574,248,44,10103
SSC21126,12,10,3,0,72
SSC21127,13,6,5,0,45
SSC21128,3,0,0,0,29
SSC21129,106,73,32,7,479
SSC21130,44,30,8,0,150
SSC21131,66,50,26,4,412
SSC21132,10,4,0,0,27
SSC21133,49,33,9,4,206
SSC21134,19,15,3,0,81
SSC21135,13,5,3,0,64
SSC21136,635,546,327,93,4206
SSC21137,4,3,0,0,17
SSC21138,6,7,0,0,27
SSC21139,112,57,15,3,590
SSC21140,9,0,0,0,16
SSC21141,17,6,0,0,130
SSC21142,0,0,0,0,0
SSC21143,1552,1130,509,224,15333
SSC21144,1115,736,348,186,9010
SSC21145,4,0,0,0,20
SSC21146,21,18,6,0,106
SSC21147,157,79,21,3,751
SSC21148,32,14,0,0,156
SSC21149,637,480,242,89,3600
SSC21150,10,10,3,3,82
SSC21151,306,269,153,31,1336
SSC21152,68,44,12,0,409
SSC21153,4,7,0,0,10
SSC21154,162,102,51,51,1383
SSC21155,20,17,7,0,100
SSC21156,727,559,294,101,5124
SSC21157,9,7,0,3,56
SSC21158,472,324,192,61,3647
SSC21159,413,210,102,56,3277
SSC21160,295,188,95,51,2568
SSC21161,11,7,0,0,30
SSC21162,9,3,0,0,25
SSC21163,52,35,24,8,300
SSC21164,44,39,13,3,194
SSC21165,242,125,77,31,1749
SSC21166,36,17,0,0,154
SSC21167,27,16,10,0,102
SSC21168,0,0,0,0,9
SSC21169,19,14,4,0,72
SSC21170,119,93,62,34,777
SSC21171,4,3,0,0,20
SSC21172,131,79,30,16,683
SSC21173,3,3,0,0,16
SSC21174,6,0,0,0,13
SSC21175,11,10,5,0,47
SSC21176,733,411,226,127,5567
SSC21177,13,17,6,0,69
SSC21178,1633,1068,586,232,10049
SSC21179,4,0,0,0,7
SSC21180,25,14,7,0,77
SSC21181,17,4,0,0,50
SSC21182,36,29,11,4,179
SSC21183,22,9,3,0,94
SSC21184,814,305,62,12,7151
SSC21185,0,4,0,0,14
SSC21186,8,0,0,0,506
SSC21187,74,49,8,4,324
SSC21188,3,0,0,0,10
SSC21189,3,3,0,0,16
SSC21190,0,4,0,0,10
SSC21191,4,3,0,3,28
SSC21192,70,41,27,29,327
SSC21193,37,22,9,0,298
SSC21194,2489,1336,401,119,16559
SSC21195,3,0,0,0,20
SSC21196,10,3,3,0,23
SSC21197,1040,658,370,193,6353
SSC21198,12,3,3,0,124
SSC21199,0,0,3,0,21
SSC21200,5,3,0,0,33
SSC21201,0,0,0,0,0
SSC21202,10,5,0,0,42
SSC21203,3,0,0,0,3
SSC21204,7,3,4,0,15
SSC21205,448,194,120,52,4010
SSC21206,43,15,12,0,169
SSC21207,3,0,0,0,20
SSC21208,4,0,0,0,13
SSC21209,82,35,13,16,960
SSC21210,152,71,22,3,1062
SSC21211,3,0,0,0,16
SSC21212,26,17,0,0,106
SSC21213,18,13,5,0,80
SSC21214,377,186,53,11,1799
SSC21215,4,0,3,0,12
SSC21216,11,4,0,0,22
SSC21217,3,0,0,0,17
SSC21218,8,3,3,0,37
SSC21219,29,24,7,0,150
SSC21220,156,138,52,11,599
SSC21221,51,21,4,3,168
SSC21222,70,53,36,13,341
SSC21223,0,7,3,0,30
SSC21224,67,17,23,0,252
SSC21225,112,70,27,7,748
SSC21226,533,585,280,97,2864
SSC21227,94,69,6,3,422
SSC21228,153,109,61,11,858
SSC21229,10,5,6,0,96
SSC21230,14,3,3,0,56
SSC21231,0,0,0,0,7
SSC21232,104,65,28,22,582
SSC21233,34,28,5,0,147
SSC21234,6,4,3,0,47
SSC21235,7,3,0,0,30
SSC21236,392,211,101,27,2241
SSC21237,1188,691,284,145,7155
SSC21238,424,299,111,55,2179
SSC21239,107,54,51,14,923
SSC21240,15,6,3,3,49
SSC21241,38,28,9,3,490
SSC21242,4,3,0,0,11
SSC21243,8,7,4,0,41
SSC21244,39,42,17,3,153
SSC21245,331,183,42,5,2041
SSC21246,0,0,0,0,10
SSC21247,3,5,3,3,57
SSC21248,3,0,0,0,15
SSC21249,12,16,0,0,55
SSC21250,4,7,0,0,21
SSC21251,12,7,0,0,42
SSC21252,91,36,14,0,316
SSC21253,13,3,4,0,46
SSC21254,6,0,0,0,11
SSC21255,0,0,0,0,0
SSC21256,41,13,11,3,166
SSC21257,0,0,0,0,0
SSC21258,3,0,0,0,7
SSC21259,3,0,0,0,8
SSC21260,59,34,20,0,254
SSC21261,3,0,0,0,4
SSC21262,0,0,0,0,13
SSC21263,15,7,5,0,44
SSC21264,31,37,10,3,147
SSC21265,3,3,0,0,6
SSC21266,9,3,3,0,22
SSC21267,22,14,6,0,71
SSC21268,55,68,84,91,517
SSC21269,16,8,0,0,91
SSC21270,0,0,0,0,0
SSC21271,280,173,77,17,1519
SSC21272,7,5,0,0,37
SSC21273,6,3,0,0,21
SSC21274,129,98,64,37,604
SSC21275,11,13,8,0,64
SSC21276,13,5,0,0,45
SSC21277,3,0,3,0,24
SSC21278,196,128,31,3,831
SSC21279,150,89,32,3,720
SSC21280,6,0,0,0,15
SSC21281,3,3,3,0,38
SSC21282,0,0,0,0,3
SSC21283,0,0,0,0,8
SSC21284,15,8,4,3,60
SSC21285,661,553,377,154,4523
SSC21286,111,82,27,4,604
SSC21287,50,39,23,6,320
SSC21288,6,7,0,0,33
SSC21289,0,0,0,0,3
SSC21290,3,3,3,0,37
SSC21291,0,0,0,0,12
SSC21292,15,10,3,0,89
SSC21293,7,3,4,0,52
SSC21294,10,11,4,0,49
SSC21295,0,0,0,0,8
SSC21296,3,0,0,0,10
SSC21297,3,3,0,0,12
SSC21298,35,15,6,3,175
SSC21299,3,0,0,0,19
SSC21300,12,0,0,0,62
SSC21301,32,21,4,0,201
SSC21302,68,36,8,0,387
SSC21303,32,7,4,3,93
SSC21304,198,127,28,8,1349
SSC21305,3,5,0,0,26
SSC21306,472,368,136,68,2780
SSC21307,686,373,117,32,4052
SSC21308,797,750,490,143,6642
SSC21309,163,76,16,0,819
SSC21310,13,5,0,0,36
SSC21311,133,169,56,11,1135
SSC21312,0,0,0,0,11
SSC21313,10,11,0,0,34
SSC21314,5,0,0,0,34
SSC21315,0,0,0,0,3
SSC21316,3,3,3,0,21
SSC21317,6,0,0,0,27
SSC21318,462,348,218,143,2849
SSC21319,613,305,100,30,6941
SSC21320,299,234,153,57,1655
SSC21321,0,0,0,0,10
SSC21322,16,11,3,0,97
SSC21323,8,9,0,0,36
SSC21324,6,3,0,0,37
SSC21325,13,12,3,0,51
SSC21326,11,6,0,0,44
SSC21327,10,9,0,0,31
SSC21328,2412,1657,801,423,14767
SSC21329,544,383,165,75,3650
SSC21330,0,3,0,0,17
SSC21331,1158,783,297,93,10264
SSC21332,448,301,115,65,2944
SSC21333,22,3,0,0,74
SSC21334,34,21,3,0,200
SSC21335,6,0,0,0,18
SSC21336,47,36,7,0,219
SSC21337,50,32,16,11,214
SSC21338,0,0,0,0,3
SSC21339,32,10,3,0,289
SSC21340,18,11,0,0,95
SSC21341,48,27,6,3,211
SSC21342,13,19,7,0,63
SSC21343,9,5,3,0,61
SSC21344,492,394,219,64,3565
SSC21345,45,15,4,5,212
SSC21346,690,557,305,190,5198
SSC21347,240,88,25,7,1349
SSC21348,8,8,0,0,37
SSC21349,10,11,3,0,51
SSC21350,163,83,15,4,822
SSC21351,39,17,8,0,180
SSC21352,108,52,14,0,570
SSC21353,10,4,3,0,21
SSC21354,387,278,82,18,2793
SSC21355,130,110,89,21,1930
SSC21356,24,14,3,3,95
SSC21357,177,84,36,47,2182
SSC21358,3,0,0,0,7
SSC21359,0,0,0,0,0
SSC21360,37,13,0,0,172
SSC21361,13,21,7,0,78
SSC21362,6,0,4,0,18
SSC21363,3,0,0,0,3
SSC21364,0,0,0,0,0
SSC21365,7,9,3,0,65
SSC21366,528,388,203,44,3652
SSC21367,3,0,0,0,12
SSC21368,0,4,0,0,17
SSC21369,10,5,0,0,62
SSC21370,19,15,0,0,87
SSC21371,6,8,0,0,22
SSC21372,161,118,84,35,1487
SSC21373,4,3,4,0,23
SSC21374,0,3,0,0,12
SSC21375,3,3,0,0,8
SSC21376,81,75,32,3,383
SSC21377,27,11,16,10,144
SSC21378,44,36,18,3,207
SSC21379,0,0,0,0,10
SSC21380,28,8,3,0,148
SSC21381,3,15,0,0,51
SSC21382,0,3,0,0,8
SSC21383,0,0,0,0,0
SSC21384,15,8,0,0,51
SSC21385,82,96,43,17,508
SSC21386,7,12,0,0,35
SSC21387,3,3,0,0,33
SSC21388,166,97,38,8,965
SSC21389,20,13,7,3,70
SSC21390,9,0,3,0,35
SSC21391,331,260,128,63,1967
SSC21392,3,7,6,0,42
SSC21393,26,17,0,0,82
SSC21394,11,3,0,0,47
SSC21395,9,3,9,0,54
SSC21396,36,22,4,0,141
SSC21397,11,7,3,0,45
SSC21398,3,0,0,0,11
SSC21399,0,0,0,0,9
SSC21400,0,0,0,0,3
SSC21401,0,0,0,0,0
SSC21402,7,3,8,0,30
SSC21403,572,253,92,30,4000
SSC21404,528,414,252,128,3247
SSC21405,7,0,0,0,26
SSC21406,586,494,237,98,3444
SSC21407,12,16,4,3,70
SSC21408,18,24,0,0,132
SSC21409,17,13,6,0,81
SSC21410,10,3,3,0,44
SSC21411,34,22,10,0,164
SSC21412,24,14,5,0,110
SSC21413,18,17,5,0,64
SSC21414,3,0,0,0,9
SSC21415,0,0,0,0,3
SSC21416,0,0,0,0,24
SSC21417,25,14,0,0,89
SSC21418,95,68,21,11,472
SSC21419,36,36,11,4,168
SSC21420,30,41,10,3,161
SSC21421,16,4,3,0,71
SSC21422,5,0,0,0,5
SSC21423,0,0,0,0,0
SSC21424,0,0,0,0,0
SSC21425,0,0,0,0,12
SSC21426,156,108,80,19,868
SSC21427,3,0,0,0,7
SSC21428,6,6,0,0,22
SSC21429,0,3,0,0,13
SSC21430,0,4,0,0,11
SSC21431,5,4,0,0,18
SSC21432,0,0,0,0,9
SSC21433,5,9,0,0,28
SSC21434,4,6,3,0,16
SSC21435,86,85,32,5,391
SSC21436,0,0,0,0,0
SSC21437,0,0,0,0,0
SSC21438,322,221,146,71,1597
SSC21439,0,0,0,0,3
SSC21440,473,466,220,101,2275
SSC21441,39,22,13,0,219
SSC21442,15,3,7,3,46
SSC21443,834,586,317,91,8318
SSC21444,13,6,6,0,32
SSC21445,30,13,4,4,168
SSC21446,12,4,3,0,64
SSC21447,256,148,46,21,1194
SSC21448,37,28,8,0,101
SSC21449,3,0,0,0,19
SSC21450,91,79,27,5,611
SSC21451,8,5,0,0,37
SSC21452,7,3,0,0,14
SSC21453,70,62,10,3,394
SSC21454,0,0,3,0,16
SSC21455,6,3,5,0,46
SSC21456,8,7,0,0,25
SSC21457,23,7,4,0,60
SSC21458,1574,907,334,97,10635
SSC21459,106,50,28,0,565
SSC21460,1056,612,241,81,7866
SSC21461,6,8,5,3,55
SSC21462,15,7,3,0,67
SSC21463,3,4,3,0,44
SSC21464,189,122,36,4,1132
SSC21465,22,24,10,5,129
SSC21466,6,5,4,0,51
SSC21467,218,110,59,20,2305
SSC21468,9,8,0,0,34
SSC21469,0,0,0,0,8
SSC21470,5,0,0,0,4
SSC21471,0,3,0,0,9
SSC21472,4,4,0,0,9
SSC21473,41,32,3,6,195
SSC21474,6,3,0,3,24
SSC21475,7,3,0,0,54
SSC21476,6,9,0,0,31
SSC21477,32,31,17,8,201
SSC21478,21,14,0,0,93
SSC21479,55,19,7,0,400
SSC21480,3,0,0,0,20
SSC21481,370,351,178,69,2424
SSC21482,12,16,0,0,67
SSC21483,41,40,14,0,290
SSC21484,875,762,365,117,6082
SSC21485,0,0,0,0,0
SSC21486,7,4,0,0,25
SSC21487,85,29,12,3,431
SSC21488,22,17,3,4,102
SSC21489,0,0,0,0,5
SSC21490,0,0,0,0,0
SSC21491,9,5,0,0,41
SSC21492,3,3,0,0,14
SSC21493,3,4,0,0,31
SSC21494,19,0,0,0,43
SSC21495,1099,781,375,129,7710
SSC21496,6,9,0,0,37
SSC21497,20,12,7,3,81
SSC21498,15,3,3,0,57
SSC21499,17,11,7,0,42
SSC21500,38,35,11,3,197
SSC21501,45,25,13,3,198
SSC21502,0,0,0,0,3
SSC21503,3,0,0,0,17
SSC21504,0,0,0,0,3
SSC21505,68,58,23,7,282
SSC21506,3,0,0,0,9
SSC21507,46,32,18,10,201
SSC21508,11,0,0,0,23
SSC21509,0,0,0,0,0
SSC21510,12,5,3,0,41
SSC21511,114,50,9,3,633
SSC21512,3,9,0,0,20
SSC21513,10,9,0,0,33
SSC21514,101,57,11,3,337
SSC21515,95,125,65,13,409
SSC21516,0,0,0,0,0
SSC21517,60,26,23,6,333
SSC21518,12,9,3,0,63
SSC21519,83,44,16,3,355
SSC21520,101,41,10,3,442
SSC21521,0,0,0,0,14
SSC21522,8,0,0,0,22
SSC21523,24,18,0,0,77
SSC21524,34,30,5,0,169
SSC21525,187,134,99,24,1381
SSC21526,147,70,29,4,762
SSC21527,47,23,5,3,237
SSC21528,130,82,37,3,837
SSC21529,11,21,4,0,98
SSC21530,36,25,11,0,113
SSC21531,23,23,10,0,72
SSC21532,146,123,61,27,647
SSC21533,0,3,0,0,5
SSC21534,145,76,34,8,965
SSC21535,5,0,0,0,13
SSC21536,24,12,3,3,107
SSC21537,348,278,135,57,2107
SSC21538,0,0,0,0,0
SSC21539,3,3,0,0,16
SSC21540,22,15,6,0,504
SSC21541,129,83,40,8,587
SSC21542,5,9,0,0,13
SSC21543,37,19,0,0,116
SSC21544,314,135,53,12,3491
SSC21545,243,80,17,5,3137
SSC21546,5,0,0,0,14
SSC21547,35,17,0,0,111
SSC21548,563,170,70,9,3148
SSC21549,112,35,9,0,452
SSC21550,39,33,12,8,207
SSC21551,96,52,10,11,414
SSC21552,253,155,56,8,1123
SSC21553,3,0,0,0,12
SSC21554,712,432,281,242,5344
SSC21555,5,8,0,0,34
SSC21556,0,0,0,0,9
SSC21557,4,12,0,0,47
SSC21558,0,3,0,0,16
SSC21559,170,146,54,44,1555
SSC21560,4,0,0,0,10
SSC21561,395,287,166,60,2359
SSC21562,10,4,0,0,41
SSC21563,46,28,8,0,195
SSC21564,329,194,49,10,2275
SSC21565,377,151,105,70,4617
SSC21566,24,7,3,0,189
SSC21567,3,7,0,0,22
SSC21568,58,44,21,3,240
SSC21569,13,21,3,3,112
SSC21570,9,5,4,0,28
SSC21571,8,0,0,0,19
SSC21572,24,16,7,0,98
SSC21573,249,204,72,32,879
SSC21574,138,154,65,25,587
SSC21575,105,72,27,3,472
SSC21576,900,719,453,196,6106
SSC21577,1746,1092,509,253,12466
SSC21578,0,0,0,0,4
SSC21579,23,20,15,3,134
SSC21580,88,54,7,0,352
SSC21581,23,24,3,0,123
SSC21582,27,11,3,0,90
SSC21583,211,115,56,23,1379
SSC21584,11,4,3,0,45
SSC21585,3,11,5,0,32
SSC21586,6,4,0,0,14
SSC21587,0,6,0,0,6
SSC21588,439,348,162,67,2393
SSC21589,0,3,0,0,4
SSC21590,20,21,0,0,88
SSC21591,24,18,5,0,108
SSC21592,44,29,13,5,143
SSC21593,678,273,83,35,6682
SSC21594,4,12,0,0,39
SSC21595,44,26,4,0,142
SSC21596,0,0,0,0,0
SSC21597,79,64,15,3,314
SSC21598,5,4,0,3,49
SSC21599,4,0,0,0,4
SSC21600,0,3,0,0,5
SSC21601,83,57,11,3,642
SSC21602,7,11,3,0,64
SSC21603,6,3,0,0,26
SSC21604,78,82,128,87,962
SSC21605,0,0,0,0,0
SSC21606,15,8,3,0,49
SSC21607,531,554,317,140,3255
SSC21608,54,38,7,7,282
SSC21609,54,65,16,3,222
SSC21610,3,5,0,0,22
SSC21611,0,0,0,0,3
SSC21612,0,0,0,0,0
SSC21613,27,14,5,0,107
SSC21614,323,321,139,38,1528
SSC21615,0,5,3,0,25
SSC21616,16,9,0,0,67
SSC21617,36,45,27,3,275
SSC21618,490,218,109,62,3137
SSC21619,19,11,5,3,48
SSC21620,7,7,7,0,59
SSC21621,7,3,0,0,40
SSC21622,12,0,0,0,33
SSC21623,4,3,3,0,39
SSC21624,514,240,126,23,4596
SSC21625,0,0,0,0,8
SSC21626,72,48,17,7,357
SSC21627,0,0,0,0,4
SSC21628,6,10,0,0,34
SSC21629,1690,1156,387,233,31767
SSC21630,10,3,3,0,89
SSC21631,507,433,154,29,3237
SSC21632,632,441,143,56,4705
SSC21633,857,440,114,20,7090
SSC21634,8,7,0,0,26
SSC21635,0,3,0,0,13
SSC21636,4,0,0,0,10
SSC21637,1007,699,417,208,7079
SSC21638,118,60,22,6,531
SSC21639,3,5,0,0,17
SSC21640,3,0,0,0,23
SSC21641,0,0,0,3,28
SSC21642,201,124,75,29,1108
SSC21643,20,13,0,0,158
SSC21644,13,9,0,0,77
SSC21645,72,51,14,3,368
SSC21646,7,3,0,0,30
SSC21647,26,15,10,4,116
SSC21648,578,326,93,15,7536
SSC21649,22,8,4,0,85
SSC21650,7,0,0,0,18
SSC21651,20,20,10,3,106
SSC21652,9,11,18,8,90
SSC21653,45,49,20,8,244
SSC21654,43,30,4,0,265
SSC21655,0,0,0,0,0
SSC21656,47,36,6,0,218
SSC21657,25,7,8,4,151
SSC21658,4,0,0,0,16
SSC21659,30,34,6,0,108
SSC21660,22,25,3,0,104
SSC21661,11,3,0,0,18
SSC21662,206,231,77,14,843
SSC21663,25,16,3,0,82
SSC21664,107,57,12,3,1468
SSC21665,0,3,0,0,7
SSC21666,384,305,118,60,2520
SSC21667,9,0,0,0,42
SSC21668,23,19,10,0,104
SSC21669,0,0,0,0,10
SSC21670,65,46,18,0,299
SSC21671,2050,1466,812,364,13947
SSC21672,2088,857,333,108,13229
SSC21673,23,13,0,3,79
SSC21674,126,77,27,9,690
SSC21675,3,4,0,0,18
SSC21676,3,3,0,0,21
SSC21677,3,3,0,0,12
SSC21678,8,0,0,0,25
SSC21679,0,0,0,0,13
SSC21680,159,85,29,6,1348
SSC21681,3,6,0,0,27
SSC21682,0,4,7,0,43
SSC21683,5,4,3,0,36
SSC21684,10,4,3,0,39
SSC21685,3,3,0,0,23
SSC21686,0,0,0,0,5
SSC21687,51,47,20,15,225
SSC21688,0,0,0,0,0
SSC21689,0,0,0,0,0
SSC21690,9,0,0,0,19
SSC21691,44,18,4,0,138
SSC21692,220,160,61,16,1071
SSC21693,3,3,0,0,16
SSC21694,1057,722,409,121,8673
SSC21695,43,23,18,3,370
SSC21696,12,3,0,0,37
SSC21697,13,7,0,0,39
SSC21698,3,0,0,0,25
SSC21699,20,21,0,3,77
SSC21700,0,0,0,0,3
SSC21701,4,0,0,0,14
SSC21702,12,11,6,0,62
SSC21703,47,22,3,3,151
SSC21704,697,512,280,85,3837
SSC21705,54,38,13,7,277
SSC21706,14,9,7,0,63
SSC21707,4,0,4,0,18
SSC21708,0,0,0,0,6
SSC21709,8,10,0,4,46
SSC21710,5,10,3,0,36
SSC21711,3,4,4,0,9
SSC21712,9,11,9,0,59
SSC21713,4,0,0,0,11
SSC21714,17,11,4,0,67
SSC21715,302,221,57,24,1700
SSC21716,9,10,3,0,109
SSC21717,5,3,0,0,24
SSC21718,0,0,0,0,0
SSC21719,6,6,6,3,30
SSC21720,516,314,144,71,2853
SSC21721,509,368,164,94,3033
SSC21722,4,0,0,0,27
SSC21723,826,604,208,55,4900
SSC21724,570,372,192,126,3371
SSC21725,114,138,68,12,650
SSC21726,4,0,0,0,12
SSC21727,0,3,0,0,10
SSC21728,22,18,6,0,71
SSC21729,3,0,0,0,15
SSC21730,1107,576,210,115,7969
SSC21731,11,11,0,0,41
SSC21732,10,9,3,0,46
SSC21733,0,3,0,0,7
SSC21734,396,266,149,59,3089
SSC21735,0,0,0,0,0
SSC21736,3,8,3,0,38
SSC21737,11,5,0,0,42
SSC21738,6,0,0,0,19
SSC21739,0,0,8,0,22
SSC21740,0,0,0,0,4
SSC21741,5,14,0,0,52
SSC21742,117,63,27,4,558
SSC21743,1473,934,427,148,10309
SSC21744,566,405,201,59,3296
SSC21745,12,6,3,0,53
SSC21746,3,5,0,0,29
SSC21747,17,20,0,0,97
SSC21748,557,289,172,147,4326
SSC21749,4,4,0,0,16
SSC21750,63,20,14,0,372
SSC21751,1862,1952,1229,497,12097
SSC21752,0,0,0,0,0
SSC21753,22,3,0,0,67
SSC21754,0,0,0,0,0
SSC21755,105,81,45,23,575
SSC21756,0,3,0,0,3
SSC21757,963,715,430,151,5851
SSC21758,13,3,3,0,52
SSC21759,4,4,0,0,12
SSC21760,79,67,39,11,397
SSC21761,3,3,0,0,9
SSC21762,5,5,0,0,10
SSC21763,5,4,3,0,18
SSC21764,6,3,0,0,32
SSC21765,0,0,0,0,0
SSC21766,14,6,3,0,153
SSC21767,12,3,3,0,83
SSC21768,3,0,0,0,13
SSC21769,14,10,4,0,51
SSC21770,0,0,0,0,0
SSC21771,246,177,69,24,1635
SSC21772,0,0,0,0,11
SSC21773,4,0,0,0,5
SSC21774,43,40,10,0,267
SSC21775,135,139,39,18,714
SSC21776,14,8,7,0,53
SSC21777,0,0,0,0,3
SSC21778,110,69,17,0,839
SSC21779,25,8,0,0,50
SSC21780,50,32,7,0,298
SSC21781,1721,1368,703,202,9278
SSC21782,0,0,0,0,11
SSC21783,738,445,160,38,4717
SSC21784,14,5,0,0,45
SSC21785,9,3,3,0,46
SSC21786,257,147,54,13,1455
SSC21787,0,0,0,0,5
SSC21788,4,8,3,0,20
SSC21789,160,138,38,8,770
SSC21790,0,0,0,0,6
SSC21791,1494,1265,681,287,9335
SSC21792,8,0,0,0,26
SSC21793,17,13,5,0,120
SSC21794,3,0,0,0,3
SSC21795,153,97,38,13,1062
SSC21796,0,9,0,0,26
SSC21797,3,4,0,0,22
SSC21798,20,33,13,0,144
SSC21799,0,0,0,0,0
SSC21800,0,0,0,0,0
SSC21801,42,19,3,0,145
SSC21802,19,16,3,0,84
SSC21803,12,8,0,0,67
SSC21804,2590,1682,1282,505,18140
SSC21805,3,12,0,0,17
SSC21806,5,9,3,0,46
SSC21807,13,3,0,0,45
SSC21808,38,22,7,4,204
SSC21809,0,3,0,0,17
SSC21810,48,20,5,0,155
SSC21811,11,5,3,0,89
SSC21812,48,41,4,0,207
SSC21813,7,3,0,0,27
SSC21814,26,14,3,4,95
SSC21815,1230,882,494,210,9623
SSC21816,16,10,0,0,51
SSC21817,15,7,0,0,65
SSC21818,12,16,0,0,72
SSC21819,3,3,0,0,16
SSC21820,82,67,46,21,416
SSC21821,19,14,4,0,76
SSC21822,13,8,0,0,73
SSC21823,16,9,0,0,62
SSC21824,17,12,0,3,44
SSC21825,0,0,0,0,4
SSC21826,3,0,0,0,20
SSC21827,5,3,0,0,28
SSC21828,22,18,3,0,91
SSC21829,6,0,0,0,22
SSC21830,11,3,3,0,58
SSC21831,0,0,0,0,0
SSC21832,23,4,0,0,61
SSC21833,20,8,3,3,92
SSC21834,4,0,0,0,4
SSC21835,18,15,3,0,60
SSC21836,11,10,0,0,40
SSC21837,731,317,172,98,5789
SSC21838,73,46,18,13,350
SSC21839,26,30,4,0,102
SSC21840,15,17,0,0,75
SSC21841,9,0,0,0,29
SSC21842,0,0,0,0,3
SSC21843,5,11,3,0,48
SSC21844,3,8,0,0,37
SSC21845,80,33,6,0,221
SSC21846,0,3,3,0,10
SSC21847,31,23,3,0,194
SSC21848,19,10,3,0,68
SSC21849,6,7,4,0,39
SSC21850,13,4,4,0,50
SSC21851,266,172,117,62,1385
SSC21852,3,0,0,0,22
SSC21853,22,6,5,0,90
SSC21854,6,0,0,0,11
SSC21855,164,127,64,27,830
SSC21856,3,0,0,0,29
SSC21857,0,3,0,0,16
SSC21858,22,7,5,0,115
SSC21859,4,3,0,0,13
SSC21860,6,3,0,0,13
SSC21861,0,0,0,0,3
SSC21862,9,8,0,0,48
SSC21863,24,10,4,0,163
SSC21864,0,0,0,0,0
SSC21865,50,33,7,4,262
SSC21866,91,39,15,3,457
SSC21867,73,37,21,9,361
SSC21868,21,16,3,0,87
SSC21869,3,0,0,0,15
SSC21870,13,0,3,0,48
SSC21871,0,3,0,0,15
SSC21872,6,4,3,0,42
SSC21873,12,8,0,0,46
SSC21874,15,3,0,3,51
SSC21875,9,0,0,0,42
SSC21876,8,3,0,0,32
SSC21877,41,21,4,0,130
SSC21878,0,3,0,0,23
SSC21879,8,0,0,0,17
SSC21880,64,27,10,3,230
SSC21881,1476,706,311,102,11444
SSC21882,31,12,9,3,212
SSC21883,701,313,119,87,3559
SSC21884,1511,650,236,34,12287
SSC21885,0,0,0,0,6
SSC21886,140,91,70,34,788
SSC21887,50,26,20,32,257
SSC21888,5,5,5,0,37
SSC21889,0,3,0,0,16
SSC21890,6,10,3,0,44
SSC21891,34,23,9,0,135
SSC21892,10,12,0,0,42
SSC21893,0,0,0,0,3
SSC21894,3,3,0,0,7
SSC21895,26,10,0,3,110
SSC21896,29,17,5,4,101
SSC21897,14,12,5,0,64
SSC21898,11,4,0,0,20
SSC21899,131,114,56,15,639
SSC21900,33,14,3,3,129
SSC21901,0,0,0,0,0
SSC21902,23,32,6,3,91
SSC21903,14,18,0,3,99
SSC21904,4,3,0,0,25
SSC21905,92,36,8,3,492
SSC21906,3,0,0,0,9
SSC21907,3,3,0,0,50
SSC21908,5,0,0,0,17
SSC21909,158,139,39,19,1172
SSC21910,491,362,239,117,3031
SSC21911,31,11,5,0,92
SSC21912,10,5,0,0,41
SSC21913,275,221,168,69,2115
SSC21914,9,0,3,0,27
SSC21915,64,58,16,0,294
SSC21916,64,48,25,12,264
SSC21917,150,117,49,16,904
SSC21918,93,99,28,7,379
SSC21919,9,9,0,0,57
SSC21920,11,13,4,0,80
SSC21921,35,24,10,0,162
SSC21922,890,332,155,109,6890
SSC21923,37,19,10,0,176
SSC21924,105,78,28,7,400
SSC21925,16,9,0,0,51
SSC21926,1001,597,289,148,5543
SSC21927,162,96,71,28,895
SSC21928,117,57,26,4,674
SSC21929,127,93,51,12,547
SSC21930,351,179,114,64,2685
SSC21931,29,26,8,0,146
SSC21932,32,41,10,0,175
SSC21933,0,0,0,0,6
SSC21934,0,0,0,0,10
SSC21935,14,11,7,0,85
SSC21936,3,0,0,0,6
SSC21937,11,4,4,0,25
SSC21938,3,0,0,0,7
SSC21939,4,0,0,0,23
SSC21940,1366,932,547,210,13026
SSC21941,398,295,132,26,3046
SSC21942,18,13,7,0,74
SSC21943,35,12,5,3,139
SSC21944,3,0,0,0,9
SSC21945,11,3,0,0,39
SSC21946,7,0,0,0,16
SSC21947,15,4,0,0,39
SSC21948,429,310,201,74,3129
SSC21949,0,0,0,0,14
SSC21950,11,0,0,0,50
SSC21951,268,181,149,137,2044
SSC21952,4,5,3,0,33
SSC21953,152,98,144,228,1505
SSC21954,668,399,189,49,9617
SSC21955,33,21,8,3,191
SSC21956,24,32,10,0,155
SSC21957,319,159,46,14,1634
SSC21958,167,160,87,22,1126
SSC21959,1674,748,344,174,14750
SSC21960,14,9,0,0,98
SSC21961,3,0,0,0,12
SSC21962,123,74,51,13,1787
SSC21963,18,13,4,0,80
SSC21964,6,0,5,0,14
SSC21965,0,0,0,0,14
SSC21966,4,0,0,0,10
SSC21967,11,4,0,0,65
SSC21968,13,3,10,0,40
SSC21969,11,15,0,0,94
SSC21970,3,0,0,0,22
SSC21971,9,0,0,0,31
SSC21972,331,280,155,53,1879
SSC21973,708,479,321,254,6306
SSC21974,34,35,15,7,157
SSC21975,0,0,0,0,0
SSC21976,6,0,3,0,19
SSC21977,3,5,0,0,33
SSC21978,3,0,0,0,3
SSC21979,17,16,4,0,77
SSC21980,48,31,20,3,224
SSC21981,64,48,16,18,316
SSC21982,0,0,0,0,4
SSC21983,0,0,0,0,7
SSC21984,104,79,26,4,666
SSC21985,3,0,0,0,7
SSC21986,368,160,142,53,3237
SSC21987,26,19,3,0,198
SSC21988,478,216,145,137,4196
SSC21989,315,169,122,95,3409
SSC21990,632,365,195,72,4580
SSC21991,0,0,0,0,9
SSC21992,0,0,0,0,0
SSC21993,1395,1049,357,157,7421
SSC21994,299,144,39,4,3439
SSC21995,8,6,3,0,29
SSC21996,4,3,0,3,19
SSC21997,225,155,43,6,1010
SSC21998,8,4,4,0,46
SSC21999,39,24,9,3,178
SSC22000,0,0,0,0,0
SSC22001,11,5,0,0,37
SSC22002,153,203,92,45,920
SSC22003,10,0,3,0,35
SSC22004,642,323,121,42,4749
SSC22005,63,18,10,0,190
SSC22006,34,16,10,0,141
SSC22007,30,15,3,0,104
SSC22008,99,78,41,19,500
SSC22009,32,16,0,0,105
SSC22010,51,40,9,0,307
SSC22011,9,3,0,0,28
SSC22012,4,3,0,0,10
SSC22013,0,0,0,0,11
SSC22014,0,0,0,0,3
SSC22015,1923,1340,665,259,19897
SSC22016,11,13,0,0,74
SSC22017,134,74,19,6,616
SSC22018,13,3,0,0,27
SSC22019,41,11,3,0,185
SSC22020,135,64,23,3,604
SSC22021,0,5,0,0,21
SSC22022,22,15,5,0,86
SSC22023,8,16,5,0,84
SSC22024,399,224,94,19,1970
SSC22025,1021,564,283,132,6078
SSC22026,324,269,208,257,4483
SSC22027,24,10,0,3,83
SSC22028,4,0,0,0,10
SSC22029,870,406,283,223,8675
SSC22030,622,251,138,94,4846
SSC22031,3,3,0,0,22
SSC22032,3,3,0,0,19
SSC22033,13,4,3,0,49
SSC22034,13,10,0,0,50
SSC22035,698,405,218,76,3746
SSC22036,4,8,0,0,21
SSC22037,346,463,229,86,1785
SSC22038,314,155,50,18,1652
SSC22039,15,8,0,0,64
SSC22040,15,10,6,0,98
SSC22041,3,0,5,0,19
SSC22042,3,0,4,0,12
SSC22043,18,3,0,0,53
SSC22044,76,44,12,13,281
SSC22045,13,9,0,0,57
SSC22046,23,6,0,0,98
SSC22047,3,6,3,0,19
SSC22048,4,0,0,0,17
SSC22049,7,11,4,0,48
SSC22050,29,26,10,7,131
SSC22051,0,0,0,0,0
SSC22052,30,20,3,0,185
SSC22053,23,14,5,3,107
SSC22054,20,13,11,0,91
SSC22055,0,0,0,0,5
SSC22056,4,7,3,0,28
SSC22057,3,0,0,0,6
SSC22058,3,0,0,0,12
SSC22059,0,8,0,0,13
SSC22060,23,11,4,0,74
SSC22061,4,0,0,0,14
SSC22062,10,8,0,0,99
SSC22063,7,0,3,0,18
SSC22064,0,0,0,0,0
SSC22065,30,18,16,3,149
SSC22066,9,11,8,0,77
SSC22067,3,3,0,0,8
SSC22068,5,3,0,0,27
SSC22069,7,10,3,0,52
SSC22070,3,5,0,0,20
SSC22071,0,7,0,0,11
SSC22072,176,112,30,5,1110
SSC22073,107,45,12,0,2126
SSC22074,1762,839,231,53,24082
SSC22075,40,17,5,0,101
SSC22076,315,405,228,99,1604
SSC22077,0,0,0,0,0
SSC22078,0,0,0,0,0
SSC22079,6,5,0,0,25
SSC22080,7,0,0,0,20
SSC22081,6,10,0,0,24
SSC22082,46,35,10,9,178
SSC22083,5,0,0,0,29
SSC22084,0,3,0,0,14
SSC22085,7,3,0,0,37
SSC22086,64,33,13,4,269
SSC22087,10,7,0,0,40
SSC22088,17,9,0,0,81
SSC22089,24,21,7,0,88
SSC22090,100,72,26,3,484
SSC22091,45,42,12,0,148
SSC22092,48,20,6,0,247
SSC22093,359,299,130,73,1736
SSC22094,17,11,4,0,61
SSC22095,1403,880,319,101,10193
SSC22096,21,22,14,6,99
SSC22097,412,465,204,112,1912
SSC22098,793,513,269,123,4217
SSC22099,56,36,12,4,308
SSC22100,70,44,15,0,286
SSC22101,88,132,54,15,341
SSC22102,18,3,4,0,54
SSC22103,14,15,0,0,89
SSC22104,0,0,0,0,8
SSC22105,9,0,0,0,24
SSC22106,757,446,254,98,8990
SSC22107,15,3,0,0,37
SSC22108,5,0,0,0,7
SSC22109,1689,798,452,222,17239
SSC22110,169,194,63,27,1411
SSC22111,17,12,0,0,91
SSC22112,9,0,0,0,465
SSC22113,5,0,0,0,13
SSC22114,0,0,0,0,7
SSC22115,20,15,0,3,120
SSC22116,0,3,0,0,12
SSC22117,62,26,11,0,289
SSC22118,38,17,16,3,204
SSC22119,22,33,12,0,103
SSC22120,0,0,0,0,0
SSC22121,27,14,3,0,139
SSC22122,215,114,53,16,1211
SSC22123,195,209,96,26,809
SSC22124,23,21,6,0,98
SSC22125,52,48,15,10,267
SSC22126,5,6,3,0,27
SSC22127,0,0,0,0,8
SSC22128,0,3,0,0,9
SSC22129,33,4,3,0,1145
SSC22130,49,32,10,6,222
SSC22131,6,3,3,0,36
SSC22132,22,18,10,0,113
SSC22133,77,97,62,20,330
SSC22134,42,17,4,3,139
SSC22135,388,251,108,62,2097
SSC22136,130,85,28,6,514
SSC22137,97,69,28,15,359
SSC22138,23,3,0,0,52
SSC22139,227,147,81,27,1368
SSC22140,7,14,4,0,39
SSC22141,7,3,0,0,28
SSC22142,28,26,11,3,143
SSC22143,19,7,0,0,84
SSC22144,0,0,0,0,9
SSC22145,5,6,0,0,18
SSC22146,4,7,0,0,16
SSC22147,5,3,6,0,32
SSC22148,305,183,44,13,1413
SSC22149,2306,1394,964,609,23951
SSC22150,0,0,0,0,0
SSC22151,3,0,8,0,25
SSC22152,92,86,27,4,318
SSC22153,6,3,0,0,28
SSC22154,0,0,0,0,0
SSC22155,0,0,0,0,0
SSC22156,0,0,0,0,3
SSC22157,11,6,0,0,17
SSC22158,1490,975,345,94,18062
SSC22159,0,0,0,0,0
SSC22160,392,228,68,14,1998
SSC22161,4,3,0,0,13
SSC22162,1019,734,438,224,8834
SSC22163,678,497,298,125,5299
SSC22164,927,556,283,86,5073
SSC22165,21,11,4,3,104
SSC22166,93,59,22,12,491
SSC22167,92,51,19,3,927
SSC22168,23,8,4,6,117
SSC22169,12,4,0,0,73
SSC22170,4,8,0,0,26
SSC22171,192,114,58,33,1098
SSC22172,228,176,123,65,1257
SSC22173,13,3,0,0,40
SSC22174,97,52,23,3,646
SSC22175,0,3,0,0,10
SSC22176,12,7,3,0,39
SSC22177,0,0,0,0,0
SSC22178,20,8,5,0,100
SSC22179,6,13,3,0,80
SSC22180,4,0,0,0,13
SSC22181,389,244,72,26,2207
SSC22182,676,435,338,252,4718
SSC22183,3,0,0,0,7
SSC22184,0,0,0,0,3
SSC22185,18,4,0,0,65
SSC22186,1001,1002,700,260,6216
SSC22187,302,366,389,309,2325
SSC22188,158,92,37,13,790
SSC22189,0,0,0,0,5
SSC22190,27,7,3,0,71
SSC22191,4,0,0,0,23
SSC22192,97,40,16,0,516
SSC22193,3,0,3,0,10
SSC22194,5,0,0,0,8
SSC22195,17,11,3,0,78
SSC22196,2616,1162,576,157,16009
SSC22197,697,265,94,34,7144
SSC22198,7,12,0,0,21
SSC22199,7,12,11,0,95
SSC22200,14,11,3,3,52
SSC22201,12,0,0,0,19
SSC22202,8,4,0,3,25
SSC22203,41,34,23,10,226
SSC22204,125,88,48,14,530
SSC22205,7,14,3,0,36
SSC22206,244,167,83,42,1143
SSC22207,0,0,0,0,0
SSC22208,43,27,10,5,138
SSC22209,730,744,377,113,4252
SSC22210,8,0,0,0,25
SSC22211,426,468,235,139,2446
SSC22212,11,9,0,0,34
SSC22213,64,49,20,0,325
SSC22214,13,7,0,0,39
SSC22215,1017,680,387,180,6425
SSC22216,3,3,0,0,10
SSC22217,8,8,3,0,28
SSC22218,134,111,76,33,665
SSC22219,20,9,3,0,54
SSC22220,0,0,0,0,4
SSC22221,379,201,41,4,2436
SSC22222,6,6,3,0,41
SSC22223,1028,724,328,258,5878
SSC22224,21,8,3,0,85
SSC22225,36,26,11,3,149
SSC22226,0,0,0,0,0
SSC22227,51,71,15,0,308
SSC22228,126,86,20,5,610
SSC22229,8,11,0,0,58
SSC22230,68,24,5,3,350
SSC22231,456,259,90,10,2884
SSC22232,3,6,0,0,46
SSC22233,26,20,0,3,126
SSC22234,21,6,0,0,88
SSC22235,52,38,15,15,266
SSC22236,315,116,49,13,2341
SSC22237,3,0,0,0,9
SSC22238,1205,821,447,153,8341
SSC22239,143,113,49,13,986
SSC22240,43,37,13,0,158
SSC22241,16,9,4,0,73
SSC22242,19,13,0,0,70
SSC22243,13,9,4,0,102
SSC22244,499,475,261,104,4234
SSC22245,280,91,34,13,2991
SSC22246,59,37,11,0,299
SSC22247,183,78,15,8,903
SSC22248,0,0,0,0,0
SSC22249,5,0,0,0,9
SSC22250,21,11,10,0,94
SSC22251,12,3,3,0,51
SSC22252,176,106,34,3,1100
SSC22253,54,26,3,0,374
SSC22254,512,352,202,118,2823
SSC22255,26,0,0,3,81
SSC22256,4,0,0,0,3
SSC22257,20,6,0,0,60
SSC22258,0,9,0,0,11
SSC22259,0,0,0,0,12
SSC22260,49,39,5,0,239
SSC22261,18,19,3,0,124
SSC22262,0,0,0,0,0
SSC22263,11,6,3,0,46
SSC22264,1816,1233,692,335,12917
SSC22265,71,37,14,4,440
SSC22266,37,11,13,3,422
SSC22267,44,30,11,4,162
SSC22268,107,89,40,30,405
SSC22269,0,6,0,0,7
SSC22270,71,82,11,10,553
SSC22271,37,37,16,5,119
SSC22272,30,12,10,3,225
SSC22273,5,0,0,0,18
SSC22274,9,6,0,0,37
SSC22275,24,28,6,0,94
SSC22276,0,11,0,0,16
SSC22277,0,0,0,0,26
SSC22278,0,7,0,0,8
SSC22279,51,46,17,16,243
SSC22280,379,182,78,11,3417
SSC22281,7,3,0,3,21
SSC22282,34,29,6,3,118
SSC22283,32,23,7,0,128
SSC22284,50,24,3,0,212
SSC22285,0,3,0,0,14
SSC22286,10,4,0,0,26
SSC22287,137,79,25,8,663
SSC22288,100,44,15,0,473
SSC22289,0,0,0,0,0
SSC22290,51,46,6,10,326
SSC22291,245,129,75,12,1534
SSC22292,254,206,72,34,1016
SSC22293,0,0,0,0,0
SSC22294,899,505,227,107,5319
SSC22295,181,334,175,47,997
SSC22296,35,23,22,3,195
SSC22297,85,31,21,3,581
SSC22298,125,41,19,10,1046
SSC22299,785,529,241,109,7212
SSC22300,1017,473,222,55,10240
SSC22301,14,3,0,0,46
SSC22302,9,3,0,0,88
SSC22303,1475,1201,588,164,18191
SSC22304,869,522,146,34,13701
SSC22305,8,4,3,3,49
SSC22306,9,6,0,0,26
SSC22307,3,0,0,0,34
SSC22308,147,83,31,8,1415
SSC22309,283,207,95,75,1597
SSC22310,25,18,5,0,117
SSC22311,9,3,0,0,46
SSC22312,6,0,0,0,11
SSC22313,0,0,0,0,0
SSC22314,9,7,6,3,92
SSC22315,34,11,5,0,142
SSC22316,12,19,3,0,87
SSC22317,753,503,361,201,8339
SSC22318,431,377,170,82,4293
SSC22319,1531,1079,574,178,14054
SSC22320,326,205,147,82,2071
SSC22321,147,72,27,5,690
SSC22322,96,56,16,0,476
SSC22323,148,133,88,34,842
SSC22324,11,10,0,0,38
SSC22325,8,4,0,0,21
SSC22326,3,0,0,0,24
SSC22327,7,3,0,0,28
SSC22328,299,112,63,40,1405
SSC22329,8,5,0,0,29
SSC22330,3,0,3,0,24
SSC22331,22,10,3,0,64
SSC22332,1432,761,299,109,14706
SSC22333,782,458,186,91,8081
SSC22334,287,189,53,14,2165
SSC22335,318,281,115,40,1261
SSC22336,4,3,5,0,14
SSC22337,12,4,3,0,24
SSC22338,41,20,0,0,147
SSC22339,85,44,22,7,351
SSC22340,67,35,9,3,223
SSC22341,11,7,3,0,52
SSC22342,3,0,0,0,10
SSC22343,452,378,195,82,2561
SSC22344,19,21,11,0,133
SSC22345,10,6,0,0,30
SSC22346,12,9,0,0,60
SSC22347,0,0,0,0,0
SSC22348,12,8,0,0,39
SSC22349,3,3,0,0,23
SSC22350,12,10,0,0,48
SSC22351,3,8,0,0,25
SSC22352,0,0,0,0,3
SSC22353,17,18,7,0,140
SSC22354,3,6,3,0,28
SSC22355,13,13,3,4,76
SSC22356,8,0,0,0,40
SSC22357,0,0,0,0,3
SSC22358,237,157,64,18,1244
SSC22359,24,21,5,0,90
SSC22360,12,7,5,0,65
SSC22361,44,39,15,0,179
SSC22362,476,412,233,94,2733
SSC22363,12,8,5,0,72
SSC22364,16,8,3,0,92
SSC22365,409,216,78,18,2540
SSC22366,6,3,0,0,42
SSC22367,3,3,3,0,12
SSC22368,82,33,11,4,395
SSC22369,792,346,189,103,4287
SSC22370,82,81,23,10,516
SSC22371,14,9,3,0,70
SSC22372,12,4,0,0,50
SSC22373,8,7,0,0,32
SSC22374,0,3,0,0,4
SSC22375,17,11,6,0,104
SSC22376,0,0,0,0,0
SSC22377,15,10,3,0,100
SSC22378,0,0,0,0,0
SSC22379,2638,1451,636,245,16660
SSC22380,27,16,10,0,148
SSC22381,18,18,4,3,117
SSC22382,35,19,5,0,200
SSC22383,464,212,137,85,4349
SSC22384,445,252,161,102,4124
SSC22385,721,555,269,77,6917
SSC22386,55,53,18,3,288
SSC22387,1434,842,362,172,7879
SSC22388,8,0,0,0,11
SSC22389,10,3,0,0,58
SSC22390,0,0,0,0,3
SSC22391,26,16,4,3,89
SSC22392,17,9,0,0,36
SSC22393,666,478,278,133,4696
SSC22394,0,0,0,0,0
SSC22395,0,0,0,0,0
SSC22396,7,5,0,0,49
SSC22397,84,111,27,6,400
SSC22398,31,21,10,5,105
SSC22399,3,0,0,0,12
SSC22400,3,0,0,0,10
SSC22401,23,14,7,0,126
SSC22402,527,257,137,148,4996
SSC22403,0,0,0,0,9
SSC22404,0,0,0,0,0
SSC22405,20,3,4,0,69
SSC22406,3,0,0,0,16
SSC22407,45,34,11,0,178
SSC22408,3,0,0,0,15
SSC22409,3,0,0,0,9
SSC22410,0,3,0,0,9
SSC22411,56,28,18,4,209
SSC22412,32,24,8,0,117
SSC22413,12,8,3,0,43
SSC22414,87,80,46,13,518
SSC22415,4,0,0,0,26
SSC22416,15,4,3,0,70
SSC22417,16,8,6,0,92
SSC22418,90,55,21,0,378
SSC22419,46,25,4,4,242
SSC22420,0,3,0,0,10
SSC22421,33,19,4,0,149
SSC22422,3,3,0,0,9
SSC22423,0,0,0,0,0
SSC22424,12,8,0,0,53
SSC22425,5,5,7,0,22
SSC22426,0,3,0,0,14
SSC22427,0,0,0,0,6
SSC22428,3,3,0,0,25
SSC22429,37,27,7,5,232
SSC22430,0,0,0,0,0
SSC22431,0,4,0,0,9
SSC22432,71,36,14,0,278
SSC22433,7,4,0,0,19
SSC22434,8,0,0,0,15
SSC22435,64,36,8,3,246
SSC22436,7,3,0,0,29
SSC22437,9,3,0,0,17
SSC22438,16,20,4,0,67
SSC22439,917,420,172,32,15560
SSC22440,14,3,0,0,54
SSC22441,8,0,0,0,19
SSC22442,13,4,0,0,40
SSC22443,6,0,0,0,9
SSC22444,9,10,3,0,31
SSC22445,11,3,5,0,44
SSC22446,42,31,9,4,205
SSC22447,9,0,0,0,16
SSC22448,0,9,0,0,31
SSC22449,3,0,0,0,26
SSC22450,30,15,5,0,139
SSC22451,6,0,0,0,30
SSC22452,4,3,0,0,14
SSC22453,49,32,15,3,181
SSC22454,48,27,3,0,164
SSC22455,330,237,128,46,2044
SSC22456,14,3,0,0,61
SSC22457,7,6,6,0,68
SSC22458,85,45,12,9,312
SSC22459,114,121,49,8,541
SSC22460,7,9,0,0,28
SSC22461,448,214,107,22,5822
SSC22462,1240,494,138,59,6841
SSC22463,7,3,0,0,21
SSC22464,232,104,41,12,1132
SSC22465,5,0,0,0,11
SSC22466,3,4,0,0,7
SSC22467,137,82,19,9,833
SSC22468,7,3,0,0,23
SSC22469,6,0,0,0,12
SSC22470,4,0,0,0,26
SSC22471,1632,1194,546,230,8743
SSC22472,918,898,624,249,7083
SSC22473,10,4,0,0,32
SSC22474,18,14,4,0,84
SSC22475,3,0,0,0,16
SSC22476,181,120,86,36,984
SSC22477,12,11,0,0,31
SSC22478,3,0,0,0,12
SSC22479,0,0,0,0,6
SSC22480,0,0,0,0,0
SSC22481,12,0,3,0,51
SSC22482,7,7,3,0,34
SSC22483,0,0,0,0,6
SSC22484,332,184,102,91,2195
SSC22485,0,0,0,3,8
SSC22486,21,24,3,0,92
SSC22487,3,0,0,0,10
SSC22488,10,14,0,0,40
SSC22489,136,85,22,5,587
SSC22490,12,4,0,0,45
SSC22491,3,3,0,0,7
SSC22492,842,568,294,73,7379
SSC22493,0,0,0,0,0
SSC22494,128,66,38,10,816
SSC22495,16,17,3,0,61
SSC22496,995,441,231,133,10673
SSC22497,36,37,9,3,158
SSC22498,33,32,7,0,181
SSC22499,3,3,0,0,20
SSC22500,19,6,4,0,42
SSC22501,32,13,0,0,92
SSC22502,0,0,0,0,0
SSC22503,98,61,35,17,506
SSC22504,3,0,0,0,21
SSC22505,3,3,0,0,31
SSC22506,3,6,0,0,28
SSC22507,0,0,0,0,6
SSC22508,25,18,6,0,122
SSC22509,7,3,5,0,23
SSC22510,12,0,3,0,31
SSC22511,0,0,0,0,0
SSC22512,15,3,0,0,61
SSC22513,80,58,17,3,269
SSC22514,0,0,0,0,0
SSC22515,117,79,48,25,758
SSC22516,0,0,0,0,3
SSC22517,9,16,0,3,41
SSC22518,31,22,6,0,122
SSC22519,3,0,4,0,11
SSC22520,31,21,3,3,142
SSC22521,59,46,6,0,360
SSC22522,11,3,0,0,50
SSC22523,21,25,3,0,183
SSC22524,75,45,4,3,352
SSC22525,16,23,9,0,83
SSC22526,0,0,0,0,0
SSC22527,4,4,0,0,26
SSC22528,9,7,0,0,37
SSC22529,0,0,0,0,0
SSC22530,82,46,9,0,424
SSC22531,65,66,29,7,323
SSC22532,13,4,0,0,50
SSC22533,104,69,28,6,673
SSC22534,1352,1288,654,279,8391
SSC22535,33,14,6,0,155
SSC22536,0,0,0,0,0
SSC22537,208,177,105,34,1299
SSC22538,1066,796,308,117,6930
SSC22539,7,3,0,0,9
SSC22540,34,15,4,0,132
SSC22541,6,0,0,3,27
SSC22542,5,0,3,0,9
SSC22543,0,0,0,0,3
SSC22544,0,0,0,0,3
SSC22545,0,3,0,0,18
SSC22546,0,0,0,0,4
SSC22547,0,0,0,0,4
SSC22548,0,0,0,0,0
SSC22549,12,3,0,0,45
SSC22550,21,16,3,0,67
SSC22551,3,3,3,0,21
SSC22552,309,225,121,53,1858
SSC22553,32,16,5,4,203
SSC22554,27,24,3,3,135
SSC22555,12,5,0,0,40
SSC22556,1746,1128,674,283,11765
SSC22557,155,78,24,3,819
SSC22558,50,24,0,0,285
SSC22559,115,62,21,14,1726
SSC22560,14,5,0,0,66
SSC22561,12,11,6,0,55
SSC22562,11,0,0,0,17
SSC22563,12,7,3,0,50
SSC22564,151,159,66,36,716
SSC22565,27,16,0,0,88
SSC22566,11,8,3,0,84
SSC22567,6,0,0,0,59
SSC22568,7,3,3,0,33
SSC22569,483,204,69,5,10440
SSC22570,0,3,0,0,4
SSC22571,39,36,3,3,181
SSC22572,0,0,3,0,3
SSC22573,394,285,118,34,3052
SSC22574,28,25,16,3,149
SSC22575,0,0,0,0,0
SSC22576,0,3,0,0,10
SSC22577,0,0,0,0,0
SSC22578,4,5,4,0,17
SSC22579,6,0,0,0,9
SSC22580,10,8,0,0,42
SSC22581,310,188,64,14,1642
SSC22582,0,0,0,0,0
SSC22583,86,34,16,3,419
SSC22584,57,31,5,3,276
SSC22585,35,17,3,0,213
SSC22586,48,24,11,0,214
SSC22587,13,9,0,0,59
SSC22588,36,9,3,0,135
SSC22589,16,17,3,0,103
SSC22590,0,0,0,0,7
SSC22591,0,0,0,0,4
SSC22592,3,0,0,0,3
SSC22593,3,4,0,0,15
SSC22594,4,5,0,0,20
SSC22595,22,6,3,3,74
SSC22596,0,0,0,0,3
SSC22597,3,0,0,0,14
SSC22598,18,10,3,0,153
SSC22599,9,5,8,0,73
SSC22600,8,5,3,0,27
SSC22601,333,170,81,38,1782
SSC22602,3,8,0,0,39
SSC22603,19,12,4,0,71
SSC22604,26,20,8,0,162
SSC22605,6,3,0,0,16
SSC22606,6,0,0,0,10
SSC22607,652,345,78,22,3512
SSC22608,26,7,0,0,70
SSC22609,3,3,0,0,15
SSC22610,10,3,3,0,38
SSC22611,6,9,9,3,80
SSC22612,118,98,46,11,462
SSC22613,152,135,60,9,597
SSC22614,732,575,323,72,5301
SSC22615,1010,868,380,130,5912
SSC22616,0,0,0,0,9
SSC22617,3,12,3,0,24
SSC22618,0,0,0,0,3
SSC22619,12,0,3,0,30
SSC22620,521,438,218,69,3501
SSC22621,13,3,0,0,71
SSC22622,90,84,34,19,429
SSC22623,4,0,0,0,8
SSC22624,4,3,0,0,16
SSC22625,12,4,0,0,34
SSC22626,27,8,9,0,150
SSC22627,0,3,0,0,11
SSC22628,4,3,0,0,13
SSC22629,0,0,0,0,0
SSC22630,4,6,0,0,15
SSC22631,73,81,25,4,461
SSC22632,14,8,4,0,46
SSC22633,7,3,0,0,14
SSC22634,7,8,0,0,37
SSC22635,3,3,0,0,30
SSC22636,10,4,0,0,19
SSC22637,70,46,16,4,292
SSC22638,9,0,0,0,16
SSC22639,0,0,0,0,0
SSC22640,10,9,0,0,45
SSC22641,0,0,0,0,5
SSC22642,0,0,0,0,0
SSC22643,24,4,0,0,83
SSC22644,4,0,3,0,39
SSC22645,3,3,0,0,3
SSC22646,0,4,0,0,6
SSC22647,3,0,0,0,4
SSC22648,631,316,109,22,4807
SSC22649,5,3,0,0,19
SSC22650,145,88,43,17,651
SSC22651,4,0,0,0,17
SSC22652,45,21,8,0,125
SSC22653,7,10,8,0,64
SSC22654,13,9,0,3,69
SSC22655,27,24,3,3,85
SSC22656,243,128,37,8,1084
SSC22657,8,3,0,0,35
SSC22658,47,33,11,0,231
SSC22659,42,22,3,3,180
SSC22660,238,148,62,27,1432
SSC22661,3,3,3,0,32
SSC22662,14,7,3,3,54
SSC22663,112,64,13,0,617
SSC22664,0,0,0,0,0
SSC22665,31,27,12,0,133
SSC22666,0,0,0,0,8
SSC22667,1326,939,630,426,8343
SSC22668,57,42,15,5,260
SSC22669,0,0,0,0,4
SSC22670,11,13,3,0,102
SSC22671,12,12,3,0,49
SSC22672,1263,762,342,186,6984
SSC22673,1722,910,507,397,9850
SSC22674,51,37,12,0,185
SSC22675,5,4,0,3,29
SSC22676,230,179,63,19,1078
SSC22677,9,18,3,0,41
SSC22678,8,0,0,0,28
SSC22679,0,0,0,0,10
SSC22680,11,11,0,0,62
SSC22681,0,0,0,0,3
SSC22682,60,29,7,0,272
SSC22683,3,6,0,0,22
SSC22684,203,145,87,75,1070
SSC22685,1238,1023,485,170,7575
SSC22686,16,13,4,3,105
SSC22687,3,0,0,0,13
SSC22688,8,5,3,0,23
SSC22689,633,356,140,18,2972
SSC22690,60,37,10,3,341
SSC22691,418,220,55,11,2424
SSC22692,3,0,0,0,12
SSC22693,21,19,8,0,78
SSC22694,49,38,9,0,294
SSC22695,0,3,0,0,4
SSC22696,17,15,3,3,88
SSC22697,2228,1506,834,386,13838
SSC22698,3,5,0,0,19
SSC22699,3,3,3,0,40
SSC22700,7,6,4,3,42
SSC22701,3,16,5,0,46
SSC22702,0,0,0,0,8
SSC22703,0,0,0,0,13
SSC22704,18,3,3,0,90
SSC22705,5,3,0,0,11
SSC22706,10,7,0,0,39
SSC22707,145,80,12,0,1174
SSC22708,337,185,164,52,2620
SSC22709,253,185,95,17,1798
SSC22710,7,3,0,0,28
SSC22711,19,12,3,0,91
SSC22712,0,0,0,0,0
SSC22713,15,7,0,0,51
SSC22714,172,117,44,17,971
SSC22715,0,0,0,0,3
SSC22716,35,18,3,0,120
SSC22717,244,146,72,18,2421
SSC22718,0,0,0,0,13
SSC22719,9,3,3,0,28
SSC22720,103,90,28,13,409
SSC22721,0,0,0,0,3
SSC22722,0,3,3,0,13
SSC22723,0,0,0,0,6
SSC22724,3,3,10,0,34
SSC22725,4,16,0,0,51
SSC22726,5,3,7,0,16
SSC22727,13,12,3,0,71
SSC22728,25,26,7,3,114
SSC22729,32,39,7,0,149
SSC22730,10,3,0,0,41
SSC22731,573,533,405,171,4238
SSC22732,11,4,0,0,57
SSC22733,0,0,0,0,0
SSC22734,4,4,0,0,30
SSC22735,4,3,3,0,16
SSC22736,2524,1351,661,317,17667
SSC22737,148,84,29,12,755
SSC22738,11,12,0,3,44
SSC22739,68,42,13,7,411
SSC22740,32,16,11,3,170
SSC22741,14,8,0,0,57
SSC22742,518,225,91,48,6147
SSC22743,197,126,33,3,4027
SSC22744,989,601,229,87,6458
SSC22745,17,11,7,0,84
SSC22746,4,0,0,0,9
SSC22747,411,238,116,34,2576
SSC22748,0,0,0,0,14
SSC22749,8,12,5,0,56
SSC22750,54,17,11,0,230
SSC22751,38,21,7,0,139
SSC22752,1653,1463,768,362,10288
SSC22753,0,0,0,0,0
SSC22754,3,0,3,0,9
SSC22755,227,147,76,21,1445
SSC22756,39,33,12,3,188
SSC22757,0,4,0,0,13
SSC22758,30,13,8,0,108
SSC22759,4,7,4,0,20
SSC22760,221,172,92,37,1507
SSC22761,355,278,116,55,2524
SSC22762,0,3,0,0,4
SSC22763,38,21,10,3,176
SSC22764,3,8,0,0,37
SSC22765,8,0,3,0,27
SSC22766,3,7,4,3,23
SSC22767,14,13,3,0,59
SSC22768,11,6,3,0,73
SSC22769,8,3,0,0,25
SSC22770,15,10,5,3,89
SSC22771,3,0,0,0,19
SSC22772,0,0,0,0,14
SSC22773,5,0,0,0,27
SSC22774,64,47,21,4,253
SSC22775,0,3,0,0,15
SSC22776,0,3,0,0,5
SSC22777,209,68,11,0,3579
SSC22778,1471,793,271,126,7610
SSC22779,121,80,39,14,847
SSC22780,57,39,9,3,277
SSC22781,26,14,9,3,130
SSC22782,3,0,0,0,3
SSC22783,6,5,0,0,38
SSC22784,8,11,3,0,69
SSC22785,13,0,4,0,35
SSC22786,0,0,0,0,10
SSC22787,48,17,5,0,193
SSC22788,169,132,57,28,900
SSC22789,16,4,7,0,77
SSC22790,12,4,0,0,41
SSC22791,372,221,179,159,4943
SSC22792,0,0,0,0,0
SSC22793,0,0,0,0,12
SSC22794,0,0,0,0,8
SSC22795,0,0,0,0,0
SSC22796,3,0,0,0,9
SSC22797,5,0,0,0,15
SSC22798,7,3,0,0,35
SSC22799,29,11,9,0,171
SSC22800,11,10,3,0,54
SSC22801,0,0,0,0,0
SSC22802,4,0,0,0,4
SSC22803,20,8,4,0,75
SSC22804,1382,936,414,139,8912
SSC22805,242,114,37,9,4215
SSC22806,3,3,0,0,18
SSC22807,4,5,0,0,14
SSC22808,29,23,4,0,104
SSC22809,8,3,0,0,17
SSC22810,402,203,78,14,1881
SSC22811,12,3,0,0,26
SSC22812,0,0,0,0,0
SSC22813,0,0,0,0,0
SSC22814,410,358,238,125,2202
SSC22815,10,7,0,0,49
SSC22816,3,0,0,0,16
SSC22817,7,4,4,0,32
SSC22818,565,430,150,71,3152
SSC22819,41,14,6,3,154
SSC22820,3,4,0,0,23
SSC22821,31,24,4,0,171
SSC22822,0,3,3,0,16
SSC22823,5,8,0,0,24
SSC22824,5,13,3,0,48
SSC22825,5,5,3,0,22
SSC22826,43,28,12,3,169
SSC22827,26,10,3,0,54
SSC22828,7,12,6,3,64
SSC22829,0,3,0,0,15
SSC22830,0,0,0,0,22
SSC22831,45,32,3,4,208
SSC22832,6,0,0,0,13
SSC22833,31,14,5,0,97
SSC22834,0,0,0,0,0
SSC22835,0,0,0,0,0
SSC22836,46,13,12,3,185
SSC22837,16,18,13,0,88
SSC22838,39,33,13,3,197
SSC22839,6,0,0,0,18
SSC22840,12,13,0,0,30
SSC22841,0,3,4,0,34
SSC22842,214,125,27,13,1297
SSC22843,20,15,4,4,101
SSC22844,4,9,4,0,42
SSC22845,21,13,9,0,133
SSC22846,16,4,4,0,74
SSC22847,8,0,0,0,11
SSC22848,0,0,0,0,3
SSC22849,3,0,3,0,19
SSC22850,0,0,0,0,0
SSC22851,0,0,0,0,0
SSC22852,0,0,0,0,0
SSC22853,0,0,0,0,0
SSC22854,7,3,0,0,31
SSC22855,0,0,0,0,5
SSC22856,0,0,0,0,0
SSC22857,0,0,0,0,0
SSC22858,34,18,3,0,132
SSC22859,18,11,3,4,78
SSC22860,80,55,8,0,470
SSC22861,172,106,54,25,811
SSC22862,54,27,24,17,240
SSC22863,0,0,0,0,3
SSC22864,4,6,0,0,18
SSC22865,0,0,0,0,3
SSC22866,15,4,0,0,33
SSC22867,4,8,0,0,24
SSC22868,896,428,141,34,9945
SSC22869,20,19,5,0,126
SSC22870,6,3,0,0,46
SSC22871,5,3,0,0,28
SSC22872,5,6,3,0,36
SSC22873,4,0,0,0,14
SSC22874,209,152,61,25,999
SSC22875,12,6,3,0,67
SSC22876,0,4,0,0,12
SSC22877,257,166,75,20,2023
SSC22878,16,8,4,3,77
SSC22879,141,79,39,15,734
SSC22880,0,0,0,0,0
SSC22881,20,16,3,3,112
SSC22882,13,4,0,0,42
SSC22883,26,24,5,3,138
SSC22884,3,0,0,0,14
SSC22885,34,18,4,0,124
SSC22886,5,3,0,0,16
SSC22887,26,8,4,0,76
SSC22888,3,3,0,0,17
SSC22889,11,0,0,0,39
SSC22890,0,0,0,0,0
SSC22891,19,9,0,3,106
SSC22892,19,18,3,0,107
SSC22893,20,21,4,0,67
SSC22894,6,7,0,0,41
SSC22895,217,154,62,16,1390
SSC22896,195,168,63,23,1161
SSC22897,3,0,0,0,9
SSC22898,170,108,35,10,796
SSC22899,34,26,5,0,107
SSC22900,175,145,93,48,917
SSC22901,152,107,34,11,808
SSC22902,834,307,176,120,8245
SSC22903,15,8,0,0,49
SSC22904,625,593,376,170,3665
SSC22905,0,3,0,0,9
SSC22906,45,28,7,0,228
SSC22907,0,0,0,0,12
SSC22908,0,0,0,0,0
SSC22909,168,130,71,15,754
SSC22910,47,33,9,7,264
SSC22911,30,22,0,0,144
SSC22912,27,12,3,3,170
SSC22913,12,5,3,0,68
SSC22914,16,12,4,0,58
SSC22915,12,10,3,0,58
SSC22916,3,0,0,0,17
SSC22917,4,0,0,0,7
SSC22918,9,5,0,0,33
SSC22919,93,50,20,6,449
SSC22920,72,43,14,0,352
SSC22921,0,0,0,0,0
SSC22922,10,0,0,0,28
SSC22923,6,0,0,0,15
SSC22924,14,6,0,0,62
SSC22925,0,3,4,0,29
SSC22926,11,15,7,0,71
SSC22927,7,6,0,0,23
SSC22928,16,6,3,0,65
SSC22929,0,0,0,0,0
SSC29494,526,263,61,19,4580
SSC29797,10,0,0,0,25
