SSC_CODE_2016,Intct_fam_no_otr_chld_pre_Fam,Step_fam_no_otr_chld_pre_Fam,Blnd_fam_no_otr_chld_pre_Fam,Intct_fam_othr_child_pres_Fam,Step_fam_othr_child_pres_Fam,Blnd_fam_othr_child_pres_Fam,Otr_cpl_fam_otr_chld_only_Fam,Tot_Families
SSC20001,0,0,0,0,0,0,0,0
SSC20002,453,31,0,3,0,0,0,489
SSC20003,567,22,11,3,0,0,0,597
SSC20004,0,0,0,0,0,0,0,0
SSC20005,14,0,0,0,0,0,0,14
SSC20006,0,0,0,0,0,0,0,0
SSC20007,3,0,0,0,0,0,0,4
SSC20008,4,0,0,0,0,0,0,4
SSC20009,10,0,0,0,0,0,0,10
SSC20010,9,0,0,0,0,0,0,4
SSC20011,0,0,0,0,0,0,0,0
SSC20012,60,4,0,0,0,0,0,64
SSC20013,14,0,0,0,0,0,5,18
SSC20014,810,38,15,4,0,3,0,870
SSC20015,0,0,0,0,0,0,0,0
SSC20016,605,30,27,14,5,0,0,688
SSC20017,642,46,13,5,0,0,3,703
SSC20018,18,3,3,0,0,0,0,24
SSC20019,6,0,0,0,0,0,0,6
SSC20020,395,12,17,5,0,0,0,433
SSC20021,213,24,15,0,0,0,0,247
SSC20022,1049,72,46,3,0,0,3,1179
SSC20023,0,0,0,0,0,0,0,0
SSC20024,5,0,0,0,0,0,0,12
SSC20025,3,0,0,0,0,0,0,3
SSC20026,39,0,0,0,0,0,0,48
SSC20027,169,5,6,0,0,0,0,184
SSC20028,13,0,0,0,0,0,0,19
SSC20029,12,3,0,0,0,0,0,13
SSC20030,23,0,3,0,0,0,0,21
SSC20031,0,0,0,0,0,0,0,0
SSC20032,3,0,0,0,0,0,0,3
SSC20033,602,16,6,0,0,0,0,626
SSC20034,1106,66,25,7,0,0,3,1209
SSC20035,2219,134,71,25,3,6,7,2456
SSC20036,1259,61,27,20,0,0,4,1367
SSC20037,12,0,0,0,0,0,0,19
SSC20038,7,0,0,0,0,0,0,7
SSC20039,0,0,0,0,0,0,0,0
SSC20040,18,0,0,0,0,0,0,16
SSC20041,67,3,3,3,0,0,0,79
SSC20042,3,0,3,0,0,0,0,7
SSC20043,4,0,0,0,0,0,0,4
SSC20044,0,0,0,0,0,0,0,0
SSC20045,225,15,4,0,0,0,0,248
SSC20046,0,0,0,0,0,0,0,0
SSC20047,6,0,0,0,0,0,0,7
SSC20048,109,10,6,0,0,0,0,124
SSC20049,0,0,0,0,0,0,0,0
SSC20050,3,0,0,0,0,0,0,3
SSC20051,16,0,0,0,0,0,0,21
SSC20052,555,57,50,12,0,0,7,678
SSC20053,4,0,0,0,0,0,0,4
SSC20054,0,0,0,0,0,0,0,0
SSC20055,26,0,0,0,0,0,0,27
SSC20056,6,0,0,0,0,0,0,8
SSC20057,3,0,0,0,0,0,0,3
SSC20058,0,0,0,0,0,0,0,0
SSC20059,0,0,0,0,0,0,0,0
SSC20060,3,0,0,0,0,0,0,3
SSC20061,262,21,14,3,0,0,0,304
SSC20062,54,4,4,0,0,0,0,59
SSC20063,3,0,0,0,0,0,0,3
SSC20064,19,3,0,0,0,0,0,18
SSC20065,782,38,16,3,0,0,0,838
SSC20066,5,0,0,0,0,0,0,9
SSC20067,530,41,41,3,0,0,0,620
SSC20068,6,0,0,0,0,0,0,6
SSC20069,0,0,0,0,0,0,0,0
SSC20070,53,4,3,0,0,0,0,59
SSC20071,41,0,5,0,0,0,0,51
SSC20072,13,0,0,0,0,0,0,13
SSC20073,212,22,17,3,0,0,3,252
SSC20074,1524,93,26,7,3,0,0,1647
SSC20075,24,0,0,0,0,0,0,26
SSC20076,1129,43,17,10,0,0,3,1203
SSC20077,732,37,18,6,0,0,4,790
SSC20078,925,48,20,7,0,0,3,999
SSC20079,1021,51,28,11,0,0,0,1100
SSC20080,13,3,0,0,0,0,0,17
SSC20081,527,23,16,3,0,0,0,570
SSC20082,0,0,0,0,0,0,0,0
SSC20083,3,0,0,0,0,0,0,3
SSC20084,29,3,3,0,0,0,0,35
SSC20085,94,12,3,0,0,0,0,113
SSC20086,84,6,10,0,0,0,0,100
SSC20087,0,0,0,0,0,0,0,0
SSC20088,1389,53,33,18,0,0,0,1501
SSC20089,3,0,0,0,0,0,0,7
SSC20090,112,14,3,0,0,0,0,124
SSC20091,45,4,0,0,0,0,0,47
SSC20092,100,5,4,0,0,0,0,109
SSC20093,4,0,3,0,0,0,0,5
SSC20094,529,64,49,5,0,0,3,658
SSC20095,26,7,0,0,0,0,0,38
SSC20096,165,12,5,0,0,0,0,194
SSC20097,0,0,0,0,0,0,0,0
SSC20098,35,5,0,0,0,0,0,42
SSC20099,6,0,0,0,0,0,0,6
SSC20100,0,0,0,0,0,0,0,0
SSC20101,12,0,0,0,0,0,0,12
SSC20102,517,44,32,7,0,0,3,605
SSC20103,10,0,0,0,0,0,0,10
SSC20104,387,20,7,0,0,0,0,414
SSC20105,14,0,0,0,0,0,0,14
SSC20106,9,0,0,0,0,0,0,10
SSC20107,296,19,18,5,0,0,0,337
SSC20108,11,0,0,0,0,0,0,11
SSC20109,0,0,0,0,0,0,0,0
SSC20110,414,31,12,0,0,0,0,465
SSC20111,366,34,22,3,0,0,0,433
SSC20112,338,29,17,4,3,0,0,393
SSC20113,16,0,0,0,0,0,0,17
SSC20114,30,0,0,0,0,0,0,41
SSC20115,20,0,0,0,0,0,0,20
SSC20116,6,0,0,0,0,0,0,6
SSC20117,9,0,0,0,0,0,0,12
SSC20118,25,4,0,0,0,0,0,34
SSC20119,264,21,12,0,0,0,0,302
SSC20120,28,3,0,0,0,0,0,32
SSC20121,0,0,0,0,0,0,0,0
SSC20122,1679,71,35,24,0,0,0,1816
SSC20123,2999,128,45,35,0,0,0,3204
SSC20124,54,3,0,0,0,0,0,56
SSC20125,22,4,3,0,0,0,0,28
SSC20126,11,0,0,0,0,0,0,15
SSC20127,9,0,0,0,0,0,0,9
SSC20128,65,5,0,0,0,0,0,70
SSC20129,9,0,0,0,0,0,0,7
SSC20130,34,3,0,0,0,0,0,36
SSC20131,4,0,0,0,0,0,0,3
SSC20132,691,47,30,0,0,0,4,766
SSC20133,3,0,0,0,0,0,0,3
SSC20134,3,0,0,0,0,0,0,3
SSC20135,281,20,15,3,0,0,0,333
SSC20136,11,0,0,0,0,0,0,11
SSC20137,13,3,0,0,0,0,0,19
SSC20138,0,0,0,0,0,0,0,0
SSC20139,12,0,0,0,0,0,0,14
SSC20140,54,4,0,0,0,0,0,59
SSC20141,3,0,0,0,0,0,0,3
SSC20142,0,0,0,0,0,0,0,4
SSC20143,16,0,0,0,0,0,0,20
SSC20144,0,0,0,0,0,0,0,0
SSC20145,95,8,4,0,0,0,0,114
SSC20146,16,0,0,0,0,0,0,20
SSC20147,10,0,0,0,0,0,0,13
SSC20148,45,3,0,0,0,0,0,48
SSC20149,26,0,3,0,0,0,0,24
SSC20150,20,5,0,0,0,0,0,31
SSC20151,3,0,0,0,0,0,0,3
SSC20152,0,0,0,0,0,0,0,0
SSC20153,3,0,0,0,0,0,0,3
SSC20154,0,0,0,0,0,0,0,0
SSC20155,0,3,0,0,0,0,0,3
SSC20156,3,0,0,0,0,0,0,3
SSC20157,0,0,0,0,0,0,0,0
SSC20158,9,0,0,0,0,0,0,9
SSC20159,23,0,3,0,0,0,0,21
SSC20160,9,0,0,0,0,0,0,12
SSC20161,461,25,4,0,0,0,0,496
SSC20162,0,0,0,0,0,0,0,0
SSC20163,29,9,3,0,0,0,0,40
SSC20164,159,3,4,0,3,0,0,168
SSC20165,9,0,0,0,0,0,0,9
SSC20166,0,0,0,0,0,0,0,0
SSC20167,0,0,0,0,0,0,0,0
SSC20168,189,23,19,0,0,0,0,231
SSC20169,0,0,0,0,0,0,0,0
SSC20170,58,4,3,0,0,0,0,66
SSC20171,14,0,0,0,0,0,0,10
SSC20172,1207,86,37,14,0,0,7,1356
SSC20173,971,68,30,9,4,0,4,1088
SSC20174,943,73,44,11,0,0,4,1079
SSC20175,430,13,15,0,0,0,3,456
SSC20176,12,7,0,0,0,0,0,16
SSC20177,4,0,0,0,0,0,0,4
SSC20178,6,0,0,0,0,0,0,6
SSC20179,3,0,0,0,0,0,0,4
SSC20180,109,9,11,4,0,0,0,128
SSC20181,1835,87,39,15,0,0,4,1980
SSC20182,3,0,0,0,0,0,0,3
SSC20183,33,3,3,0,0,0,0,35
SSC20184,8,3,0,0,0,0,0,9
SSC20185,292,27,12,3,0,0,0,340
SSC20186,0,0,0,0,0,0,0,0
SSC20187,480,34,10,0,0,0,0,535
SSC20188,181,6,9,0,0,0,0,199
SSC20189,222,12,11,4,0,0,0,239
SSC20190,483,28,17,0,0,0,3,536
SSC20191,453,41,13,9,0,0,3,518
SSC20192,17,0,0,0,0,0,0,17
SSC20193,0,0,0,0,0,0,0,0
SSC20194,100,4,0,0,0,0,0,100
SSC20195,34,5,3,0,0,0,0,38
SSC20196,5,0,0,0,0,0,0,9
SSC20197,190,5,6,0,0,0,0,205
SSC20198,0,0,0,0,0,0,0,0
SSC20199,19,0,0,0,0,0,0,20
SSC20200,1261,84,35,7,0,0,4,1399
SSC20201,3,0,0,0,0,0,0,3
SSC20202,22,5,0,0,0,0,0,27
SSC20203,685,73,41,7,0,0,0,809
SSC20204,8,0,0,0,0,0,0,8
SSC20205,12,0,0,0,0,0,0,12
SSC20206,34,3,0,3,0,0,0,39
SSC20207,382,28,10,0,0,0,0,419
SSC20208,9,0,0,0,0,0,0,8
SSC20209,3,0,0,0,0,0,0,4
SSC20210,3,0,0,0,0,0,0,9
SSC20211,12,0,0,0,0,0,0,14
SSC20212,7,0,0,0,0,0,0,3
SSC20213,2181,114,38,17,4,0,5,2362
SSC20214,3749,207,78,15,4,0,8,4055
SSC20215,0,0,0,0,0,0,0,0
SSC20216,18,3,0,0,0,0,0,18
SSC20217,7,0,0,0,0,0,0,7
SSC20218,5,0,0,3,0,0,0,15
SSC20219,3,0,0,0,0,0,0,3
SSC20220,20,0,0,0,0,0,0,17
SSC20221,0,0,0,0,0,0,0,3
SSC20222,13,0,0,0,0,0,0,19
SSC20223,6571,419,237,67,4,7,16,7314
SSC20224,5,0,0,0,0,0,0,9
SSC20225,9,0,0,0,0,0,0,14
SSC20226,14,0,0,0,0,0,0,10
SSC20227,0,0,0,0,0,0,0,0
SSC20228,48,4,0,0,0,0,0,54
SSC20229,7,0,0,0,0,0,0,7
SSC20230,25,0,3,0,0,0,0,31
SSC20231,38,0,0,0,0,0,0,47
SSC20232,320,16,17,9,0,0,0,363
SSC20233,0,0,0,0,0,0,0,0
SSC20234,25,0,4,0,0,0,0,32
SSC20235,0,0,0,0,0,0,0,3
SSC20236,8,0,0,0,0,0,0,7
SSC20237,6,0,0,0,0,0,0,4
SSC20238,0,0,0,0,0,0,0,0
SSC20239,0,0,0,0,0,0,0,0
SSC20240,3,0,0,0,0,0,0,10
SSC20241,10,0,0,0,0,0,0,13
SSC20242,0,0,0,0,0,0,0,0
SSC20243,61,5,4,0,0,0,0,66
SSC20244,0,0,0,0,0,0,0,0
SSC20245,79,3,4,0,0,0,0,91
SSC20246,82,3,8,0,0,0,0,89
SSC20247,423,45,17,3,3,0,0,487
SSC20248,190,12,8,0,0,0,0,210
SSC20249,13,3,0,0,0,0,0,20
SSC20250,794,33,8,0,0,0,4,843
SSC20251,1727,78,29,6,0,0,0,1844
SSC20252,1011,42,13,6,0,0,0,1076
SSC20253,1377,56,29,8,0,0,6,1474
SSC20254,3,0,0,0,0,0,0,3
SSC20255,17,5,0,0,0,0,0,24
SSC20256,143,12,3,0,0,0,3,163
SSC20257,4,0,0,0,0,0,0,4
SSC20258,25,0,0,0,0,0,0,22
SSC20259,139,20,9,3,0,0,4,174
SSC20260,9,0,0,0,0,0,0,8
SSC20261,4,0,0,0,0,0,0,3
SSC20262,10,0,0,0,0,0,0,10
SSC20263,5,0,0,0,0,0,0,7
SSC20264,0,0,0,0,0,0,0,0
SSC20265,3,0,0,0,0,0,0,3
SSC20266,8,0,0,0,0,0,0,8
SSC20267,0,0,0,0,0,0,0,0
SSC20268,0,0,0,0,0,0,0,0
SSC20269,26,7,0,0,0,0,0,35
SSC20270,0,0,0,0,0,0,0,0
SSC20271,19,0,0,0,0,0,0,26
SSC20272,0,0,0,0,0,0,0,0
SSC20273,57,5,3,0,0,0,0,61
SSC20274,3,0,0,0,0,0,0,3
SSC20275,11,0,0,0,0,0,0,11
SSC20276,3,0,0,0,0,0,0,3
SSC20277,608,65,21,3,0,0,0,695
SSC20278,35,0,0,0,0,0,0,33
SSC20279,33,4,4,0,0,0,0,47
SSC20280,3,0,0,0,0,0,0,3
SSC20281,39,4,0,0,0,0,0,43
SSC20282,33,0,3,0,0,0,0,37
SSC20283,21,3,0,0,0,0,0,24
SSC20284,0,0,0,0,0,0,0,0
SSC20285,0,0,0,0,0,0,0,0
SSC20286,93,12,0,0,0,0,4,110
SSC20287,9,0,0,0,0,0,0,12
SSC20288,0,0,0,0,0,0,0,0
SSC20289,3,0,0,0,0,0,0,3
SSC20290,3,0,0,0,0,0,0,3
SSC20291,0,0,0,0,0,0,0,0
SSC20292,9,3,0,0,0,0,0,12
SSC20293,12,0,0,0,0,0,0,15
SSC20294,0,0,0,0,0,0,0,0
SSC20295,9,0,0,0,0,0,0,9
SSC20296,13,3,0,0,0,0,0,13
SSC20297,0,0,0,0,0,0,0,3
SSC20298,64,4,5,0,0,0,0,71
SSC20299,15,0,0,0,0,0,0,14
SSC20300,9,0,0,0,0,0,0,6
SSC20301,0,0,0,0,0,0,0,0
SSC20302,2223,198,102,21,3,0,10,2561
SSC20303,4,0,0,0,0,0,0,4
SSC20304,9,0,0,0,0,0,0,9
SSC20305,586,42,41,3,0,0,0,676
SSC20306,12,0,0,0,0,0,0,10
SSC20307,19,0,0,0,0,0,0,19
SSC20308,3,0,0,0,0,0,0,3
SSC20309,5,0,0,0,0,0,0,8
SSC20310,13,0,0,0,0,0,0,13
SSC20311,3,0,0,0,0,0,0,7
SSC20312,951,44,17,10,0,0,6,1018
SSC20313,1448,65,16,13,3,0,3,1543
SSC20314,1008,45,10,9,0,0,3,1075
SSC20315,0,0,0,0,0,0,0,0
SSC20316,0,0,0,0,0,0,0,0
SSC20317,6,0,0,0,0,0,0,6
SSC20318,0,0,0,0,0,0,0,0
SSC20319,8,0,0,0,0,0,0,8
SSC20320,35,3,0,0,0,0,0,37
SSC20321,0,0,0,0,0,0,0,0
SSC20322,859,45,19,32,0,0,7,960
SSC20323,6,0,0,0,0,0,0,6
SSC20324,71,10,0,0,0,0,0,76
SSC20325,11,0,0,0,0,0,0,15
SSC20326,3,0,0,0,0,0,0,3
SSC20327,3,0,0,0,0,0,0,3
SSC20328,94,9,5,0,0,0,0,111
SSC20329,359,23,7,0,0,0,0,390
SSC20330,12,0,0,0,0,0,0,12
SSC20331,19,0,0,0,0,0,0,19
SSC20332,8,0,0,0,0,0,0,8
SSC20333,25,3,0,0,0,0,0,31
SSC20334,178,14,11,0,0,0,0,203
SSC20335,2801,140,48,10,0,0,3,3003
SSC20336,2138,106,35,14,0,0,3,2291
SSC20337,15,0,0,0,0,0,0,16
SSC20338,0,0,0,0,0,0,0,0
SSC20339,3,0,0,0,0,0,0,3
SSC20340,6,0,0,0,0,0,0,6
SSC20341,0,0,0,0,0,0,0,0
SSC20342,8,0,0,0,0,0,0,9
SSC20343,418,37,24,4,0,0,4,490
SSC20344,1193,50,36,21,0,0,3,1306
SSC20345,10,0,0,0,0,0,0,15
SSC20346,3,0,0,0,0,0,0,6
SSC20347,4,0,0,0,0,0,0,4
SSC20348,5,0,0,0,0,0,0,7
SSC20349,1070,75,49,18,0,3,9,1221
SSC20350,170,11,0,0,0,0,0,183
SSC20351,0,0,0,0,0,0,0,0
SSC20352,17,0,3,0,0,0,0,26
SSC20353,13,0,0,0,0,0,0,19
SSC20354,375,29,10,0,0,0,0,419
SSC20355,13,0,0,0,0,0,0,13
SSC20356,7,0,0,0,0,0,0,6
SSC20357,8,0,0,0,0,0,0,10
SSC20358,0,0,0,0,0,0,0,0
SSC20359,1717,86,22,15,0,0,3,1846
SSC20360,794,45,15,3,0,0,4,861
SSC20361,1224,54,13,8,4,0,0,1300
SSC20362,78,4,7,0,0,0,0,89
SSC20363,9,0,0,0,0,0,0,12
SSC20364,18,0,3,0,0,0,0,26
SSC20365,6,0,0,0,0,0,0,6
SSC20366,7,0,0,0,0,0,0,9
SSC20367,28,0,0,0,0,0,0,29
SSC20368,5,0,0,0,0,0,0,5
SSC20369,3,0,0,0,0,0,0,3
SSC20370,0,0,0,0,0,0,0,0
SSC20371,16,3,0,0,0,0,0,20
SSC20372,0,0,0,0,0,0,0,0
SSC20373,27,3,0,0,0,0,0,30
SSC20374,26,3,3,0,0,0,0,26
SSC20375,15,0,0,0,0,0,0,15
SSC20376,0,0,0,0,0,0,0,0
SSC20377,0,0,0,0,0,0,0,0
SSC20378,3,0,0,0,0,0,0,3
SSC20379,83,7,0,3,0,0,0,91
SSC20380,0,0,0,0,0,0,0,0
SSC20381,9,0,0,0,0,0,0,9
SSC20382,4,0,0,0,0,0,0,4
SSC20383,0,0,0,0,0,0,0,0
SSC20384,1387,52,21,19,0,0,3,1484
SSC20385,90,6,3,0,0,0,0,94
SSC20386,9,0,0,0,0,0,0,9
SSC20387,3,0,0,0,0,0,0,4
SSC20388,72,0,3,0,0,0,0,70
SSC20389,19,5,0,0,0,0,0,21
SSC20390,9,3,0,0,0,0,0,7
SSC20391,34,0,0,0,0,0,0,39
SSC20392,23,0,0,0,0,0,0,22
SSC20393,37,3,0,0,0,0,0,45
SSC20394,7,3,0,0,0,0,0,6
SSC20395,0,0,0,0,0,0,0,0
SSC20396,8,0,0,0,0,0,0,4
SSC20397,3147,149,62,40,5,0,9,3408
SSC20398,6,0,0,0,0,0,0,6
SSC20399,7,0,0,0,0,0,0,7
SSC20400,8,0,0,0,0,0,0,8
SSC20401,12,0,0,0,0,0,0,12
SSC20402,38,0,0,0,0,0,0,38
SSC20403,5,0,0,0,0,0,0,5
SSC20404,3,3,0,0,0,0,0,7
SSC20405,0,0,0,0,0,0,0,0
SSC20406,0,0,0,0,0,0,0,3
SSC20407,440,17,12,0,0,0,0,468
SSC20408,32,6,0,0,0,0,0,35
SSC20409,283,30,9,0,0,0,3,327
SSC20410,16,3,0,0,0,0,0,17
SSC20411,0,0,0,0,0,0,0,0
SSC20412,3,0,0,0,0,0,0,3
SSC20413,0,0,0,0,0,0,0,0
SSC20414,8,0,0,0,0,0,0,4
SSC20415,0,0,0,0,0,0,0,0
SSC20416,52,0,0,0,0,0,0,53
SSC20417,632,36,23,7,0,0,8,703
SSC20418,962,29,27,18,0,0,3,1045
SSC20419,3,0,0,0,0,0,0,3
SSC20420,21,4,5,0,0,0,0,29
SSC20421,3,0,0,0,0,0,0,4
SSC20422,0,0,0,0,0,0,0,0
SSC20423,18,0,0,0,0,0,0,20
SSC20424,1340,61,31,9,0,0,6,1444
SSC20425,1245,40,25,7,0,0,3,1325
SSC20426,71,12,3,0,0,0,0,87
SSC20427,7,0,0,0,0,0,0,7
SSC20428,0,0,0,0,0,0,0,0
SSC20429,34,0,0,0,0,0,0,43
SSC20430,16,0,0,0,0,0,0,16
SSC20431,13,0,3,0,0,0,0,14
SSC20432,15,5,0,0,0,0,0,20
SSC20433,16,0,0,0,0,0,0,16
SSC20434,16,0,0,0,0,0,0,21
SSC20435,64,9,6,0,0,0,0,71
SSC20436,0,0,0,0,0,0,0,0
SSC20437,3,0,0,0,0,0,0,3
SSC20438,0,0,0,0,0,0,0,0
SSC20439,1371,79,47,45,7,3,9,1562
SSC20440,0,0,0,0,0,0,0,0
SSC20441,21,3,0,0,0,0,0,26
SSC20442,296,29,32,5,0,0,3,366
SSC20443,16,0,0,0,0,0,0,18
SSC20444,5,0,3,0,0,0,0,6
SSC20445,34,4,4,0,0,0,0,41
SSC20446,4,0,0,0,0,0,0,4
SSC20447,0,0,0,0,0,0,0,0
SSC20448,0,0,0,0,0,0,0,0
SSC20449,16,3,0,0,0,0,0,22
SSC20450,0,0,0,0,0,0,0,0
SSC20451,2804,117,41,26,3,0,0,2991
SSC20452,37,0,0,0,0,0,0,39
SSC20453,591,21,10,17,0,0,0,637
SSC20454,0,0,0,0,0,0,0,4
SSC20455,172,13,6,4,0,0,0,197
SSC20456,4,0,0,0,0,0,0,4
SSC20457,0,0,0,0,0,0,0,3
SSC20458,253,17,13,3,0,0,0,288
SSC20459,338,30,20,3,0,0,0,394
SSC20460,0,0,0,0,0,0,0,0
SSC20461,6,3,0,0,0,0,0,10
SSC20462,12,0,0,0,0,0,0,14
SSC20463,3,0,0,0,0,0,0,3
SSC20464,62,12,4,0,0,0,0,77
SSC20465,5,0,0,0,0,0,0,5
SSC20466,1077,49,11,12,0,0,0,1147
SSC20467,14,0,0,0,0,0,0,18
SSC20468,7,3,0,0,0,0,0,16
SSC20469,0,0,0,0,0,0,0,0
SSC20470,0,0,0,0,0,0,0,0
SSC20471,63,3,0,0,0,0,0,69
SSC20472,43,4,0,0,0,0,0,48
SSC20473,177,9,7,0,0,0,0,195
SSC20474,3,0,0,0,0,0,0,3
SSC20475,3,0,0,0,0,0,0,3
SSC20476,0,0,0,0,0,0,0,0
SSC20477,21,0,0,0,0,0,0,25
SSC20478,5,0,0,0,0,0,0,10
SSC20479,0,0,0,0,0,0,0,0
SSC20480,13,0,0,0,0,0,0,9
SSC20481,9,0,0,0,0,0,0,9
SSC20482,110,3,3,0,0,0,0,121
SSC20483,92,4,3,0,0,0,0,97
SSC20484,40,4,5,0,0,0,0,50
SSC20485,86,7,7,0,0,0,0,102
SSC20486,3,0,0,0,0,0,0,4
SSC20487,0,0,0,0,0,0,0,0
SSC20488,0,0,0,0,0,0,0,0
SSC20489,106,7,11,0,0,0,3,126
SSC20490,16,0,0,0,0,0,0,16
SSC20491,39,0,3,0,0,0,0,45
SSC20492,452,28,15,5,0,0,4,505
SSC20493,448,28,4,0,0,0,0,480
SSC20494,6,0,0,0,0,0,0,13
SSC20495,1822,69,23,14,0,0,3,1923
SSC20496,11,3,0,0,0,0,0,15
SSC20497,3546,182,103,47,4,3,12,3897
SSC20498,15,0,0,0,0,0,0,22
SSC20499,7,0,0,0,0,0,0,12
SSC20500,3,3,0,0,0,0,0,8
SSC20501,3,0,0,0,0,0,0,3
SSC20502,5,0,0,0,0,0,0,9
SSC20503,3,0,0,0,0,0,0,3
SSC20504,357,27,16,0,0,0,0,400
SSC20505,2073,212,136,24,5,0,11,2473
SSC20506,3,0,3,0,0,0,0,4
SSC20507,25,4,0,0,0,0,0,28
SSC20508,0,0,0,0,0,0,0,3
SSC20509,42,0,0,0,0,0,0,47
SSC20510,100,0,8,0,0,0,3,118
SSC20511,8,0,0,0,0,0,0,7
SSC20512,14,0,0,0,0,0,0,15
SSC20513,501,39,19,3,0,0,0,568
SSC20514,34,3,0,0,0,0,0,42
SSC20515,11,0,0,0,0,0,0,13
SSC20516,4,0,0,0,0,0,0,4
SSC20517,0,0,0,0,0,0,0,0
SSC20518,604,31,9,0,0,0,4,642
SSC20519,114,3,0,6,0,0,0,122
SSC20520,1624,62,10,13,0,0,0,1714
SSC20521,1509,76,28,5,0,0,0,1621
SSC20522,4,4,0,0,0,0,0,3
SSC20523,33,4,3,0,0,0,0,39
SSC20524,42,0,0,0,0,0,0,42
SSC20525,882,37,16,9,0,0,3,947
SSC20526,0,0,0,0,0,0,0,0
SSC20527,0,0,0,0,0,0,0,0
SSC20528,3,0,0,0,0,0,0,3
SSC20529,3,0,0,0,0,0,0,4
SSC20530,28,6,0,0,0,0,0,37
SSC20531,8,0,0,0,0,0,0,15
SSC20532,67,4,3,0,0,0,0,78
SSC20533,5,0,0,0,0,0,0,5
SSC20534,713,49,29,3,3,0,3,801
SSC20535,667,50,31,9,0,0,3,760
SSC20536,2665,132,64,17,3,0,8,2887
SSC20537,6,3,0,0,0,0,0,10
SSC20538,4,0,0,0,0,0,0,5
SSC20539,0,0,0,0,0,0,0,0
SSC20540,18,0,0,0,0,0,0,19
SSC20541,0,0,0,0,0,0,0,0
SSC20542,12,0,0,0,0,0,0,17
SSC20543,6,0,0,0,0,0,0,10
SSC20544,50,0,0,0,0,0,0,46
SSC20545,0,0,0,0,0,0,0,0
SSC20546,6,0,0,0,0,0,0,6
SSC20547,0,0,0,0,0,0,0,0
SSC20548,133,21,11,3,0,0,3,173
SSC20549,7,0,0,0,0,0,0,12
SSC20550,0,0,0,0,0,0,0,0
SSC20551,3,0,0,0,0,0,0,3
SSC20552,13,0,3,0,0,0,0,15
SSC20553,1170,86,61,7,4,0,7,1329
SSC20554,0,0,0,0,0,0,0,0
SSC20555,6,0,0,0,0,0,0,10
SSC20556,48,5,4,0,0,0,0,54
SSC20557,102,11,7,4,0,0,0,128
SSC20558,345,27,28,5,0,0,9,414
SSC20559,0,0,0,0,0,0,0,0
SSC20560,0,0,0,0,0,0,0,3
SSC20561,17,0,0,0,0,0,0,17
SSC20562,3,0,0,0,0,0,0,3
SSC20563,941,28,27,9,0,0,4,1010
SSC20564,31,4,0,3,0,0,0,35
SSC20565,8,0,0,0,0,0,0,8
SSC20566,1255,54,12,17,0,0,7,1347
SSC20567,1453,63,24,28,0,0,5,1583
SSC20568,13,0,0,0,0,0,0,12
SSC20569,41,4,0,0,0,0,0,44
SSC20570,23,0,3,0,0,0,0,24
SSC20571,598,34,9,3,0,0,0,646
SSC20572,670,73,36,4,0,0,8,789
SSC20573,44,3,0,0,0,0,0,42
SSC20574,5,0,0,0,0,0,0,5
SSC20575,23,0,0,0,0,0,0,27
SSC20576,3,0,0,0,0,0,0,3
SSC20577,105,17,9,3,0,0,3,134
SSC20578,276,15,18,0,0,0,0,304
SSC20579,1130,83,52,14,0,3,3,1291
SSC20580,16,0,0,0,0,0,0,16
SSC20581,3,0,0,0,0,0,0,3
SSC20582,6,0,0,0,0,0,0,6
SSC20583,26,0,0,0,0,0,0,31
SSC20584,4,3,0,0,0,0,0,7
SSC20585,0,0,0,0,0,0,0,0
SSC20586,0,0,0,0,0,0,0,0
SSC20587,162,15,14,0,0,0,0,188
SSC20588,447,24,28,0,0,0,3,510
SSC20589,32,0,0,0,0,0,0,37
SSC20590,5,0,0,0,0,0,0,7
SSC20591,6,0,0,0,0,0,0,6
SSC20592,2874,116,59,28,3,0,5,3085
SSC20593,829,32,14,4,0,0,0,880
SSC20594,0,0,0,0,0,0,0,0
SSC20595,0,0,0,0,0,0,0,0
SSC20596,466,53,44,3,0,0,3,570
SSC20597,0,0,0,0,0,0,0,0
SSC20598,4,0,0,0,0,0,0,5
SSC20599,5,0,0,0,0,0,0,11
SSC20600,192,11,7,0,0,0,3,216
SSC20601,52,3,0,0,0,0,0,57
SSC20602,0,0,0,0,0,0,0,0
SSC20603,655,64,35,8,0,0,3,772
SSC20604,5,0,0,0,0,0,0,5
SSC20605,10,0,0,0,0,0,0,10
SSC20606,7,0,0,0,0,0,0,10
SSC20607,30,0,0,0,0,0,0,33
SSC20608,4,0,0,0,0,0,0,4
SSC20609,247,25,11,9,0,0,0,288
SSC20610,68,3,3,0,0,0,0,74
SSC20611,15,0,3,0,0,0,0,25
SSC20612,318,38,9,7,0,0,0,375
SSC20613,0,0,0,0,0,0,0,0
SSC20614,18,0,0,0,0,0,0,14
SSC20615,10,0,0,0,0,0,0,15
SSC20616,85,0,4,0,0,0,0,91
SSC20617,85,0,0,0,0,0,0,85
SSC20618,0,0,0,0,0,0,0,0
SSC20619,5,0,0,0,0,0,0,5
SSC20620,329,15,5,10,0,0,0,366
SSC20621,12,0,0,0,0,0,0,16
SSC20622,14,3,0,0,0,0,0,22
SSC20623,33,0,0,0,0,0,0,31
SSC20624,8,0,0,0,0,0,0,10
SSC20625,4,0,0,0,0,0,0,4
SSC20626,3,0,0,0,0,0,0,3
SSC20627,43,0,3,0,0,0,0,45
SSC20628,3,0,0,0,0,0,0,7
SSC20629,28,3,3,0,0,0,0,40
SSC20630,4,0,0,0,0,0,0,4
SSC20631,0,0,0,0,0,0,0,3
SSC20632,13,3,0,3,0,0,0,22
SSC20633,7,0,0,0,0,0,0,7
SSC20634,10,0,0,0,0,0,0,9
SSC20635,49,5,3,3,0,0,0,57
SSC20636,1138,128,104,14,5,3,14,1413
SSC20637,3,0,0,0,0,0,0,3
SSC20638,4,0,0,0,0,0,0,4
SSC20639,7,3,0,0,0,0,0,9
SSC20640,31,3,0,0,0,0,0,34
SSC20641,14,3,0,0,0,0,0,14
SSC20642,32,0,0,0,0,0,0,37
SSC20643,0,0,0,0,0,0,0,0
SSC20644,90,5,6,3,0,0,0,104
SSC20645,14,0,0,0,0,0,0,16
SSC20646,8,3,0,0,0,0,0,12
SSC20647,3,0,0,0,0,0,0,3
SSC20648,3,0,0,0,0,0,0,8
SSC20649,0,0,0,0,0,0,0,0
SSC20650,73,7,4,0,0,0,0,82
SSC20651,0,0,0,0,0,0,0,0
SSC20652,3,0,0,0,0,0,0,3
SSC20653,287,18,21,4,0,0,0,332
SSC20654,5,0,0,0,0,0,0,5
SSC20655,42,0,0,0,0,0,0,50
SSC20656,9,0,0,0,0,0,0,10
SSC20657,7096,362,217,117,7,10,22,7836
SSC20658,2048,191,127,39,4,0,15,2423
SSC20659,2191,128,123,29,5,3,7,2478
SSC20660,2696,201,129,40,3,0,7,3072
SSC20661,202,16,6,6,0,0,0,236
SSC20662,1970,143,94,30,3,0,10,2245
SSC20663,0,0,0,0,0,0,0,0
SSC20664,10,0,0,0,0,0,0,10
SSC20665,118,8,0,0,0,0,0,129
SSC20666,13,0,0,0,0,0,0,14
SSC20667,250,23,19,5,0,0,0,298
SSC20668,3,0,0,0,0,0,0,3
SSC20669,299,25,20,10,0,0,3,361
SSC20670,0,0,0,0,0,0,0,0
SSC20671,0,0,0,0,0,0,0,0
SSC20672,0,0,0,0,0,0,0,3
SSC20673,28,0,0,0,0,0,0,29
SSC20674,16,0,0,0,0,0,0,14
SSC20675,7,0,0,0,0,0,0,9
SSC20676,12,0,0,0,0,0,0,12
SSC20677,2693,212,120,28,3,3,7,3069
SSC20678,752,53,26,4,0,0,0,834
SSC20679,1009,67,30,3,0,0,3,1107
SSC20680,554,42,14,3,0,0,3,612
SSC20681,0,0,0,0,0,0,0,0
SSC20682,35,0,0,0,0,0,0,36
SSC20683,24,0,0,0,0,0,0,20
SSC20684,7,0,0,0,0,0,0,7
SSC20685,4,0,0,0,0,0,0,4
SSC20686,9,3,0,0,0,0,0,11
SSC20687,0,3,0,0,0,0,0,5
SSC20688,0,0,0,0,0,0,0,0
SSC20689,0,0,0,0,0,0,0,0
SSC20690,3,0,0,0,0,0,0,3
SSC20691,21,0,0,0,0,0,0,21
SSC20692,161,6,20,0,0,0,0,184
SSC20693,3,0,0,0,0,0,0,3
SSC20694,8,0,0,0,0,0,0,8
SSC20695,29,5,0,0,0,0,0,31
SSC20696,53,0,3,0,0,0,0,56
SSC20697,758,21,22,20,0,0,0,824
SSC20698,21,4,0,0,0,0,0,18
SSC20699,0,0,0,0,0,0,0,0
SSC20700,0,0,0,0,0,0,0,0
SSC20701,54,3,5,0,0,0,0,66
SSC20702,3069,116,51,63,7,3,13,3327
SSC20703,2616,149,70,41,3,3,11,2890
SSC20704,0,0,0,0,0,0,0,0
SSC20705,0,0,0,0,0,0,0,0
SSC20706,3,0,0,0,0,0,0,3
SSC20707,978,86,67,15,0,0,8,1150
SSC20708,3,0,0,0,0,0,0,3
SSC20709,8,3,0,0,0,0,0,13
SSC20710,88,4,9,0,0,0,0,103
SSC20711,51,6,0,0,0,0,0,57
SSC20712,0,0,0,0,0,0,0,0
SSC20713,19,4,0,0,0,0,0,21
SSC20714,3,0,0,0,0,0,0,8
SSC20715,0,0,0,0,0,0,0,0
SSC20716,168,9,8,0,0,0,0,188
SSC20717,11,0,0,0,0,0,0,13
SSC20718,23,0,0,0,0,0,0,28
SSC20719,0,0,0,0,0,0,0,0
SSC20720,17,3,0,0,0,0,0,22
SSC20721,22,3,0,0,0,0,0,26
SSC20722,250,7,3,3,0,0,0,260
SSC20723,2011,128,81,62,5,3,13,2292
SSC20724,542,60,49,9,0,0,8,667
SSC20725,1080,66,19,17,0,0,8,1192
SSC20726,0,0,0,0,0,0,0,0
SSC20727,3,0,0,0,0,0,0,3
SSC20728,0,0,0,0,0,0,0,4
SSC20729,3,0,0,0,0,0,0,3
SSC20730,55,0,5,3,0,0,0,64
SSC20731,216,9,7,0,0,0,3,240
SSC20732,6,3,0,0,0,0,0,17
SSC20733,0,0,0,0,0,0,0,0
SSC20734,0,0,0,0,0,0,0,0
SSC20735,47,3,3,0,0,0,0,60
SSC20736,5,0,0,0,0,0,0,5
SSC20737,1241,39,38,24,0,3,4,1351
SSC20738,4,0,0,0,0,0,0,4
SSC20739,38,0,3,0,0,0,0,41
SSC20740,15,0,0,0,0,0,0,15
SSC20741,0,0,0,0,0,0,0,0
SSC20742,168,10,13,3,0,3,0,201
SSC20743,39,3,4,0,0,0,0,46
SSC20744,19,0,3,0,0,0,0,18
SSC20745,24,0,0,0,0,0,0,27
SSC20746,1691,108,56,15,0,0,3,1873
SSC20747,11,0,0,0,0,0,0,10
SSC20748,299,27,7,6,0,0,0,339
SSC20749,7,0,0,0,0,0,0,7
SSC20750,110,15,7,0,0,0,3,139
SSC20751,13,0,0,0,0,0,0,17
SSC20752,1350,91,44,7,0,0,3,1495
SSC20753,7,3,0,0,0,0,0,7
SSC20754,10,0,0,0,0,0,0,13
SSC20755,18,0,0,0,0,0,0,17
SSC20756,37,3,4,3,0,0,0,45
SSC20757,3,0,0,0,0,0,0,3
SSC20758,14,0,0,0,0,0,0,19
SSC20759,9,0,0,0,0,0,0,9
SSC20760,606,27,8,4,0,0,0,645
SSC20761,3,0,0,0,0,0,0,3
SSC20762,3,0,0,0,0,0,0,9
SSC20763,62,7,3,0,0,0,0,79
SSC20764,102,4,10,0,0,0,0,120
SSC20765,2382,124,31,21,0,3,3,2565
SSC20766,3930,145,64,45,4,0,3,4197
SSC20767,18,0,0,0,0,0,0,21
SSC20768,1625,67,30,16,0,0,5,1751
SSC20769,0,0,0,0,0,0,0,0
SSC20770,25,0,0,0,0,0,0,31
SSC20771,38,3,3,0,0,0,0,40
SSC20772,0,0,0,0,0,0,0,0
SSC20773,2999,203,135,20,0,0,7,3369
SSC20774,8,0,0,0,0,0,0,8
SSC20775,0,0,0,0,0,0,0,0
SSC20776,11,0,0,0,0,0,0,13
SSC20777,820,70,28,16,4,3,5,951
SSC20778,5,0,0,0,0,0,0,3
SSC20779,0,0,0,0,0,0,0,0
SSC20780,11,0,0,0,0,0,0,11
SSC20781,4,0,0,0,0,0,0,4
SSC20782,450,45,17,3,0,0,3,524
SSC20783,0,0,0,0,0,0,0,0
SSC20784,1123,108,71,10,0,0,9,1319
SSC20785,19,0,3,0,0,0,0,21
SSC20786,36,3,0,0,0,0,0,40
SSC20787,37,3,0,0,0,0,0,42
SSC20788,4,0,0,0,0,0,0,8
SSC20789,18,6,5,0,0,0,0,28
SSC20790,60,3,0,0,0,0,0,64
SSC20791,6,0,0,0,0,0,0,6
SSC20792,26,3,3,0,0,0,0,29
SSC20793,19,3,0,0,0,0,0,23
SSC20794,17,0,0,0,0,0,0,15
SSC20795,0,0,0,0,0,0,0,0
SSC20796,432,40,9,4,0,0,9,494
SSC20797,3,0,0,0,0,0,0,3
SSC20798,37,5,4,0,0,0,0,42
SSC20799,8,3,0,0,0,0,0,11
SSC20800,5,0,0,0,0,0,0,5
SSC20801,5,0,0,0,0,0,0,5
SSC20802,7,0,0,0,0,0,0,7
SSC20803,66,4,0,0,0,0,0,71
SSC20804,0,0,0,0,0,0,0,0
SSC20805,3,0,0,0,0,0,0,3
SSC20806,35,0,0,0,0,0,0,35
SSC20807,39,10,3,0,0,0,0,53
SSC20808,4,0,0,0,0,0,0,7
SSC20809,0,0,0,0,0,0,0,0
SSC20810,53,3,3,0,0,0,0,61
SSC20811,7,0,0,0,0,0,0,7
SSC20812,0,0,0,0,0,0,0,4
SSC20813,0,0,0,0,0,0,0,0
SSC20814,10,0,0,0,0,0,0,11
SSC20815,4,0,0,0,0,0,0,4
SSC20816,69,10,3,3,0,0,0,84
SSC20817,421,38,29,4,0,0,6,495
SSC20818,0,0,0,0,0,0,0,0
SSC20819,546,22,11,7,0,0,3,582
SSC20820,3,0,0,0,0,0,0,5
SSC20821,74,5,5,0,3,0,3,92
SSC20822,138,11,4,0,0,0,3,155
SSC20823,389,25,9,3,0,0,3,430
SSC20824,249,13,0,0,0,0,0,262
SSC20825,7,0,0,0,0,0,0,7
SSC20826,6,0,0,0,0,0,0,10
SSC20827,56,3,8,0,0,0,0,70
SSC20828,5,0,0,0,0,0,0,5
SSC20829,4,0,0,0,0,0,0,3
SSC20830,260,21,17,3,0,0,0,296
SSC20831,15,0,0,0,0,0,0,15
SSC20832,1179,119,64,5,0,0,10,1378
SSC20833,52,4,3,0,0,0,0,60
SSC20834,57,3,0,0,0,0,0,59
SSC20835,22,0,0,0,0,0,0,28
SSC20836,14,0,0,0,0,0,0,14
SSC20837,172,6,10,0,0,0,0,185
SSC20838,64,7,4,0,0,0,0,74
SSC20839,13,0,0,0,0,0,0,11
SSC20840,7,0,0,0,0,0,0,9
SSC20841,10,0,0,0,0,0,0,10
SSC20842,634,59,16,4,0,0,0,708
SSC20843,21,0,0,0,0,0,0,18
SSC20844,46,8,3,0,0,0,0,55
SSC20845,13,3,0,0,0,0,0,18
SSC20846,31,8,0,0,0,0,0,36
SSC20847,7,0,0,0,0,0,0,7
SSC20848,6,0,0,0,0,0,0,6
SSC20849,5,0,3,0,0,0,0,7
SSC20850,0,0,0,0,0,0,0,0
SSC20851,18,3,4,0,0,0,0,22
SSC20852,16,0,0,0,0,0,0,17
SSC20853,340,28,15,3,0,0,0,393
SSC20854,27,0,0,0,0,0,0,28
SSC20855,14,0,0,0,0,0,0,11
SSC20856,58,5,0,0,0,0,0,65
SSC20857,44,3,3,0,0,0,0,52
SSC20858,1146,54,12,7,0,0,0,1219
SSC20859,2592,161,44,15,0,0,5,2814
SSC20860,1109,54,29,7,0,0,0,1195
SSC20861,1183,73,19,7,0,0,0,1288
SSC20862,696,56,30,3,0,0,7,783
SSC20863,0,0,0,0,0,0,0,0
SSC20864,49,0,0,0,0,0,0,52
SSC20865,3297,157,76,52,5,0,10,3599
SSC20866,61,5,3,0,0,0,0,73
SSC20867,3,0,0,0,0,0,0,3
SSC20868,0,0,0,0,0,0,0,0
SSC20869,9,0,0,0,0,0,0,9
SSC20870,3,0,0,0,0,0,0,3
SSC20871,75,3,4,0,0,0,0,87
SSC20872,4377,189,120,90,5,0,15,4797
SSC20873,453,51,29,3,0,0,0,547
SSC20874,9,0,0,0,0,0,0,9
SSC20875,13,3,0,0,0,0,0,20
SSC20876,0,0,0,0,0,0,0,0
SSC20877,13,0,0,0,0,0,0,16
SSC20878,0,0,0,0,0,0,0,0
SSC20879,2500,98,35,9,0,0,3,2643
SSC20880,0,0,0,0,0,0,0,0
SSC20881,293,13,5,0,0,0,0,312
SSC20882,176,15,5,0,0,0,0,190
SSC20883,166,16,7,3,0,0,0,199
SSC20884,8,0,0,0,0,0,0,9
SSC20885,44,0,0,0,0,0,0,42
SSC20886,217,18,9,0,0,0,0,247
SSC20887,14,3,0,0,0,0,0,17
SSC20888,8,0,0,0,0,0,0,12
SSC20889,0,0,0,0,0,0,0,0
SSC20890,15,0,0,0,0,0,0,21
SSC20891,15,0,0,0,0,0,0,18
SSC20892,18,0,0,0,0,0,0,16
SSC20893,408,26,21,0,0,0,0,454
SSC20894,5,0,0,0,0,0,0,5
SSC20895,649,31,13,0,0,0,0,694
SSC20896,28,0,0,0,0,0,0,26
SSC20897,3,0,0,0,0,0,0,3
SSC20898,7,0,0,0,0,0,0,11
SSC20899,0,0,0,0,0,0,0,0
SSC20900,14,0,0,0,0,0,0,17
SSC20901,15,0,0,0,0,0,0,17
SSC20902,8,0,0,0,0,0,0,6
SSC20903,1655,48,37,27,0,0,0,1765
SSC20904,4,0,0,0,0,0,0,3
SSC20905,0,0,0,0,0,0,0,0
SSC20906,10,0,0,0,0,0,0,16
SSC20907,8,5,0,0,0,0,0,12
SSC20908,8,0,0,0,0,0,0,8
SSC20909,0,0,0,0,0,0,0,0
SSC20910,0,0,0,0,0,0,0,0
SSC20911,3039,245,123,25,7,3,6,3448
SSC20912,180,13,10,0,0,0,0,205
SSC20913,5,0,0,0,0,0,0,5
SSC20914,54,9,0,0,0,0,0,58
SSC20915,86,0,4,0,0,0,0,86
SSC20916,3,0,0,0,0,0,0,3
SSC20917,0,0,0,0,0,0,0,0
SSC20918,494,33,11,0,0,0,0,546
SSC20919,914,65,13,6,0,0,0,998
SSC20920,8,3,0,0,0,0,0,14
SSC20921,9,0,0,0,0,0,0,12
SSC20922,0,0,0,0,0,0,0,0
SSC20923,542,17,17,5,0,0,4,589
SSC20924,75,5,0,0,0,0,0,81
SSC20925,260,18,13,0,0,0,4,294
SSC20926,49,7,3,0,0,0,0,62
SSC20927,21,3,4,0,0,0,0,29
SSC20928,0,0,0,0,0,0,0,0
SSC20929,1104,57,16,15,0,0,5,1201
SSC20930,11,3,0,0,0,0,0,14
SSC20931,1278,75,14,17,0,0,0,1388
SSC20932,31,0,3,0,0,0,0,32
SSC20933,15,0,0,0,0,0,0,15
SSC20934,122,10,5,0,0,0,0,144
SSC20935,14,0,0,0,0,0,0,13
SSC20936,7,0,0,0,0,0,0,7
SSC20937,4,0,0,0,0,0,0,4
SSC20938,12,0,0,0,0,0,0,12
SSC20939,0,0,0,0,0,0,0,3
SSC20940,5,0,0,0,0,0,0,7
SSC20941,2740,310,178,30,7,5,22,3283
SSC20942,330,41,33,16,0,0,3,431
SSC20943,2151,194,81,18,3,0,3,2448
SSC20944,14,0,0,0,0,0,0,14
SSC20945,9,3,0,0,0,0,0,9
SSC20946,0,0,0,0,0,0,0,0
SSC20947,51,4,0,0,0,0,0,59
SSC20948,17,3,0,0,0,0,0,24
SSC20949,16,0,3,0,0,0,0,23
SSC20950,0,0,0,0,0,0,0,0
SSC20951,4,0,0,0,0,0,0,6
SSC20952,3,0,0,0,0,0,0,6
SSC20953,12,5,0,0,0,0,0,16
SSC20954,0,0,0,0,0,0,0,0
SSC20955,9,0,0,0,0,0,0,9
SSC20956,9,0,0,0,0,0,0,10
SSC20957,17,3,3,0,0,0,0,18
SSC20958,94,3,3,0,0,0,0,102
SSC20959,214,13,6,3,0,0,0,233
SSC20960,25,0,0,0,0,0,0,25
SSC20961,15,0,3,0,0,0,0,17
SSC20962,35,0,0,0,0,0,0,34
SSC20963,0,0,0,0,0,0,0,0
SSC20964,3,0,0,0,0,0,0,3
SSC20965,7,0,0,0,0,0,0,7
SSC20966,378,22,4,3,0,0,0,413
SSC20967,657,29,16,0,0,0,4,705
SSC20968,0,0,0,0,0,0,0,0
SSC20969,22,0,0,0,0,0,0,26
SSC20970,0,0,0,0,0,0,0,0
SSC20971,0,0,0,0,0,0,0,0
SSC20972,292,26,16,3,0,0,0,334
SSC20973,3,0,0,0,0,0,0,3
SSC20974,0,0,0,0,0,0,0,0
SSC20975,3,3,0,0,0,0,0,9
SSC20976,4,0,0,0,0,0,0,4
SSC20977,9,0,0,0,0,0,0,7
SSC20978,8,4,0,0,0,0,0,14
SSC20979,0,0,0,0,0,0,0,0
SSC20980,0,0,0,0,0,0,0,0
SSC20981,7,0,0,0,0,0,0,7
SSC20982,48,6,0,0,0,0,0,55
SSC20983,19,0,0,0,0,0,0,19
SSC20984,3,0,0,0,0,0,0,3
SSC20985,4,0,0,0,0,0,0,3
SSC20986,8,0,0,0,0,0,0,8
SSC20987,0,0,0,0,0,0,0,0
SSC20988,3,0,0,0,0,0,0,3
SSC20989,11,0,0,0,0,0,0,11
SSC20990,0,0,0,0,0,0,0,0
SSC20991,0,0,0,0,0,0,0,0
SSC20992,50,6,4,0,0,0,0,59
SSC20993,10,0,0,0,0,0,0,11
SSC20994,1193,60,37,3,0,0,3,1293
SSC20995,112,12,0,3,0,0,0,123
SSC20996,3,0,0,0,0,0,0,3
SSC20997,945,45,28,13,0,0,4,1037
SSC20998,54,3,3,0,0,0,0,61
SSC20999,20,3,0,0,0,0,0,25
SSC21000,4,0,0,0,0,0,0,4
SSC21001,8,0,0,0,0,0,0,8
SSC21002,502,20,4,0,0,0,0,531
SSC21003,3361,123,41,23,0,0,0,3556
SSC21004,14,0,0,0,0,0,0,16
SSC21005,0,0,0,0,0,0,0,0
SSC21006,5538,206,71,82,9,0,8,5913
SSC21007,0,0,0,0,0,0,0,0
SSC21008,0,0,0,0,0,0,0,0
SSC21009,7,0,0,0,0,0,0,5
SSC21010,0,0,0,0,0,0,0,0
SSC21011,11,3,3,0,0,0,0,21
SSC21012,0,0,0,0,0,0,0,0
SSC21013,37,0,3,0,0,0,0,38
SSC21014,4,0,0,0,0,0,0,4
SSC21015,0,0,0,0,0,0,0,0
SSC21016,0,0,0,0,0,0,0,0
SSC21017,19,0,0,0,0,0,0,17
SSC21018,144,8,12,0,0,0,0,162
SSC21019,21,5,0,0,0,0,0,25
SSC21020,16,0,0,0,0,0,0,18
SSC21021,0,0,0,0,0,0,0,0
SSC21022,3,0,0,0,0,0,0,5
SSC21023,0,0,0,0,0,0,0,0
SSC21024,5,0,0,0,0,0,0,5
SSC21025,11,0,0,0,0,0,0,11
SSC21026,3,0,0,0,0,0,0,4
SSC21027,3,0,0,0,0,0,0,3
SSC21028,0,0,0,0,0,0,0,0
SSC21029,0,0,0,0,0,0,0,0
SSC21030,3,0,0,0,0,0,0,3
SSC21031,35,7,0,0,0,0,0,43
SSC21032,24,0,3,0,0,0,0,26
SSC21033,4,0,0,0,0,0,0,8
SSC21034,14,0,0,0,0,0,0,14
SSC21035,8,0,0,0,0,0,0,8
SSC21036,9,0,0,0,0,0,0,9
SSC21037,3,0,0,0,0,0,0,3
SSC21038,107,10,6,3,0,0,0,127
SSC21039,4,0,0,0,0,0,0,6
SSC21040,2318,99,57,21,5,0,4,2503
SSC21041,18,3,0,0,0,0,0,18
SSC21042,0,0,0,0,0,0,0,0
SSC21043,35,3,0,0,0,0,0,38
SSC21044,9,0,0,0,0,0,0,15
SSC21045,8,0,0,0,0,0,0,8
SSC21046,3,0,0,0,0,0,0,3
SSC21047,8,0,0,0,0,0,0,12
SSC21048,20,0,0,0,0,0,0,23
SSC21049,149,5,9,4,0,0,5,167
SSC21050,11,0,0,0,0,0,0,11
SSC21051,712,61,46,0,3,0,4,824
SSC21052,27,0,0,0,0,0,0,26
SSC21053,3,0,0,0,0,0,0,3
SSC21054,0,0,0,0,0,0,0,0
SSC21055,8,0,0,0,0,0,0,8
SSC21056,7,0,0,0,0,0,0,7
SSC21057,11,0,0,0,0,0,0,13
SSC21058,0,0,0,0,0,0,0,0
SSC21059,12,0,0,0,0,0,0,16
SSC21060,7,0,0,0,0,0,0,8
SSC21061,28,0,0,0,0,0,0,29
SSC21062,68,13,7,0,0,0,0,88
SSC21063,4,0,0,0,0,0,0,4
SSC21064,19,4,0,0,0,0,0,27
SSC21065,30,3,0,0,0,0,0,31
SSC21066,117,10,5,4,0,0,0,143
SSC21067,42,0,0,0,0,0,0,40
SSC21068,26,0,0,0,0,0,0,24
SSC21069,3,0,0,0,0,0,0,3
SSC21070,9,0,0,0,0,0,0,17
SSC21071,11,0,0,0,0,0,0,11
SSC21072,377,11,14,0,0,0,0,409
SSC21073,0,0,0,0,0,0,0,0
SSC21074,3,0,0,0,0,0,0,3
SSC21075,3,0,0,0,0,0,0,3
SSC21076,10,0,0,0,0,0,0,11
SSC21077,84,0,0,0,0,0,0,86
SSC21078,0,0,0,0,0,0,0,0
SSC21079,0,0,0,0,0,0,0,0
SSC21080,27,0,0,0,0,0,0,26
SSC21081,52,8,4,0,0,0,3,69
SSC21082,6,0,3,0,0,0,0,10
SSC21083,0,0,0,0,0,0,0,0
SSC21084,51,3,0,0,0,0,0,59
SSC21085,0,0,0,0,0,0,0,0
SSC21086,0,0,0,0,0,0,0,3
SSC21087,3,0,0,0,0,0,0,3
SSC21088,5,0,0,0,0,0,0,5
SSC21089,0,0,0,0,0,0,0,0
SSC21090,35,9,0,0,0,0,0,44
SSC21091,3,0,0,0,0,0,0,3
SSC21092,3,0,0,0,0,0,0,3
SSC21093,71,0,3,0,0,0,0,83
SSC21094,3,3,0,0,0,0,0,9
SSC21095,3,0,0,0,0,0,0,6
SSC21096,2718,149,76,10,4,0,0,2961
SSC21097,2478,92,57,19,0,0,6,2657
SSC21098,4,0,0,0,0,0,0,4
SSC21099,13,0,0,0,0,0,0,13
SSC21100,7,0,0,0,0,0,0,7
SSC21101,13,0,0,0,0,0,0,18
SSC21102,13,0,0,0,0,0,0,13
SSC21103,0,0,0,0,0,0,0,0
SSC21104,4,0,0,0,0,0,0,4
SSC21105,5,0,0,0,0,0,0,5
SSC21106,1365,101,55,13,5,0,4,1556
SSC21107,117,12,4,0,0,0,0,132
SSC21108,24,0,3,0,0,0,0,26
SSC21109,50,5,3,0,0,0,0,55
SSC21110,28,0,0,0,0,0,0,27
SSC21111,0,0,0,0,0,0,0,0
SSC21112,0,0,0,0,0,0,0,0
SSC21113,60,0,0,0,0,0,0,69
SSC21114,5,0,0,0,0,0,0,6
SSC21115,145,13,8,0,0,0,0,158
SSC21116,615,31,13,9,0,0,0,663
SSC21117,1296,89,47,31,3,0,8,1466
SSC21118,12,0,0,0,0,0,0,18
SSC21119,34,0,0,0,0,0,0,34
SSC21120,13,3,0,0,0,0,0,12
SSC21121,853,55,39,8,0,0,7,966
SSC21122,632,32,17,4,0,0,3,691
SSC21123,1854,100,29,6,0,0,0,1991
SSC21124,506,32,16,0,0,0,3,550
SSC21125,3233,178,105,92,7,7,12,3641
SSC21126,14,3,0,0,0,0,0,13
SSC21127,6,0,0,0,0,0,0,12
SSC21128,12,0,0,0,0,0,0,12
SSC21129,91,9,7,0,0,0,0,105
SSC21130,30,0,0,0,0,0,0,29
SSC21131,122,9,0,3,0,0,3,131
SSC21132,0,0,0,0,0,0,0,0
SSC21133,33,3,3,0,0,0,0,38
SSC21134,14,0,0,0,0,0,0,19
SSC21135,16,4,0,0,0,0,0,24
SSC21136,713,108,66,18,0,0,3,913
SSC21137,0,0,0,0,0,0,0,3
SSC21138,4,0,0,0,0,0,0,7
SSC21139,178,12,4,0,0,0,3,197
SSC21140,4,0,0,0,0,0,0,4
SSC21141,41,3,0,0,0,0,0,42
SSC21142,0,0,0,0,0,0,0,0
SSC21143,2023,103,30,10,0,0,0,2167
SSC21144,1474,53,17,7,0,0,3,1564
SSC21145,3,0,0,0,0,0,0,3
SSC21146,14,3,0,0,0,0,0,20
SSC21147,194,15,5,4,0,0,0,216
SSC21148,41,3,0,0,0,0,0,39
SSC21149,677,76,41,4,0,0,3,803
SSC21150,13,0,0,0,0,0,0,15
SSC21151,160,24,12,3,0,0,0,199
SSC21152,111,5,9,0,0,0,0,131
SSC21153,0,0,0,0,0,0,0,0
SSC21154,367,26,20,3,0,0,0,420
SSC21155,25,0,0,0,0,0,0,21
SSC21156,1244,71,26,11,0,0,0,1367
SSC21157,7,0,0,0,0,0,0,12
SSC21158,720,28,14,4,0,0,0,760
SSC21159,544,36,12,0,0,0,0,606
SSC21160,409,24,22,11,0,0,9,466
SSC21161,4,0,0,0,0,0,0,4
SSC21162,3,0,0,0,0,0,0,3
SSC21163,49,0,0,0,0,0,0,55
SSC21164,19,0,0,0,0,0,0,17
SSC21165,298,19,6,0,0,0,0,330
SSC21166,38,0,5,0,0,0,0,45
SSC21167,19,0,3,0,0,0,0,18
SSC21168,0,0,0,0,0,0,0,6
SSC21169,15,0,0,0,0,0,0,16
SSC21170,167,12,12,0,0,0,0,196
SSC21171,6,0,0,0,0,0,0,6
SSC21172,120,14,14,0,0,0,3,148
SSC21173,3,0,0,0,0,0,0,3
SSC21174,0,0,0,0,0,0,0,0
SSC21175,9,3,3,0,0,0,0,15
SSC21176,1246,55,27,9,0,0,0,1342
SSC21177,5,0,0,0,0,0,0,6
SSC21178,2263,128,62,12,0,0,3,2472
SSC21179,3,0,0,0,0,0,0,3
SSC21180,18,0,0,0,0,0,0,19
SSC21181,11,3,0,0,0,0,0,10
SSC21182,36,4,4,0,0,0,0,40
SSC21183,18,0,0,0,0,0,0,23
SSC21184,2623,126,79,22,0,0,3,2850
SSC21185,5,0,0,0,0,0,0,5
SSC21186,31,4,6,0,0,0,0,42
SSC21187,74,9,0,0,0,0,0,85
SSC21188,0,0,0,0,0,0,0,0
SSC21189,0,0,0,0,0,0,0,4
SSC21190,4,0,0,0,0,0,0,7
SSC21191,3,0,0,0,0,0,0,3
SSC21192,45,3,3,0,0,0,0,50
SSC21193,127,9,6,0,0,0,0,140
SSC21194,4773,302,185,70,9,5,22,5365
SSC21195,9,0,0,0,0,0,0,9
SSC21196,16,0,0,0,0,0,0,16
SSC21197,1156,100,99,7,3,0,14,1379
SSC21198,0,0,0,0,0,0,0,0
SSC21199,7,0,0,0,0,0,0,7
SSC21200,13,0,0,0,0,0,0,13
SSC21201,0,0,0,0,0,0,0,0
SSC21202,7,0,0,0,0,0,0,8
SSC21203,0,0,0,0,0,0,0,0
SSC21204,3,0,0,0,0,0,0,3
SSC21205,917,32,12,6,0,0,0,974
SSC21206,34,0,0,0,0,0,0,34
SSC21207,8,0,0,0,0,0,0,8
SSC21208,3,0,0,0,0,0,0,3
SSC21209,215,7,0,3,0,0,3,224
SSC21210,250,30,19,5,0,0,0,309
SSC21211,6,0,0,0,0,0,0,6
SSC21212,29,0,0,0,0,0,0,36
SSC21213,11,0,0,0,0,0,0,14
SSC21214,474,35,11,6,0,0,0,525
SSC21215,0,0,0,0,0,0,0,0
SSC21216,0,0,0,0,0,0,0,0
SSC21217,0,0,0,0,0,0,0,3
SSC21218,11,0,0,0,0,0,0,12
SSC21219,37,8,0,0,0,0,0,49
SSC21220,88,5,0,0,3,0,0,95
SSC21221,44,0,0,0,0,0,0,45
SSC21222,53,6,3,0,0,0,0,61
SSC21223,3,0,0,0,0,0,0,3
SSC21224,58,3,0,0,0,0,0,63
SSC21225,204,12,7,0,0,0,0,224
SSC21226,416,17,21,7,0,0,0,454
SSC21227,113,7,0,0,0,0,0,118
SSC21228,222,12,10,0,0,0,0,239
SSC21229,29,0,0,0,0,0,0,32
SSC21230,13,0,0,0,0,0,0,13
SSC21231,3,0,0,0,0,0,0,3
SSC21232,84,7,3,0,0,0,0,89
SSC21233,40,4,0,0,0,0,0,41
SSC21234,9,0,3,0,0,0,0,14
SSC21235,9,0,0,0,0,0,0,9
SSC21236,599,40,18,12,0,0,5,680
SSC21237,1524,63,19,8,0,0,3,1621
SSC21238,546,29,3,3,0,0,0,582
SSC21239,197,12,6,4,0,0,0,225
SSC21240,19,3,0,0,0,0,0,22
SSC21241,81,15,22,0,0,0,0,119
SSC21242,0,0,0,0,0,0,0,0
SSC21243,3,0,0,0,0,0,0,3
SSC21244,12,0,3,0,0,0,0,21
SSC21245,474,21,10,0,0,0,0,508
SSC21246,3,0,0,0,0,0,0,3
SSC21247,25,0,0,0,0,0,0,25
SSC21248,4,0,0,0,0,0,0,4
SSC21249,10,0,0,0,0,0,0,9
SSC21250,6,0,0,0,0,0,0,7
SSC21251,3,0,0,0,0,0,0,9
SSC21252,61,8,0,0,0,0,0,67
SSC21253,6,0,0,0,0,0,0,11
SSC21254,4,0,0,0,0,0,0,4
SSC21255,0,0,0,0,0,0,0,0
SSC21256,27,0,0,0,0,0,3,34
SSC21257,0,0,0,0,0,0,0,0
SSC21258,0,0,0,0,0,0,0,0
SSC21259,3,0,0,0,0,0,0,3
SSC21260,60,3,0,0,0,0,0,67
SSC21261,3,0,0,0,0,0,0,3
SSC21262,3,0,0,0,0,0,0,3
SSC21263,3,0,0,0,0,0,0,3
SSC21264,32,0,0,0,0,0,0,32
SSC21265,0,0,0,0,0,0,0,0
SSC21266,4,0,0,0,0,0,0,3
SSC21267,15,0,0,0,0,0,0,10
SSC21268,60,3,4,0,0,0,0,77
SSC21269,27,0,3,0,0,0,0,31
SSC21270,0,0,0,0,0,0,0,0
SSC21271,434,23,16,0,0,0,0,475
SSC21272,10,0,0,0,0,0,0,10
SSC21273,3,0,0,0,0,0,0,3
SSC21274,85,11,8,0,0,0,0,103
SSC21275,8,0,0,0,0,0,0,8
SSC21276,11,0,0,0,0,0,0,11
SSC21277,9,0,0,0,0,0,0,11
SSC21278,179,15,4,0,0,0,0,202
SSC21279,135,21,4,4,0,0,0,166
SSC21280,4,0,0,0,0,0,0,4
SSC21281,10,0,0,0,0,0,0,10
SSC21282,3,0,0,0,0,0,0,4
SSC21283,0,0,0,0,0,0,0,0
SSC21284,12,0,0,0,0,0,0,12
SSC21285,791,85,64,6,3,0,4,949
SSC21286,140,4,4,4,0,0,0,156
SSC21287,67,3,3,0,0,0,0,70
SSC21288,4,0,0,0,0,0,0,4
SSC21289,3,0,0,0,0,0,0,3
SSC21290,3,0,0,0,0,0,0,6
SSC21291,3,0,0,0,0,0,0,3
SSC21292,24,0,0,0,0,0,0,29
SSC21293,17,0,0,0,0,0,0,15
SSC21294,7,0,0,0,0,0,0,11
SSC21295,0,0,0,0,0,0,0,0
SSC21296,9,0,0,0,0,0,0,9
SSC21297,3,0,0,0,0,0,0,3
SSC21298,34,3,0,0,0,0,0,37
SSC21299,4,0,0,0,0,0,0,4
SSC21300,7,3,0,0,0,0,0,14
SSC21301,48,8,3,0,0,0,0,63
SSC21302,114,10,6,0,0,0,0,128
SSC21303,6,0,0,0,0,0,0,10
SSC21304,381,14,14,8,0,0,0,420
SSC21305,5,0,0,0,0,0,0,9
SSC21306,769,41,14,6,0,0,0,833
SSC21307,1253,49,31,14,0,0,7,1348
SSC21308,1818,96,42,13,3,0,5,1981
SSC21309,245,16,0,0,0,0,0,259
SSC21310,13,0,0,0,0,0,0,10
SSC21311,305,12,10,3,0,0,0,330
SSC21312,0,0,0,0,0,0,0,0
SSC21313,4,0,0,0,0,0,0,4
SSC21314,0,0,0,0,0,0,0,0
SSC21315,0,0,0,0,0,0,0,0
SSC21316,4,0,0,0,0,0,0,4
SSC21317,5,0,0,0,0,0,0,5
SSC21318,411,31,22,3,0,0,4,475
SSC21319,899,46,4,3,0,0,0,955
SSC21320,310,14,19,4,0,0,0,351
SSC21321,7,0,0,0,0,0,0,7
SSC21322,24,0,0,0,0,0,0,27
SSC21323,9,0,0,0,0,0,0,9
SSC21324,17,0,0,0,0,0,0,18
SSC21325,7,0,0,0,0,0,0,12
SSC21326,3,3,0,0,0,0,0,9
SSC21327,0,0,0,0,0,0,0,0
SSC21328,2804,118,42,19,0,0,4,2990
SSC21329,925,25,14,0,0,0,0,973
SSC21330,4,0,0,0,0,0,0,4
SSC21331,3577,163,82,89,7,6,12,3929
SSC21332,852,55,29,3,0,0,5,949
SSC21333,15,4,0,0,0,0,0,18
SSC21334,55,0,0,0,0,0,0,64
SSC21335,4,0,0,0,0,0,0,9
SSC21336,63,3,0,0,0,0,0,63
SSC21337,37,4,0,0,0,0,0,38
SSC21338,0,0,0,0,0,0,0,0
SSC21339,71,4,7,0,0,0,0,85
SSC21340,23,0,0,0,0,0,0,27
SSC21341,56,0,0,3,0,0,0,61
SSC21342,3,3,3,0,0,0,0,11
SSC21343,20,0,0,0,0,0,0,17
SSC21344,789,82,35,6,0,0,8,925
SSC21345,50,4,0,0,0,0,0,51
SSC21346,1058,88,58,16,0,0,8,1227
SSC21347,441,28,16,5,0,0,0,495
SSC21348,0,0,0,0,0,0,0,6
SSC21349,10,3,0,0,0,0,0,12
SSC21350,160,17,10,0,0,0,0,192
SSC21351,39,3,0,0,0,0,0,43
SSC21352,139,16,10,0,0,0,0,160
SSC21353,3,0,0,0,0,0,0,3
SSC21354,865,57,27,22,0,0,6,982
SSC21355,291,11,5,4,0,0,0,316
SSC21356,17,3,3,0,0,0,0,20
SSC21357,451,17,12,0,0,0,0,475
SSC21358,3,0,0,0,0,0,0,3
SSC21359,0,0,0,0,0,0,0,0
SSC21360,39,3,0,0,0,0,0,42
SSC21361,5,0,0,0,0,0,0,11
SSC21362,3,0,0,0,0,0,0,3
SSC21363,0,0,0,0,0,0,0,0
SSC21364,0,0,0,0,0,0,0,0
SSC21365,15,0,0,0,0,0,0,18
SSC21366,899,68,22,8,0,0,0,1002
SSC21367,3,0,0,0,0,0,0,3
SSC21368,0,0,0,0,0,0,0,0
SSC21369,19,0,0,0,0,0,0,19
SSC21370,17,3,0,0,0,0,0,18
SSC21371,3,0,0,0,0,0,0,3
SSC21372,366,51,36,7,0,0,0,464
SSC21373,4,0,0,0,0,0,0,3
SSC21374,4,0,0,0,0,0,0,4
SSC21375,0,0,0,0,0,0,0,0
SSC21376,73,5,0,0,0,0,3,84
SSC21377,33,3,3,0,0,0,0,31
SSC21378,48,0,3,0,0,0,0,48
SSC21379,7,0,0,0,0,0,0,7
SSC21380,46,8,3,0,0,0,0,52
SSC21381,14,0,0,0,0,0,0,13
SSC21382,3,0,0,0,0,0,0,3
SSC21383,0,0,0,0,0,0,0,0
SSC21384,15,0,0,0,0,0,0,15
SSC21385,82,11,3,0,0,0,0,90
SSC21386,3,0,0,0,0,0,0,8
SSC21387,7,0,0,0,0,0,0,7
SSC21388,207,13,4,0,0,0,0,233
SSC21389,8,0,0,0,0,0,0,8
SSC21390,7,3,0,0,0,0,0,6
SSC21391,361,35,27,3,0,0,0,424
SSC21392,13,0,0,0,0,0,0,12
SSC21393,14,0,3,0,0,0,0,19
SSC21394,8,0,0,0,0,0,0,10
SSC21395,10,0,0,0,0,0,0,10
SSC21396,32,3,0,0,0,0,0,35
SSC21397,9,0,0,0,0,0,0,13
SSC21398,0,0,0,0,0,0,0,0
SSC21399,3,0,0,0,0,0,0,3
SSC21400,0,0,0,0,0,0,0,0
SSC21401,3,0,0,0,0,0,0,3
SSC21402,3,0,0,0,0,0,0,3
SSC21403,1050,95,68,22,4,0,7,1240
SSC21404,665,53,31,4,0,0,0,753
SSC21405,8,0,0,0,0,0,0,8
SSC21406,625,47,25,3,0,0,5,709
SSC21407,12,3,0,0,0,0,0,16
SSC21408,33,0,3,0,0,0,0,40
SSC21409,16,0,0,0,0,0,0,14
SSC21410,13,3,0,0,0,0,0,16
SSC21411,44,7,4,0,0,0,0,48
SSC21412,28,0,0,0,0,0,0,29
SSC21413,9,0,0,0,0,0,0,9
SSC21414,0,0,0,0,0,0,0,0
SSC21415,0,0,0,0,0,0,0,4
SSC21416,8,0,0,0,0,0,0,8
SSC21417,25,0,0,0,0,0,0,26
SSC21418,86,11,3,3,0,0,0,101
SSC21419,29,0,0,3,0,0,0,34
SSC21420,32,4,0,0,0,0,0,34
SSC21421,24,3,0,0,0,0,0,28
SSC21422,0,0,0,0,0,0,0,0
SSC21423,0,0,0,0,0,0,0,0
SSC21424,0,0,0,0,0,0,0,0
SSC21425,7,0,0,0,0,0,0,7
SSC21426,171,16,4,0,0,0,0,196
SSC21427,3,0,0,0,0,0,0,4
SSC21428,3,0,0,0,0,0,0,6
SSC21429,4,0,0,0,0,0,0,4
SSC21430,3,0,0,0,0,0,0,3
SSC21431,0,0,0,0,0,0,0,0
SSC21432,3,0,0,0,0,0,0,3
SSC21433,8,0,0,0,0,0,0,6
SSC21434,4,0,0,3,0,0,0,3
SSC21435,54,3,5,0,0,0,0,62
SSC21436,0,0,0,0,0,0,0,0
SSC21437,0,0,0,0,0,0,0,0
SSC21438,251,20,6,0,0,0,0,279
SSC21439,0,0,0,0,0,0,0,0
SSC21440,316,34,14,0,0,0,8,372
SSC21441,57,3,0,0,0,0,0,61
SSC21442,20,0,0,0,0,0,0,20
SSC21443,2640,94,54,53,3,0,8,2846
SSC21444,4,0,0,0,0,0,0,4
SSC21445,48,0,0,0,0,0,0,54
SSC21446,19,0,0,0,0,0,0,17
SSC21447,259,14,11,0,0,0,3,295
SSC21448,9,3,0,0,0,0,0,14
SSC21449,5,0,0,0,0,0,0,3
SSC21450,153,21,16,0,0,0,0,196
SSC21451,11,0,0,0,0,0,0,10
SSC21452,0,0,0,0,0,0,0,0
SSC21453,3,0,0,0,0,0,0,3
SSC21454,0,0,0,0,0,0,0,0
SSC21455,15,0,3,0,0,0,0,15
SSC21456,4,0,0,0,0,0,0,6
SSC21457,3,3,0,0,0,0,0,12
SSC21458,2605,260,148,26,5,0,11,3053
SSC21459,177,12,6,3,0,0,0,203
SSC21460,1789,174,99,21,4,0,9,2091
SSC21461,13,0,0,0,0,0,0,14
SSC21462,19,3,0,0,0,0,0,26
SSC21463,12,0,0,0,0,0,0,12
SSC21464,273,29,13,0,0,0,0,319
SSC21465,27,0,0,0,0,0,0,26
SSC21466,10,0,0,0,0,0,0,10
SSC21467,446,25,11,9,0,0,0,496
SSC21468,0,0,0,0,0,0,0,0
SSC21469,3,0,0,0,0,0,0,3
SSC21470,3,0,0,0,0,0,0,3
SSC21471,3,0,0,0,0,0,0,3
SSC21472,0,0,0,0,0,0,0,0
SSC21473,38,6,3,0,0,0,0,39
SSC21474,5,3,0,0,0,0,0,8
SSC21475,20,0,0,0,0,0,0,24
SSC21476,5,0,0,0,0,0,0,5
SSC21477,46,0,0,0,0,0,0,55
SSC21478,32,0,0,0,0,0,0,32
SSC21479,115,3,13,0,0,0,0,133
SSC21480,5,0,0,0,0,0,0,5
SSC21481,488,46,29,0,0,0,3,568
SSC21482,16,0,0,0,0,0,0,16
SSC21483,80,8,0,0,0,0,0,87
SSC21484,1348,149,77,11,0,0,3,1591
SSC21485,0,0,0,0,0,0,0,0
SSC21486,13,0,0,0,0,0,0,13
SSC21487,122,8,7,3,0,0,0,147
SSC21488,17,0,0,0,0,0,0,18
SSC21489,0,0,0,0,0,0,0,0
SSC21490,0,0,0,0,0,0,0,0
SSC21491,6,0,0,0,0,0,0,7
SSC21492,0,0,0,0,0,0,0,0
SSC21493,12,0,0,0,0,0,0,10
SSC21494,8,0,0,0,0,0,0,8
SSC21495,1850,172,70,15,8,0,6,2117
SSC21496,6,0,0,0,0,0,0,11
SSC21497,9,0,0,0,0,0,0,8
SSC21498,6,3,0,0,0,0,0,9
SSC21499,11,0,0,0,0,0,0,11
SSC21500,45,0,3,0,0,0,0,46
SSC21501,42,3,3,0,0,0,0,47
SSC21502,0,0,0,0,0,0,0,0
SSC21503,4,0,0,0,0,0,0,4
SSC21504,0,0,0,0,0,0,0,0
SSC21505,39,3,3,3,0,0,0,50
SSC21506,3,0,0,0,0,0,0,3
SSC21507,29,7,3,0,0,0,0,36
SSC21508,5,0,0,0,0,0,0,5
SSC21509,0,0,0,0,0,0,0,0
SSC21510,6,0,0,0,0,0,0,6
SSC21511,148,15,0,0,0,0,0,169
SSC21512,3,0,0,0,0,0,0,3
SSC21513,4,0,0,0,0,0,0,4
SSC21514,58,7,3,0,0,0,0,68
SSC21515,18,3,3,0,0,0,3,24
SSC21516,0,0,0,0,0,0,0,0
SSC21517,69,6,7,0,0,0,0,82
SSC21518,8,0,0,0,0,0,0,16
SSC21519,97,8,3,0,0,0,0,112
SSC21520,124,4,9,0,0,0,0,134
SSC21521,3,0,0,0,0,0,0,3
SSC21522,10,0,0,0,0,0,0,10
SSC21523,13,0,0,0,0,0,0,13
SSC21524,46,0,0,0,0,0,0,54
SSC21525,204,35,16,6,0,0,3,266
SSC21526,159,16,6,3,0,0,0,185
SSC21527,57,3,4,0,0,0,0,72
SSC21528,171,23,22,4,0,0,3,222
SSC21529,18,3,0,0,0,0,0,22
SSC21530,18,3,0,0,0,0,0,18
SSC21531,3,0,0,0,0,0,0,3
SSC21532,74,0,4,0,0,0,0,81
SSC21533,0,0,0,0,0,0,0,0
SSC21534,306,22,12,0,0,0,0,343
SSC21535,3,0,0,0,0,0,0,3
SSC21536,34,0,4,0,0,0,0,33
SSC21537,452,23,9,5,0,0,0,496
SSC21538,0,0,0,0,0,0,0,0
SSC21539,7,0,0,0,0,0,0,7
SSC21540,127,12,10,5,0,0,0,153
SSC21541,109,10,5,3,0,0,0,125
SSC21542,0,0,0,0,0,0,0,3
SSC21543,18,0,0,0,0,0,0,19
SSC21544,1312,61,28,30,0,0,3,1437
SSC21545,1141,56,33,9,0,0,0,1244
SSC21546,3,0,0,0,0,0,0,3
SSC21547,9,0,0,0,0,0,0,11
SSC21548,1069,48,38,9,0,0,5,1172
SSC21549,157,6,3,0,0,0,0,171
SSC21550,53,0,3,0,0,0,0,55
SSC21551,121,8,4,3,0,0,0,130
SSC21552,258,8,9,3,0,0,0,280
SSC21553,0,0,0,0,0,0,0,3
SSC21554,1178,59,18,15,0,0,3,1276
SSC21555,5,0,3,0,0,0,0,11
SSC21556,0,0,0,0,0,0,0,0
SSC21557,6,0,0,0,0,0,0,6
SSC21558,0,0,0,0,0,0,0,0
SSC21559,380,34,23,3,0,0,0,436
SSC21560,3,0,0,0,0,0,0,3
SSC21561,462,31,32,0,0,0,6,532
SSC21562,9,0,0,0,0,0,0,14
SSC21563,51,0,0,0,0,0,0,56
SSC21564,733,48,30,3,0,0,0,819
SSC21565,812,54,23,6,0,4,3,896
SSC21566,59,3,3,0,0,0,0,69
SSC21567,3,0,0,0,0,0,0,3
SSC21568,47,0,0,0,0,0,0,43
SSC21569,17,0,0,0,0,0,0,20
SSC21570,3,0,0,0,0,0,0,3
SSC21571,3,0,0,0,0,0,0,5
SSC21572,18,3,0,0,0,0,0,21
SSC21573,86,3,7,0,0,0,0,99
SSC21574,61,5,0,0,0,0,0,69
SSC21575,77,4,5,0,0,0,0,85
SSC21576,1147,46,19,3,0,0,0,1221
SSC21577,2685,101,25,16,0,0,3,2834
SSC21578,0,0,0,0,0,0,0,0
SSC21579,18,0,4,0,0,0,0,25
SSC21580,88,3,7,0,0,0,0,93
SSC21581,21,0,3,0,0,0,0,29
SSC21582,14,0,0,0,0,0,0,17
SSC21583,319,15,3,0,0,0,0,346
SSC21584,14,0,0,0,0,0,0,10
SSC21585,10,0,0,0,0,0,0,12
SSC21586,0,0,0,0,0,0,0,0
SSC21587,0,0,0,0,0,0,0,0
SSC21588,437,33,15,5,0,0,0,494
SSC21589,0,0,0,0,0,0,0,0
SSC21590,16,0,0,0,0,0,0,18
SSC21591,21,0,3,0,0,0,0,24
SSC21592,21,0,0,0,0,0,0,24
SSC21593,1305,76,24,19,4,0,3,1421
SSC21594,5,3,0,0,0,0,0,9
SSC21595,24,0,3,0,0,0,0,29
SSC21596,0,0,0,0,0,0,0,0
SSC21597,45,3,0,3,0,0,0,46
SSC21598,11,3,0,0,0,0,0,14
SSC21599,0,0,0,0,0,0,0,0
SSC21600,0,0,0,0,0,0,0,0
SSC21601,169,15,12,0,0,0,0,194
SSC21602,9,0,0,0,0,0,0,5
SSC21603,6,0,0,0,0,0,0,6
SSC21604,139,18,6,4,0,0,0,170
SSC21605,0,0,0,0,0,0,0,0
SSC21606,15,0,0,0,0,0,0,15
SSC21607,497,55,32,3,3,0,7,601
SSC21608,78,4,3,0,0,0,3,88
SSC21609,17,8,0,0,0,0,0,25
SSC21610,5,0,0,0,0,0,0,5
SSC21611,0,0,0,0,0,0,0,0
SSC21612,0,0,0,0,0,0,0,0
SSC21613,33,0,0,0,0,0,0,34
SSC21614,234,23,8,0,0,0,3,273
SSC21615,0,0,0,0,0,0,0,0
SSC21616,18,3,0,0,0,0,0,19
SSC21617,44,7,0,0,0,0,0,47
SSC21618,871,31,13,14,0,0,0,927
SSC21619,3,0,0,0,0,0,0,0
SSC21620,12,0,0,0,0,0,0,12
SSC21621,7,0,0,0,0,0,0,10
SSC21622,7,0,0,0,0,0,0,10
SSC21623,8,0,0,0,0,0,0,14
SSC21624,1880,92,34,32,3,0,10,2048
SSC21625,0,0,0,0,0,0,0,0
SSC21626,68,4,7,0,0,0,0,82
SSC21627,0,0,0,0,0,0,0,0
SSC21628,13,0,0,0,0,0,0,11
SSC21629,1209,60,13,3,0,0,4,1287
SSC21630,0,0,0,0,0,0,0,0
SSC21631,640,71,39,15,0,0,10,769
SSC21632,959,102,77,16,3,0,9,1166
SSC21633,1911,170,125,27,8,3,4,2254
SSC21634,5,0,0,0,0,0,0,5
SSC21635,0,4,0,0,0,0,0,3
SSC21636,4,0,0,0,0,0,0,3
SSC21637,1385,100,26,10,0,0,0,1524
SSC21638,132,10,7,0,0,0,0,148
SSC21639,4,0,0,0,0,0,0,6
SSC21640,8,0,0,0,0,0,0,11
SSC21641,4,0,0,0,0,0,0,12
SSC21642,217,22,12,0,0,0,3,260
SSC21643,43,3,0,0,0,0,0,52
SSC21644,22,0,5,0,0,0,0,24
SSC21645,77,4,5,0,0,0,0,89
SSC21646,7,0,0,0,0,0,0,7
SSC21647,18,0,5,0,0,0,0,21
SSC21648,2191,151,100,18,3,0,5,2464
SSC21649,24,3,0,0,0,0,0,27
SSC21650,4,0,0,0,0,0,0,4
SSC21651,17,0,0,0,0,0,0,18
SSC21652,4,0,0,0,0,0,0,7
SSC21653,51,4,0,0,0,0,0,55
SSC21654,69,0,6,0,0,0,0,82
SSC21655,0,0,0,0,0,0,0,0
SSC21656,28,3,0,0,0,0,0,29
SSC21657,63,0,0,0,0,0,0,66
SSC21658,6,0,0,0,0,0,0,10
SSC21659,7,3,0,0,0,0,0,14
SSC21660,18,3,0,0,0,0,0,21
SSC21661,0,0,0,0,0,0,0,0
SSC21662,81,15,4,0,0,0,0,94
SSC21663,9,0,0,3,0,0,0,10
SSC21664,443,29,11,4,0,0,0,497
SSC21665,0,0,0,0,0,0,0,0
SSC21666,467,27,7,0,0,0,0,502
SSC21667,17,0,0,0,0,0,0,17
SSC21668,19,3,0,0,0,0,0,23
SSC21669,7,0,0,0,0,0,0,7
SSC21670,62,3,6,0,0,0,0,71
SSC21671,2519,248,154,39,10,5,22,2990
SSC21672,4077,202,91,41,5,3,6,4428
SSC21673,17,0,0,0,0,0,0,17
SSC21674,131,11,16,0,0,0,4,162
SSC21675,3,0,0,0,0,0,0,3
SSC21676,5,0,0,0,0,0,0,3
SSC21677,3,0,0,0,0,0,0,3
SSC21678,3,0,0,0,0,0,0,6
SSC21679,3,0,0,0,0,0,0,3
SSC21680,408,32,19,3,0,0,0,466
SSC21681,8,0,0,0,0,0,0,8
SSC21682,16,0,0,0,0,0,0,11
SSC21683,8,0,0,0,0,0,0,11
SSC21684,7,0,0,0,0,0,0,8
SSC21685,4,0,0,0,0,0,0,4
SSC21686,3,0,0,0,0,0,0,3
SSC21687,33,0,0,0,0,0,0,35
SSC21688,0,0,0,0,0,0,0,0
SSC21689,0,0,0,0,0,0,0,0
SSC21690,4,0,0,0,0,0,0,3
SSC21691,25,0,0,0,0,0,0,30
SSC21692,200,17,7,3,0,0,3,230
SSC21693,3,0,0,0,0,0,0,3
SSC21694,1999,86,35,9,3,0,4,2147
SSC21695,83,6,6,0,0,0,0,101
SSC21696,7,0,0,0,0,0,0,7
SSC21697,5,0,0,0,0,0,0,12
SSC21698,7,0,0,0,0,0,0,7
SSC21699,15,0,0,0,0,0,0,15
SSC21700,0,0,0,0,0,0,0,0
SSC21701,8,0,0,0,0,0,0,8
SSC21702,17,3,0,0,0,0,0,24
SSC21703,36,3,0,0,0,0,0,39
SSC21704,576,62,44,10,0,0,5,694
SSC21705,64,3,3,0,0,0,4,72
SSC21706,9,0,0,0,0,0,0,9
SSC21707,3,0,0,0,0,0,0,3
SSC21708,0,0,0,0,0,0,0,0
SSC21709,5,0,0,0,0,0,0,10
SSC21710,3,0,0,0,0,0,0,7
SSC21711,3,0,0,0,0,0,0,3
SSC21712,5,0,0,0,0,0,0,7
SSC21713,3,0,0,0,0,0,0,3
SSC21714,16,0,0,0,0,0,0,15
SSC21715,395,38,26,3,0,0,0,457
SSC21716,24,3,0,0,0,0,0,32
SSC21717,3,0,0,0,0,0,0,3
SSC21718,0,0,0,0,0,0,0,0
SSC21719,5,0,0,0,0,0,0,10
SSC21720,664,27,8,0,0,0,0,691
SSC21721,759,23,13,7,0,0,3,809
SSC21722,7,0,0,0,0,0,0,7
SSC21723,1098,58,17,8,0,0,4,1182
SSC21724,780,85,24,16,3,0,4,912
SSC21725,121,3,6,3,0,0,0,129
SSC21726,0,0,0,0,0,0,0,0
SSC21727,4,0,0,0,0,0,0,5
SSC21728,9,0,0,0,0,0,0,9
SSC21729,3,0,0,0,0,0,0,3
SSC21730,1634,62,19,11,0,0,3,1730
SSC21731,3,4,0,0,0,0,0,8
SSC21732,6,0,0,0,0,0,0,9
SSC21733,0,0,0,0,0,0,0,0
SSC21734,680,41,22,5,3,0,0,744
SSC21735,0,0,0,0,0,0,0,0
SSC21736,14,0,0,0,0,0,0,11
SSC21737,7,0,0,0,0,0,0,9
SSC21738,3,0,0,0,0,0,0,3
SSC21739,0,0,0,0,0,0,0,0
SSC21740,0,0,0,0,0,0,0,0
SSC21741,10,0,0,0,0,0,0,10
SSC21742,127,10,7,0,0,0,0,154
SSC21743,2609,213,120,33,0,0,14,2997
SSC21744,579,46,40,7,3,0,5,684
SSC21745,13,0,0,0,0,0,0,13
SSC21746,13,3,0,0,0,0,0,15
SSC21747,22,0,3,0,0,0,0,27
SSC21748,948,57,24,3,0,0,0,1033
SSC21749,3,0,0,0,0,0,0,3
SSC21750,123,3,6,0,0,0,0,128
SSC21751,2084,198,97,23,3,0,11,2420
SSC21752,0,0,0,0,0,0,0,0
SSC21753,13,0,0,0,0,0,0,15
SSC21754,0,0,0,0,0,0,0,0
SSC21755,90,8,6,0,0,0,0,111
SSC21756,0,0,0,0,0,0,0,0
SSC21757,865,85,71,13,4,3,16,1055
SSC21758,14,0,0,0,0,0,0,19
SSC21759,3,0,0,0,0,0,0,3
SSC21760,49,5,7,0,0,0,3,62
SSC21761,0,0,0,0,0,0,0,0
SSC21762,0,0,0,0,0,0,0,0
SSC21763,0,0,0,0,0,0,0,3
SSC21764,3,0,0,0,0,0,0,3
SSC21765,0,0,0,0,0,0,0,0
SSC21766,3,0,0,0,0,0,0,6
SSC21767,23,3,0,0,0,0,0,28
SSC21768,9,0,0,0,0,0,0,9
SSC21769,11,0,0,0,0,0,0,13
SSC21770,0,0,0,0,0,0,0,0
SSC21771,313,25,16,5,0,0,0,353
SSC21772,3,0,0,0,0,0,0,3
SSC21773,0,0,0,0,0,0,0,0
SSC21774,53,3,4,0,0,0,3,59
SSC21775,135,9,0,0,0,0,0,147
SSC21776,6,4,0,0,0,0,0,7
SSC21777,0,0,0,0,0,0,0,0
SSC21778,183,16,11,0,0,0,0,206
SSC21779,8,0,0,0,0,0,0,9
SSC21780,62,9,4,0,0,0,0,66
SSC21781,2396,146,52,12,0,0,3,2614
SSC21782,0,0,0,0,0,0,0,0
SSC21783,1179,100,67,11,3,3,4,1367
SSC21784,9,0,0,0,0,0,0,9
SSC21785,5,3,0,0,0,0,0,6
SSC21786,295,25,14,4,0,0,0,339
SSC21787,0,0,0,0,0,0,0,0
SSC21788,3,0,0,0,0,0,0,3
SSC21789,156,18,4,0,0,0,0,175
SSC21790,0,0,0,0,0,0,0,0
SSC21791,2319,159,89,10,4,0,6,2579
SSC21792,12,0,0,0,0,0,0,12
SSC21793,35,0,0,0,0,0,0,35
SSC21794,4,0,0,0,0,0,0,4
SSC21795,157,18,9,0,0,0,3,181
SSC21796,8,0,0,0,0,0,0,7
SSC21797,0,4,0,0,0,0,0,3
SSC21798,33,0,3,0,0,0,0,36
SSC21799,0,0,0,0,0,0,0,0
SSC21800,0,0,0,0,0,0,0,0
SSC21801,29,0,3,0,0,0,0,32
SSC21802,12,0,0,0,0,0,0,12
SSC21803,14,0,0,0,0,0,0,15
SSC21804,4443,152,65,53,5,0,5,4734
SSC21805,0,0,0,0,0,0,0,0
SSC21806,12,0,0,0,0,0,0,12
SSC21807,14,0,0,0,0,0,0,14
SSC21808,45,3,3,0,0,0,0,48
SSC21809,3,0,0,0,0,0,0,3
SSC21810,35,0,0,0,0,0,0,41
SSC21811,24,0,0,0,0,0,3,27
SSC21812,48,8,0,0,0,0,0,48
SSC21813,7,0,0,0,0,0,0,7
SSC21814,17,0,0,0,0,0,0,15
SSC21815,2494,105,56,41,3,0,8,2696
SSC21816,13,0,0,0,0,0,0,13
SSC21817,14,3,0,0,0,0,0,16
SSC21818,10,3,0,0,0,0,0,12
SSC21819,0,0,0,0,0,0,0,0
SSC21820,62,3,8,0,0,0,0,77
SSC21821,10,0,0,0,0,0,0,9
SSC21822,16,0,3,0,0,0,0,24
SSC21823,26,0,0,0,0,0,0,26
SSC21824,3,0,0,0,0,0,0,3
SSC21825,0,0,0,0,0,0,0,0
SSC21826,6,0,0,0,0,0,0,10
SSC21827,9,0,0,0,0,0,0,8
SSC21828,15,0,0,0,0,0,0,15
SSC21829,3,0,0,0,0,0,0,3
SSC21830,16,0,4,0,0,0,0,21
SSC21831,0,0,0,0,0,0,0,0
SSC21832,15,0,0,0,0,0,0,17
SSC21833,25,0,0,0,0,0,0,25
SSC21834,0,0,0,0,0,0,0,0
SSC21835,4,0,0,0,0,0,0,4
SSC21836,12,0,0,0,0,0,0,12
SSC21837,1200,47,11,3,0,0,4,1261
SSC21838,79,4,5,0,0,0,0,86
SSC21839,10,0,0,0,0,0,0,10
SSC21840,14,0,0,0,0,0,0,15
SSC21841,5,0,0,0,0,0,0,5
SSC21842,0,0,0,0,0,0,0,4
SSC21843,12,0,0,0,0,0,0,14
SSC21844,4,0,0,0,0,0,0,5
SSC21845,49,0,3,0,0,0,0,54
SSC21846,3,3,0,0,0,0,0,3
SSC21847,52,7,3,0,0,0,0,57
SSC21848,10,0,3,0,0,0,0,13
SSC21849,12,0,0,0,0,0,0,12
SSC21850,15,0,0,0,0,0,0,15
SSC21851,244,17,14,0,0,0,3,278
SSC21852,3,0,0,0,0,0,0,3
SSC21853,13,3,0,0,0,0,0,18
SSC21854,3,0,0,0,0,0,0,3
SSC21855,143,10,6,0,0,0,0,161
SSC21856,12,0,0,0,0,0,0,12
SSC21857,0,0,0,0,0,0,0,5
SSC21858,35,4,0,0,0,0,0,41
SSC21859,0,0,0,0,0,0,0,0
SSC21860,4,0,0,0,0,0,0,4
SSC21861,4,0,0,0,0,0,0,4
SSC21862,9,0,0,0,0,0,0,12
SSC21863,48,0,5,0,0,0,0,55
SSC21864,0,0,0,0,0,0,0,0
SSC21865,57,13,3,0,0,0,0,73
SSC21866,118,8,9,0,0,0,0,134
SSC21867,76,9,3,0,0,0,0,88
SSC21868,20,0,9,0,0,0,0,22
SSC21869,4,0,0,0,0,0,0,8
SSC21870,15,0,0,0,0,0,0,13
SSC21871,0,0,0,0,0,0,0,0
SSC21872,9,0,0,0,0,0,0,9
SSC21873,18,0,0,0,0,0,0,18
SSC21874,10,0,0,0,0,0,0,16
SSC21875,16,0,0,0,0,0,0,16
SSC21876,11,0,0,0,0,0,0,8
SSC21877,24,0,0,0,0,0,0,26
SSC21878,7,0,0,0,0,0,0,7
SSC21879,3,0,0,0,0,0,0,5
SSC21880,40,3,0,0,0,0,0,41
SSC21881,3363,233,113,58,3,3,12,3777
SSC21882,59,3,0,0,0,0,0,66
SSC21883,1139,69,22,12,0,0,7,1253
SSC21884,4423,270,193,78,3,0,11,4976
SSC21885,3,0,0,0,0,0,0,3
SSC21886,151,13,8,0,0,0,0,168
SSC21887,36,4,4,0,0,0,0,47
SSC21888,7,0,3,0,0,0,0,13
SSC21889,5,0,0,0,0,0,0,5
SSC21890,3,0,0,0,0,0,0,5
SSC21891,28,3,0,0,0,0,0,35
SSC21892,3,0,0,0,0,0,0,3
SSC21893,0,0,0,0,0,0,0,0
SSC21894,5,0,0,0,0,0,0,5
SSC21895,24,0,0,0,0,0,0,22
SSC21896,15,0,0,0,0,0,0,21
SSC21897,7,3,0,0,0,0,0,5
SSC21898,3,0,0,0,0,0,0,3
SSC21899,128,10,5,3,0,0,0,143
SSC21900,20,11,3,0,0,0,0,35
SSC21901,0,0,0,0,0,0,0,0
SSC21902,5,0,0,0,0,0,3,9
SSC21903,30,4,0,0,0,0,0,29
SSC21904,5,0,0,0,0,0,0,5
SSC21905,140,7,3,0,0,0,0,151
SSC21906,3,0,0,0,0,0,0,3
SSC21907,15,0,0,0,0,0,0,15
SSC21908,9,0,0,0,0,0,0,6
SSC21909,328,17,16,0,0,0,0,358
SSC21910,533,54,44,4,0,0,6,644
SSC21911,14,0,0,0,0,0,0,15
SSC21912,3,0,0,0,0,0,0,3
SSC21913,304,27,16,3,0,0,0,358
SSC21914,7,0,0,0,0,0,0,7
SSC21915,52,3,0,0,0,0,0,55
SSC21916,30,4,0,0,0,0,0,42
SSC21917,174,7,12,0,0,0,0,194
SSC21918,51,3,0,0,0,0,0,58
SSC21919,8,0,0,0,0,0,0,8
SSC21920,13,3,0,0,0,0,0,20
SSC21921,31,0,3,0,0,0,0,42
SSC21922,1681,86,33,9,0,0,0,1800
SSC21923,42,3,0,0,0,0,0,52
SSC21924,63,6,0,0,0,0,0,75
SSC21925,11,0,0,0,0,0,0,11
SSC21926,1151,44,21,0,0,0,4,1227
SSC21927,198,16,10,0,0,0,6,225
SSC21928,218,8,4,0,0,0,0,235
SSC21929,88,12,7,0,0,0,0,111
SSC21930,691,56,15,0,0,0,0,763
SSC21931,44,0,0,0,0,0,0,49
SSC21932,31,0,0,0,0,0,0,36
SSC21933,4,0,0,0,0,0,0,4
SSC21934,0,0,0,0,0,0,0,0
SSC21935,19,3,3,0,0,0,0,25
SSC21936,0,0,0,0,0,0,0,0
SSC21937,3,0,0,0,0,0,0,3
SSC21938,0,0,3,0,0,0,0,3
SSC21939,8,0,0,0,0,0,0,8
SSC21940,3072,210,100,77,12,3,23,3490
SSC21941,841,52,36,13,0,0,3,938
SSC21942,3,0,0,0,0,0,0,6
SSC21943,36,3,0,0,0,0,0,41
SSC21944,0,0,0,0,0,0,0,0
SSC21945,4,0,0,0,0,0,0,4
SSC21946,0,0,0,0,0,0,0,0
SSC21947,6,0,3,0,0,0,0,8
SSC21948,468,65,40,9,0,0,4,586
SSC21949,4,0,0,0,0,0,0,4
SSC21950,15,0,0,0,0,0,0,15
SSC21951,253,24,22,0,0,0,3,301
SSC21952,7,3,0,0,0,0,0,8
SSC21953,205,20,12,3,0,0,0,242
SSC21954,714,32,24,4,0,0,4,778
SSC21955,16,0,4,0,0,0,0,18
SSC21956,27,4,0,0,0,0,0,32
SSC21957,417,30,17,0,0,0,0,463
SSC21958,239,23,24,4,0,0,0,292
SSC21959,2494,130,37,19,0,0,10,2690
SSC21960,16,5,0,0,0,0,0,23
SSC21961,5,0,0,0,0,0,0,3
SSC21962,226,3,3,3,0,0,0,240
SSC21963,18,3,0,0,0,0,0,21
SSC21964,0,0,0,0,0,0,0,0
SSC21965,0,0,0,0,0,0,0,0
SSC21966,3,0,0,0,0,0,0,3
SSC21967,0,0,0,0,0,0,0,0
SSC21968,8,0,0,0,0,0,0,8
SSC21969,24,0,3,0,0,0,0,24
SSC21970,4,0,0,0,0,0,0,4
SSC21971,12,0,0,0,0,0,0,15
SSC21972,364,32,15,3,0,0,6,428
SSC21973,1455,59,23,12,0,0,0,1553
SSC21974,30,0,0,0,0,0,0,30
SSC21975,0,0,0,0,0,0,0,0
SSC21976,9,0,0,0,0,0,0,9
SSC21977,10,0,0,0,0,0,0,10
SSC21978,0,0,0,0,0,0,0,0
SSC21979,15,0,0,0,0,0,0,18
SSC21980,38,9,0,3,0,0,0,49
SSC21981,42,6,4,0,0,0,0,46
SSC21982,0,0,0,0,0,0,0,0
SSC21983,0,0,0,0,0,0,0,0
SSC21984,170,7,11,0,0,0,0,197
SSC21985,3,0,0,0,0,0,0,3
SSC21986,743,32,16,11,0,0,0,801
SSC21987,75,3,0,0,0,0,0,79
SSC21988,942,43,7,9,0,0,0,1010
SSC21989,710,38,11,3,0,0,0,764
SSC21990,1190,63,23,24,0,0,6,1304
SSC21991,4,0,0,0,0,0,0,4
SSC21992,0,0,0,0,0,0,0,0
SSC21993,1581,113,53,8,0,0,7,1765
SSC21994,903,80,32,10,0,0,0,1032
SSC21995,12,3,0,0,0,0,0,14
SSC21996,5,0,0,0,0,0,0,5
SSC21997,191,17,3,0,0,0,0,215
SSC21998,11,0,0,0,0,0,0,7
SSC21999,27,0,4,0,0,0,0,33
SSC22000,0,0,0,0,0,0,0,0
SSC22001,11,3,0,0,0,0,0,14
SSC22002,140,7,10,4,0,0,0,169
SSC22003,9,3,0,0,0,0,0,17
SSC22004,1087,45,5,10,0,0,3,1153
SSC22005,51,0,3,0,0,0,0,57
SSC22006,30,0,0,0,0,0,0,33
SSC22007,23,3,0,0,0,0,0,30
SSC22008,88,8,8,0,0,0,0,102
SSC22009,20,0,0,0,0,0,0,16
SSC22010,74,8,0,0,0,0,0,87
SSC22011,5,0,3,0,0,0,0,5
SSC22012,3,0,0,0,0,0,0,5
SSC22013,4,0,0,0,0,0,0,4
SSC22014,0,0,0,0,0,0,0,0
SSC22015,5019,462,364,61,11,3,34,5956
SSC22016,29,0,0,0,0,0,0,30
SSC22017,164,9,10,4,0,0,0,191
SSC22018,8,0,0,0,0,0,0,7
SSC22019,45,6,0,0,0,0,0,50
SSC22020,139,9,6,0,0,0,0,153
SSC22021,4,0,0,0,0,0,0,5
SSC22022,3,0,0,0,0,0,0,8
SSC22023,21,0,0,0,0,0,0,21
SSC22024,619,24,8,7,0,0,0,659
SSC22025,1469,81,48,8,3,0,0,1608
SSC22026,286,13,0,0,0,0,0,307
SSC22027,13,0,0,0,0,0,0,20
SSC22028,0,0,0,0,0,0,0,0
SSC22029,1921,82,36,6,0,0,3,2045
SSC22030,1378,48,24,9,0,0,0,1455
SSC22031,4,0,0,0,0,0,0,3
SSC22032,4,0,0,0,0,0,0,3
SSC22033,15,0,0,0,0,0,0,15
SSC22034,11,0,0,0,0,0,0,11
SSC22035,863,83,29,7,3,0,3,987
SSC22036,8,0,0,0,0,0,0,8
SSC22037,190,20,14,3,0,0,0,233
SSC22038,472,41,31,3,0,3,3,548
SSC22039,16,3,0,0,0,0,0,19
SSC22040,14,0,3,0,0,0,0,17
SSC22041,4,0,0,0,0,0,0,3
SSC22042,7,0,0,0,0,0,0,7
SSC22043,8,0,0,0,0,0,0,8
SSC22044,53,0,0,0,0,0,0,59
SSC22045,11,3,0,0,0,0,0,16
SSC22046,23,0,0,0,0,0,0,26
SSC22047,3,0,0,0,0,0,0,3
SSC22048,8,3,0,0,0,0,0,8
SSC22049,10,0,0,0,0,0,0,10
SSC22050,18,0,0,0,0,0,0,22
SSC22051,0,0,0,0,0,0,0,0
SSC22052,37,3,0,0,0,0,0,42
SSC22053,22,0,0,0,0,0,0,20
SSC22054,19,0,0,0,0,0,0,17
SSC22055,0,0,0,0,0,0,0,0
SSC22056,3,0,0,0,0,0,0,8
SSC22057,3,0,0,0,0,0,0,3
SSC22058,3,0,0,0,0,0,0,7
SSC22059,10,0,0,0,0,0,0,10
SSC22060,20,0,0,0,0,0,0,27
SSC22061,3,0,0,0,0,0,0,3
SSC22062,23,3,4,0,0,0,0,35
SSC22063,3,0,0,0,0,0,0,3
SSC22064,0,0,0,0,0,0,0,0
SSC22065,17,4,0,0,0,0,0,21
SSC22066,11,0,0,0,0,0,0,16
SSC22067,0,0,0,0,0,0,0,0
SSC22068,8,0,0,0,0,0,0,8
SSC22069,9,0,0,0,0,0,0,9
SSC22070,4,0,0,0,0,0,0,4
SSC22071,0,0,0,0,0,0,0,0
SSC22072,381,20,14,3,0,0,0,422
SSC22073,595,30,22,4,0,0,0,660
SSC22074,7841,363,253,90,13,4,11,8574
SSC22075,20,0,0,0,0,0,0,28
SSC22076,200,16,4,0,0,0,3,218
SSC22077,0,0,0,0,0,0,0,0
SSC22078,0,0,0,0,0,0,0,0
SSC22079,7,0,0,0,0,0,0,7
SSC22080,7,0,0,0,0,0,0,7
SSC22081,0,0,0,0,0,0,0,0
SSC22082,32,0,0,0,0,0,0,35
SSC22083,3,0,0,0,0,0,0,4
SSC22084,4,0,0,0,0,0,0,4
SSC22085,11,0,0,0,0,0,0,11
SSC22086,61,4,3,3,0,0,0,77
SSC22087,4,3,0,0,0,0,0,11
SSC22088,19,4,0,0,0,0,0,20
SSC22089,11,0,0,0,0,0,0,10
SSC22090,92,7,0,0,0,0,0,102
SSC22091,14,0,0,0,0,0,0,15
SSC22092,44,3,3,0,0,0,0,50
SSC22093,283,18,5,0,0,0,3,308
SSC22094,10,0,3,0,0,0,0,12
SSC22095,1341,96,21,5,0,0,3,1465
SSC22096,11,0,0,0,0,0,0,15
SSC22097,205,18,7,3,0,0,3,240
SSC22098,729,81,54,3,0,0,10,878
SSC22099,73,3,3,0,0,0,0,75
SSC22100,63,3,6,0,0,0,0,73
SSC22101,15,0,0,0,0,0,0,12
SSC22102,5,0,0,0,0,0,0,10
SSC22103,17,0,3,0,0,0,0,21
SSC22104,3,0,0,0,0,0,0,3
SSC22105,3,0,0,0,0,0,0,3
SSC22106,668,44,14,3,0,0,0,724
SSC22107,6,0,0,0,0,0,0,10
SSC22108,0,0,0,0,0,0,0,3
SSC22109,3271,149,64,39,4,0,8,3545
SSC22110,166,10,0,0,0,0,0,181
SSC22111,26,0,4,0,0,0,0,28
SSC22112,141,4,10,0,0,0,0,159
SSC22113,4,0,0,0,0,0,0,3
SSC22114,3,0,0,0,0,0,0,3
SSC22115,19,5,5,0,0,0,0,28
SSC22116,3,0,0,0,0,0,0,3
SSC22117,67,6,7,7,0,0,0,83
SSC22118,40,4,3,0,0,0,0,51
SSC22119,15,0,0,0,0,0,0,12
SSC22120,0,0,0,0,0,0,0,0
SSC22121,38,5,0,0,0,0,0,43
SSC22122,217,20,6,0,0,0,0,249
SSC22123,92,9,4,0,0,0,0,102
SSC22124,12,0,0,0,0,0,0,16
SSC22125,52,3,3,0,0,0,0,57
SSC22126,7,0,0,0,0,0,0,7
SSC22127,3,0,0,0,0,0,0,3
SSC22128,3,0,0,0,0,0,0,3
SSC22129,0,0,0,0,0,0,0,0
SSC22130,53,8,0,0,0,0,0,64
SSC22131,7,0,0,0,0,0,0,7
SSC22132,20,3,6,0,0,0,0,24
SSC22133,17,4,0,0,0,0,0,20
SSC22134,34,3,0,0,0,0,0,39
SSC22135,447,52,27,3,0,0,0,528
SSC22136,105,9,3,0,0,0,0,118
SSC22137,69,0,0,0,0,0,0,70
SSC22138,13,0,0,0,0,0,0,16
SSC22139,167,17,13,0,0,0,3,193
SSC22140,5,0,0,0,0,0,0,3
SSC22141,4,0,0,0,0,0,0,5
SSC22142,19,0,0,0,0,0,0,22
SSC22143,10,0,0,0,0,0,0,19
SSC22144,0,0,0,0,0,0,0,3
SSC22145,3,0,0,0,0,0,0,3
SSC22146,3,0,0,0,0,0,0,4
SSC22147,4,0,0,0,0,0,0,9
SSC22148,403,19,8,0,0,0,0,433
SSC22149,5086,230,113,70,4,3,9,5519
SSC22150,0,0,0,0,0,0,0,0
SSC22151,4,0,0,0,0,0,0,3
SSC22152,41,3,0,0,0,0,0,45
SSC22153,6,0,0,0,0,0,0,6
SSC22154,0,0,0,0,0,0,0,0
SSC22155,0,0,0,0,0,0,0,0
SSC22156,0,0,0,0,0,0,0,0
SSC22157,0,0,0,0,0,0,0,0
SSC22158,1681,108,31,18,0,0,4,1846
SSC22159,0,0,0,0,0,0,0,0
SSC22160,542,28,23,3,0,0,0,592
SSC22161,3,3,0,0,0,0,0,3
SSC22162,1861,113,46,19,0,0,3,2042
SSC22163,1145,63,20,4,0,0,0,1235
SSC22164,1358,67,33,17,0,0,3,1471
SSC22165,24,0,0,0,0,0,0,27
SSC22166,101,8,0,0,0,0,0,113
SSC22167,122,3,3,0,0,0,0,124
SSC22168,28,3,3,0,0,0,0,31
SSC22169,19,0,5,0,0,0,0,24
SSC22170,0,0,0,0,0,0,0,0
SSC22171,248,16,11,5,0,0,4,285
SSC22172,239,22,14,3,0,0,3,283
SSC22173,8,0,0,0,0,0,0,8
SSC22174,122,15,3,4,0,0,0,144
SSC22175,0,0,0,0,0,0,0,0
SSC22176,3,0,0,0,0,0,0,3
SSC22177,0,0,0,0,0,0,0,0
SSC22178,19,0,0,0,0,0,0,16
SSC22179,18,0,3,0,0,0,0,24
SSC22180,3,0,0,0,0,0,0,3
SSC22181,580,36,33,3,0,3,5,654
SSC22182,1078,40,15,8,0,0,0,1146
SSC22183,3,0,0,0,0,0,0,3
SSC22184,0,0,0,0,0,0,0,0
SSC22185,11,0,0,0,0,0,0,14
SSC22186,1013,91,61,10,0,0,6,1179
SSC22187,254,29,12,3,0,0,0,306
SSC22188,147,15,7,0,0,0,0,173
SSC22189,0,0,0,0,0,0,0,0
SSC22190,15,0,0,0,0,0,0,15
SSC22191,10,0,0,0,0,0,0,10
SSC22192,165,10,6,0,0,0,0,187
SSC22193,3,0,0,0,0,0,0,3
SSC22194,0,0,0,0,0,0,0,0
SSC22195,20,0,0,0,0,0,0,20
SSC22196,5085,266,133,42,0,0,14,5551
SSC22197,3251,123,73,61,0,0,3,3510
SSC22198,5,0,0,0,0,0,0,3
SSC22199,20,0,0,0,0,0,0,21
SSC22200,13,0,0,0,0,0,0,13
SSC22201,6,0,0,0,0,0,0,6
SSC22202,3,0,3,0,0,0,0,3
SSC22203,40,3,0,0,0,0,0,50
SSC22204,76,6,8,0,0,0,3,96
SSC22205,8,0,0,0,0,0,0,8
SSC22206,198,18,9,3,0,0,3,226
SSC22207,0,0,0,0,0,0,0,0
SSC22208,22,0,0,0,0,0,3,21
SSC22209,695,71,34,3,0,0,0,806
SSC22210,4,0,0,0,0,0,0,3
SSC22211,368,53,24,3,0,0,3,451
SSC22212,3,0,0,0,0,0,0,3
SSC22213,54,4,4,3,0,0,0,70
SSC22214,9,0,0,0,0,0,0,9
SSC22215,1179,104,70,6,0,0,4,1365
SSC22216,0,0,0,0,0,0,0,0
SSC22217,6,0,0,0,0,0,0,4
SSC22218,84,6,10,0,0,0,0,98
SSC22219,11,0,0,0,0,0,0,11
SSC22220,0,0,0,0,0,0,0,0
SSC22221,726,64,34,7,0,0,3,825
SSC22222,5,0,0,0,0,0,0,5
SSC22223,1277,62,17,0,0,0,4,1365
SSC22224,15,3,3,0,0,0,0,18
SSC22225,16,0,0,0,0,0,0,16
SSC22226,0,0,0,0,0,0,0,0
SSC22227,56,5,0,0,0,0,0,67
SSC22228,137,10,0,3,0,0,0,158
SSC22229,4,0,0,0,0,0,0,4
SSC22230,73,5,3,0,0,0,0,87
SSC22231,796,52,27,11,0,0,8,892
SSC22232,12,0,0,0,0,0,0,12
SSC22233,30,4,0,0,0,0,0,35
SSC22234,31,0,0,0,0,0,0,33
SSC22235,40,7,0,0,0,0,0,51
SSC22236,724,42,23,8,0,0,7,809
SSC22237,4,0,0,0,0,0,0,4
SSC22238,1456,146,56,11,3,0,8,1688
SSC22239,223,13,15,0,0,0,0,247
SSC22240,22,0,0,0,0,0,0,24
SSC22241,16,0,0,0,0,0,0,13
SSC22242,17,0,0,0,0,0,0,17
SSC22243,20,0,0,0,0,0,0,27
SSC22244,655,78,60,12,3,0,3,816
SSC22245,564,18,7,5,0,0,0,605
SSC22246,67,4,5,0,0,0,0,77
SSC22247,211,22,6,0,0,0,0,245
SSC22248,0,0,0,0,0,0,0,0
SSC22249,0,0,0,0,0,0,0,0
SSC22250,15,0,0,0,0,0,0,20
SSC22251,13,0,0,0,0,0,0,12
SSC22252,313,26,14,6,0,0,0,360
SSC22253,101,6,5,0,0,0,0,114
SSC22254,435,44,19,8,0,0,8,513
SSC22255,19,0,0,0,0,0,0,22
SSC22256,0,0,0,0,0,0,0,0
SSC22257,13,0,0,0,0,0,0,13
SSC22258,4,0,0,0,0,0,0,4
SSC22259,0,0,0,0,0,0,0,0
SSC22260,48,3,3,0,0,0,0,57
SSC22261,30,3,0,0,0,0,0,37
SSC22262,0,0,0,0,0,0,0,0
SSC22263,9,0,0,0,0,0,0,9
SSC22264,2645,205,134,40,3,3,22,3049
SSC22265,144,4,7,5,0,0,0,157
SSC22266,126,3,5,4,0,0,0,145
SSC22267,25,3,0,0,0,0,0,32
SSC22268,46,0,0,0,0,0,0,48
SSC22269,3,0,0,0,0,0,0,3
SSC22270,157,10,6,0,0,0,0,169
SSC22271,15,0,0,0,0,0,0,16
SSC22272,58,5,3,0,0,0,0,65
SSC22273,4,0,0,0,0,0,0,5
SSC22274,5,0,0,0,0,0,0,3
SSC22275,6,0,0,0,0,0,0,6
SSC22276,0,0,0,0,0,0,0,0
SSC22277,6,0,0,0,0,0,0,11
SSC22278,0,0,0,0,0,0,0,0
SSC22279,45,0,4,0,0,0,0,47
SSC22280,1043,69,63,18,7,0,3,1204
SSC22281,3,0,0,0,0,0,0,4
SSC22282,23,0,0,0,0,0,0,23
SSC22283,16,0,4,0,0,0,0,21
SSC22284,58,3,0,0,0,0,0,66
SSC22285,3,0,0,0,0,0,0,3
SSC22286,3,0,0,0,0,0,0,3
SSC22287,198,11,4,0,0,0,3,225
SSC22288,117,14,4,0,0,0,0,141
SSC22289,0,0,0,0,0,0,0,0
SSC22290,73,5,5,0,0,0,0,92
SSC22291,273,19,3,4,0,0,0,303
SSC22292,155,13,3,0,0,0,0,175
SSC22293,0,0,0,0,0,0,0,0
SSC22294,1210,125,82,14,0,0,10,1441
SSC22295,74,3,0,0,0,0,0,82
SSC22296,39,3,3,0,0,0,0,41
SSC22297,81,5,0,0,0,0,0,94
SSC22298,220,12,8,5,0,0,0,241
SSC22299,701,47,8,0,0,0,0,760
SSC22300,3527,187,117,31,4,3,11,3878
SSC22301,11,0,0,0,0,0,0,8
SSC22302,3,0,0,0,0,0,0,3
SSC22303,1099,93,18,3,0,0,3,1214
SSC22304,647,36,10,3,0,0,0,697
SSC22305,12,0,0,0,0,0,0,12
SSC22306,3,0,0,0,0,0,0,3
SSC22307,12,0,0,0,0,0,0,12
SSC22308,310,16,6,0,0,0,0,329
SSC22309,287,25,10,3,0,0,0,322
SSC22310,16,0,0,0,0,0,0,19
SSC22311,5,0,0,0,0,0,0,10
SSC22312,0,0,0,0,0,0,0,4
SSC22313,0,0,0,0,0,0,0,0
SSC22314,22,0,0,0,0,0,0,23
SSC22315,41,4,0,0,0,0,0,46
SSC22316,23,0,0,0,0,0,0,23
SSC22317,2256,116,58,94,6,0,10,2550
SSC22318,1464,91,49,55,9,0,13,1677
SSC22319,3538,229,136,105,9,8,32,4062
SSC22320,461,53,24,3,3,0,3,540
SSC22321,149,8,10,3,0,0,0,170
SSC22322,106,9,3,0,0,0,0,123
SSC22323,166,9,6,0,0,0,0,180
SSC22324,12,0,0,0,0,0,0,9
SSC22325,3,0,0,0,0,0,0,3
SSC22326,9,0,0,0,0,0,0,9
SSC22327,14,0,0,0,0,0,3,12
SSC22328,427,22,5,4,0,0,0,464
SSC22329,4,0,0,0,0,0,0,4
SSC22330,6,0,0,0,0,0,0,6
SSC22331,12,0,0,0,0,0,0,12
SSC22332,816,55,19,0,0,0,3,896
SSC22333,1047,45,13,5,0,0,0,1113
SSC22334,224,19,3,0,0,0,0,246
SSC22335,146,14,3,3,0,0,0,173
SSC22336,3,0,0,0,0,0,0,3
SSC22337,0,0,0,0,0,0,0,3
SSC22338,40,4,3,0,0,0,0,41
SSC22339,59,4,3,3,0,0,0,70
SSC22340,32,0,0,0,0,0,0,32
SSC22341,16,0,0,0,0,0,0,17
SSC22342,3,0,0,0,0,0,0,3
SSC22343,437,42,25,3,0,0,8,507
SSC22344,25,3,0,0,0,0,0,26
SSC22345,3,0,0,0,0,0,0,4
SSC22346,12,3,0,0,0,0,0,15
SSC22347,0,0,0,0,0,0,0,0
SSC22348,10,0,0,0,0,0,0,10
SSC22349,10,0,0,0,0,0,0,9
SSC22350,11,0,0,0,0,0,0,11
SSC22351,3,0,0,0,0,0,0,3
SSC22352,0,0,0,0,0,0,0,0
SSC22353,36,5,0,0,0,0,0,39
SSC22354,0,0,0,0,0,0,0,0
SSC22355,19,3,0,0,0,0,0,20
SSC22356,4,0,0,0,0,0,0,10
SSC22357,0,0,0,0,0,0,0,0
SSC22358,271,23,17,3,0,0,4,314
SSC22359,11,3,0,0,0,0,0,13
SSC22360,17,0,0,0,0,0,0,13
SSC22361,22,3,0,0,0,0,0,23
SSC22362,513,32,29,0,0,0,0,578
SSC22363,20,0,0,0,0,0,0,22
SSC22364,16,3,4,0,0,0,0,28
SSC22365,742,48,22,4,0,0,3,820
SSC22366,10,0,0,0,0,0,0,11
SSC22367,0,0,0,0,0,0,0,0
SSC22368,102,8,8,0,0,0,0,128
SSC22369,1215,44,23,5,0,0,0,1293
SSC22370,138,4,3,0,0,0,0,150
SSC22371,17,0,0,0,0,0,0,17
SSC22372,6,3,0,0,0,0,0,13
SSC22373,4,0,0,0,0,0,0,4
SSC22374,0,0,0,0,0,0,0,0
SSC22375,24,3,4,0,0,0,0,32
SSC22376,0,0,0,0,0,0,0,0
SSC22377,27,3,3,0,0,0,0,32
SSC22378,0,0,0,0,0,0,0,0
SSC22379,4219,339,204,28,8,3,19,4825
SSC22380,39,3,0,0,0,0,0,42
SSC22381,23,0,3,0,0,0,0,22
SSC22382,37,3,3,0,0,0,0,41
SSC22383,958,56,30,14,0,0,3,1062
SSC22384,1199,69,41,36,6,0,8,1357
SSC22385,1939,96,66,54,4,4,16,2172
SSC22386,59,3,0,0,0,0,0,58
SSC22387,1913,89,23,12,0,0,0,2042
SSC22388,0,0,0,0,0,0,0,0
SSC22389,14,0,0,0,0,0,0,12
SSC22390,0,0,0,0,0,0,0,0
SSC22391,12,0,0,0,0,0,0,12
SSC22392,7,0,0,0,0,0,0,4
SSC22393,909,72,41,16,0,0,3,1042
SSC22394,0,0,0,0,0,0,0,0
SSC22395,0,0,0,0,0,0,0,0
SSC22396,13,0,0,0,0,0,0,13
SSC22397,58,0,3,0,0,0,0,57
SSC22398,18,0,0,0,0,0,0,14
SSC22399,0,0,0,0,0,0,0,0
SSC22400,0,0,0,0,0,0,0,0
SSC22401,20,0,3,0,0,0,0,26
SSC22402,1400,68,39,21,3,0,0,1533
SSC22403,0,0,0,0,0,0,0,0
SSC22404,0,0,0,0,0,0,0,0
SSC22405,15,0,0,0,0,0,0,15
SSC22406,8,0,0,0,0,0,0,8
SSC22407,24,5,3,0,0,0,0,34
SSC22408,5,0,0,0,0,0,0,5
SSC22409,0,0,0,0,0,0,0,0
SSC22410,3,0,0,0,0,0,0,3
SSC22411,21,6,4,0,0,0,5,34
SSC22412,25,0,0,0,0,0,0,25
SSC22413,4,0,0,0,0,0,0,4
SSC22414,72,13,4,0,0,0,0,91
SSC22415,9,0,0,0,0,0,0,9
SSC22416,20,0,3,0,0,0,0,19
SSC22417,26,0,0,0,0,0,0,26
SSC22418,71,5,3,0,0,0,0,82
SSC22419,72,0,4,0,0,0,0,82
SSC22420,4,0,0,0,0,0,0,4
SSC22421,30,3,0,0,0,0,0,35
SSC22422,0,0,0,0,0,0,0,0
SSC22423,0,0,0,0,0,0,0,0
SSC22424,10,0,0,0,0,0,0,10
SSC22425,7,0,0,0,0,0,0,3
SSC22426,3,0,0,0,0,0,0,3
SSC22427,3,0,0,0,0,0,0,3
SSC22428,6,0,0,0,0,0,0,6
SSC22429,60,5,4,0,0,0,0,64
SSC22430,0,0,0,0,0,0,0,0
SSC22431,0,0,0,0,0,0,0,0
SSC22432,56,3,3,0,0,0,0,65
SSC22433,3,0,0,0,0,0,0,3
SSC22434,3,0,0,0,0,0,0,3
SSC22435,41,4,0,0,0,0,0,42
SSC22436,0,0,0,0,0,0,0,0
SSC22437,3,0,0,0,0,0,0,5
SSC22438,4,0,0,0,0,0,0,4
SSC22439,5155,245,148,101,10,4,15,5687
SSC22440,11,0,0,0,0,0,0,11
SSC22441,0,0,0,0,0,0,0,0
SSC22442,5,0,0,0,0,0,0,7
SSC22443,3,0,0,0,0,0,0,3
SSC22444,5,0,0,0,0,0,0,7
SSC22445,8,0,0,0,0,0,0,8
SSC22446,49,0,0,0,0,0,0,53
SSC22447,0,0,0,0,0,0,0,0
SSC22448,9,0,0,0,0,0,0,9
SSC22449,3,0,0,0,0,0,0,3
SSC22450,40,0,0,0,0,0,0,40
SSC22451,3,0,0,0,0,0,0,7
SSC22452,6,0,0,0,0,0,0,11
SSC22453,25,3,0,0,0,0,0,30
SSC22454,24,3,0,4,0,0,0,33
SSC22455,434,28,21,7,0,0,0,494
SSC22456,22,0,0,0,0,0,0,23
SSC22457,17,0,0,0,0,0,0,21
SSC22458,64,0,0,0,0,0,0,67
SSC22459,64,7,0,0,0,0,0,75
SSC22460,0,0,0,0,0,0,0,0
SSC22461,2468,105,71,33,0,0,0,2680
SSC22462,2445,94,31,25,0,3,9,2608
SSC22463,4,0,0,0,0,0,0,9
SSC22464,262,14,9,0,0,0,0,283
SSC22465,0,0,0,0,0,0,0,0
SSC22466,0,0,0,0,0,0,0,0
SSC22467,224,16,10,0,0,0,0,257
SSC22468,8,0,0,0,0,0,0,8
SSC22469,3,0,0,0,0,0,0,3
SSC22470,4,0,0,0,0,0,0,4
SSC22471,2265,110,36,26,3,3,13,2451
SSC22472,1770,76,29,21,3,0,3,1907
SSC22473,4,0,0,0,0,0,0,4
SSC22474,17,0,0,0,0,0,0,22
SSC22475,6,0,0,0,0,0,0,12
SSC22476,181,18,14,0,0,0,0,215
SSC22477,4,0,0,0,0,0,0,6
SSC22478,3,0,0,0,0,0,0,3
SSC22479,0,0,0,0,0,0,0,0
SSC22480,0,0,0,0,0,0,0,0
SSC22481,17,0,0,0,0,0,0,17
SSC22482,8,0,0,0,0,0,0,9
SSC22483,0,0,0,0,0,0,0,0
SSC22484,525,48,25,4,3,0,0,605
SSC22485,0,0,0,0,0,0,0,0
SSC22486,11,3,0,0,0,0,0,14
SSC22487,3,0,0,0,0,0,0,3
SSC22488,0,0,0,0,0,0,0,3
SSC22489,124,9,3,0,0,0,0,137
SSC22490,19,0,0,0,0,0,0,18
SSC22491,0,0,0,0,0,0,0,0
SSC22492,2342,87,64,54,4,0,9,2555
SSC22493,0,0,0,0,0,0,0,0
SSC22494,87,9,7,0,0,0,0,107
SSC22495,11,0,0,0,0,0,0,15
SSC22496,1830,90,33,14,0,0,8,1967
SSC22497,17,0,0,0,0,0,0,20
SSC22498,46,0,3,0,0,0,0,55
SSC22499,0,3,0,0,0,0,0,3
SSC22500,11,0,0,0,0,0,0,11
SSC22501,24,3,0,0,0,0,0,21
SSC22502,0,0,0,0,0,0,0,0
SSC22503,104,6,4,0,0,0,3,119
SSC22504,10,0,0,0,0,0,0,10
SSC22505,5,0,0,0,0,0,0,11
SSC22506,7,0,0,0,0,0,0,7
SSC22507,3,0,0,0,0,0,0,5
SSC22508,24,4,0,0,0,0,0,26
SSC22509,4,0,0,0,0,0,0,4
SSC22510,4,0,0,0,0,0,0,4
SSC22511,0,0,0,0,0,0,0,0
SSC22512,17,0,0,0,0,0,0,17
SSC22513,26,3,0,0,0,0,0,33
SSC22514,0,0,0,0,0,0,0,0
SSC22515,172,6,15,0,0,0,0,207
SSC22516,0,0,0,0,0,0,0,0
SSC22517,6,0,0,0,0,0,0,9
SSC22518,23,0,0,0,0,0,0,29
SSC22519,3,0,0,0,0,0,0,3
SSC22520,27,3,0,0,0,0,0,33
SSC22521,96,4,0,0,0,0,0,107
SSC22522,16,0,0,0,0,0,0,19
SSC22523,31,7,0,0,0,0,0,38
SSC22524,91,6,3,0,0,0,0,100
SSC22525,17,3,0,0,0,0,0,19
SSC22526,0,0,0,0,0,0,0,0
SSC22527,5,0,0,0,0,0,0,5
SSC22528,12,0,0,0,0,0,0,12
SSC22529,0,0,0,0,0,0,0,0
SSC22530,112,13,10,0,0,0,0,135
SSC22531,48,8,3,0,0,0,0,62
SSC22532,3,0,0,0,0,0,0,7
SSC22533,175,18,9,0,0,0,0,209
SSC22534,1109,75,21,6,0,0,8,1216
SSC22535,40,6,6,0,0,0,3,52
SSC22536,0,0,0,0,0,0,0,0
SSC22537,227,23,13,3,3,0,3,270
SSC22538,1640,90,61,3,0,0,5,1807
SSC22539,0,0,0,0,0,0,0,0
SSC22540,30,0,3,0,0,0,0,35
SSC22541,7,0,0,0,0,0,0,7
SSC22542,0,0,0,0,0,0,0,0
SSC22543,0,0,0,0,0,0,0,0
SSC22544,0,0,0,0,0,0,0,0
SSC22545,5,0,0,0,0,0,0,5
SSC22546,0,0,0,0,0,0,0,0
SSC22547,3,0,0,0,0,0,0,3
SSC22548,0,0,0,0,0,0,0,0
SSC22549,5,0,0,0,0,0,0,5
SSC22550,8,0,0,0,0,0,0,8
SSC22551,6,0,0,0,0,0,0,6
SSC22552,334,43,24,0,0,0,4,405
SSC22553,56,3,4,0,0,0,0,63
SSC22554,26,3,0,0,0,0,0,35
SSC22555,15,0,0,0,0,0,0,11
SSC22556,2172,226,110,20,5,0,18,2548
SSC22557,222,12,15,3,0,0,0,257
SSC22558,78,5,4,0,0,0,0,85
SSC22559,157,11,0,0,0,0,0,163
SSC22560,18,0,0,0,0,0,0,22
SSC22561,8,0,0,0,0,0,0,8
SSC22562,0,0,0,0,0,0,0,0
SSC22563,4,0,0,0,0,0,0,11
SSC22564,81,5,4,0,0,0,0,94
SSC22565,17,0,0,0,0,0,0,19
SSC22566,25,0,0,0,0,0,0,27
SSC22567,21,0,0,0,0,0,0,23
SSC22568,4,0,0,0,0,0,0,5
SSC22569,2923,85,63,52,4,3,10,3141
SSC22570,0,0,0,0,0,0,0,0
SSC22571,48,5,0,0,0,0,0,49
SSC22572,0,0,0,0,0,0,0,0
SSC22573,602,38,25,11,0,3,0,683
SSC22574,22,0,0,0,0,0,0,26
SSC22575,0,0,0,0,0,0,0,0
SSC22576,3,0,0,0,0,0,0,3
SSC22577,0,0,0,0,0,0,0,0
SSC22578,0,0,0,0,0,0,0,0
SSC22579,4,0,0,0,0,0,0,4
SSC22580,3,3,0,0,0,0,0,7
SSC22581,350,43,26,0,0,0,0,427
SSC22582,0,0,0,0,0,0,0,0
SSC22583,87,13,6,0,0,0,0,111
SSC22584,60,0,3,0,0,0,0,71
SSC22585,50,3,0,0,0,0,0,57
SSC22586,45,3,4,0,0,0,3,56
SSC22587,17,0,0,0,0,0,0,19
SSC22588,34,0,0,0,0,0,0,32
SSC22589,26,0,0,0,0,0,0,28
SSC22590,8,0,0,0,0,0,0,8
SSC22591,3,0,0,0,0,0,0,3
SSC22592,3,0,0,0,0,0,0,3
SSC22593,5,0,0,0,0,0,0,3
SSC22594,7,0,0,0,0,0,0,3
SSC22595,13,0,0,0,0,0,0,13
SSC22596,0,0,0,0,0,0,0,0
SSC22597,0,0,0,0,0,0,0,0
SSC22598,49,4,0,0,0,0,0,58
SSC22599,23,0,3,0,0,0,0,25
SSC22600,0,0,0,0,0,0,0,0
SSC22601,377,32,22,0,0,0,0,431
SSC22602,10,0,0,0,0,0,0,8
SSC22603,9,3,0,0,0,0,0,12
SSC22604,38,0,7,0,0,0,0,48
SSC22605,3,0,0,0,0,0,0,3
SSC22606,0,0,0,0,0,0,0,0
SSC22607,821,70,35,11,3,0,0,936
SSC22608,20,0,0,0,0,0,0,19
SSC22609,6,0,0,0,0,0,0,8
SSC22610,4,0,0,0,0,0,0,8
SSC22611,19,0,0,0,0,0,0,24
SSC22612,67,3,3,0,0,0,0,74
SSC22613,40,0,0,0,0,0,0,40
SSC22614,1424,75,41,15,0,0,0,1557
SSC22615,1579,68,34,22,3,0,8,1713
SSC22616,3,0,0,0,0,0,0,3
SSC22617,3,0,0,0,0,0,0,3
SSC22618,0,0,0,0,0,0,0,0
SSC22619,10,0,0,0,0,0,0,9
SSC22620,984,43,23,8,0,0,3,1055
SSC22621,17,3,0,0,0,0,0,16
SSC22622,55,3,3,0,0,0,0,64
SSC22623,4,0,0,0,0,0,0,3
SSC22624,0,0,0,0,0,0,0,0
SSC22625,0,0,0,0,0,0,0,4
SSC22626,41,0,3,0,0,0,0,53
SSC22627,3,0,0,0,0,0,0,3
SSC22628,0,0,0,0,0,0,0,0
SSC22629,0,0,0,0,0,0,0,0
SSC22630,4,0,0,0,0,0,0,4
SSC22631,98,11,7,0,0,0,3,123
SSC22632,6,0,0,0,0,0,0,10
SSC22633,5,0,0,0,0,0,0,5
SSC22634,6,0,0,0,0,0,0,5
SSC22635,5,0,0,0,0,0,0,9
SSC22636,0,0,0,0,0,0,0,0
SSC22637,74,5,7,0,0,0,0,82
SSC22638,0,0,0,0,0,0,0,0
SSC22639,0,0,0,0,0,0,0,0
SSC22640,6,0,0,0,0,0,0,6
SSC22641,0,0,0,0,0,0,0,0
SSC22642,0,0,0,0,0,0,0,0
SSC22643,21,4,0,0,0,0,0,27
SSC22644,17,0,0,0,0,0,0,19
SSC22645,0,0,0,0,0,0,0,0
SSC22646,3,0,0,0,0,0,0,3
SSC22647,0,0,0,0,0,0,0,0
SSC22648,1277,123,91,14,0,0,10,1512
SSC22649,4,0,0,0,0,0,0,4
SSC22650,178,8,3,3,0,0,0,189
SSC22651,3,0,0,0,0,0,0,3
SSC22652,21,0,0,0,0,0,0,22
SSC22653,15,0,0,0,0,0,0,12
SSC22654,7,0,0,0,0,0,0,10
SSC22655,7,0,0,0,0,0,0,8
SSC22656,293,23,8,0,0,0,0,325
SSC22657,8,0,0,0,0,0,0,8
SSC22658,46,3,0,0,0,0,0,50
SSC22659,59,3,3,0,0,0,0,61
SSC22660,375,35,19,3,0,0,0,437
SSC22661,3,0,0,0,0,0,0,8
SSC22662,12,0,0,0,0,0,0,9
SSC22663,181,7,8,0,3,0,0,199
SSC22664,0,0,0,0,0,0,0,0
SSC22665,24,0,0,0,0,0,0,26
SSC22666,0,0,0,0,0,0,0,0
SSC22667,1446,117,91,19,3,0,19,1686
SSC22668,62,0,0,0,0,0,0,63
SSC22669,0,0,0,0,0,0,0,0
SSC22670,29,4,0,0,0,0,0,32
SSC22671,12,0,0,0,0,0,0,12
SSC22672,1763,99,49,23,0,0,4,1939
SSC22673,2578,135,49,38,0,0,7,2807
SSC22674,20,0,0,0,0,0,0,22
SSC22675,5,0,0,0,0,0,0,5
SSC22676,123,23,10,0,0,0,0,164
SSC22677,3,0,0,0,0,0,0,3
SSC22678,11,0,0,0,0,0,0,11
SSC22679,0,0,0,0,0,0,0,0
SSC22680,12,0,0,0,0,0,0,13
SSC22681,0,0,0,0,0,0,0,0
SSC22682,46,5,5,0,0,0,0,56
SSC22683,4,0,0,0,0,0,0,4
SSC22684,166,16,5,0,0,0,3,188
SSC22685,1446,105,75,8,3,0,12,1656
SSC22686,38,0,0,0,0,0,0,37
SSC22687,0,0,0,0,0,0,0,0
SSC22688,6,0,0,0,0,0,0,6
SSC22689,805,53,20,5,0,0,0,885
SSC22690,100,0,3,0,0,0,0,112
SSC22691,768,48,19,3,0,0,0,841
SSC22692,3,0,0,0,0,0,0,3
SSC22693,8,0,0,0,0,0,0,14
SSC22694,83,3,4,0,0,0,0,97
SSC22695,0,0,0,0,0,0,0,0
SSC22696,18,3,0,0,0,0,0,18
SSC22697,2557,184,125,18,3,0,12,2904
SSC22698,3,0,0,0,0,0,0,5
SSC22699,6,0,0,0,0,0,0,6
SSC22700,8,0,0,0,0,0,0,8
SSC22701,12,0,0,0,0,0,0,12
SSC22702,3,0,0,0,0,0,0,4
SSC22703,7,0,0,0,0,0,0,7
SSC22704,21,0,0,0,0,0,0,24
SSC22705,0,0,0,0,0,0,0,0
SSC22706,8,0,0,0,0,0,0,8
SSC22707,416,26,8,10,0,0,0,455
SSC22708,558,36,17,3,0,0,3,608
SSC22709,529,21,14,3,0,0,0,573
SSC22710,7,0,0,0,0,0,0,8
SSC22711,14,0,3,0,0,0,0,18
SSC22712,0,0,0,0,0,0,0,0
SSC22713,13,0,0,0,0,0,0,13
SSC22714,266,7,8,3,0,0,0,288
SSC22715,0,0,0,0,0,0,0,0
SSC22716,27,0,0,0,0,0,0,27
SSC22717,565,32,23,9,0,4,0,625
SSC22718,3,0,0,0,0,0,0,3
SSC22719,3,0,0,0,0,0,0,7
SSC22720,49,6,4,0,0,0,0,61
SSC22721,0,0,0,0,0,0,0,0
SSC22722,0,0,0,0,0,0,0,5
SSC22723,3,0,0,0,0,0,0,3
SSC22724,5,0,0,0,0,0,0,5
SSC22725,10,0,0,0,0,0,0,11
SSC22726,3,0,0,0,0,0,0,3
SSC22727,8,0,3,0,0,0,0,10
SSC22728,23,0,0,0,0,0,0,26
SSC22729,25,3,0,0,0,0,0,28
SSC22730,5,0,0,0,0,0,0,5
SSC22731,630,76,54,14,3,0,8,783
SSC22732,6,0,0,0,0,0,0,13
SSC22733,0,0,0,0,0,0,0,0
SSC22734,7,0,0,0,0,0,0,9
SSC22735,3,0,0,0,0,0,0,3
SSC22736,4365,351,187,52,8,6,15,4989
SSC22737,163,5,8,0,0,0,0,183
SSC22738,10,0,0,0,0,0,0,9
SSC22739,112,4,11,4,0,0,0,132
SSC22740,31,0,0,0,0,0,0,35
SSC22741,13,0,0,0,0,0,0,15
SSC22742,1147,57,18,13,0,0,9,1234
SSC22743,246,8,8,0,0,0,0,263
SSC22744,1357,128,111,7,0,0,9,1607
SSC22745,15,0,0,0,0,0,0,17
SSC22746,8,0,0,0,0,0,0,8
SSC22747,586,39,25,4,0,0,3,660
SSC22748,6,0,0,0,0,0,0,6
SSC22749,5,0,0,0,0,0,0,5
SSC22750,58,0,0,0,0,0,0,64
SSC22751,17,0,0,0,0,0,0,18
SSC22752,2687,96,33,29,0,0,7,2853
SSC22753,0,0,0,0,0,0,0,0
SSC22754,3,0,0,0,0,0,0,4
SSC22755,285,20,9,3,0,0,4,326
SSC22756,35,3,0,0,0,0,0,35
SSC22757,6,0,0,0,0,0,0,6
SSC22758,19,0,0,0,0,0,0,20
SSC22759,3,0,0,0,0,0,0,5
SSC22760,232,30,20,0,0,0,6,286
SSC22761,629,43,35,3,0,0,0,712
SSC22762,0,0,0,0,0,0,0,0
SSC22763,33,4,0,0,0,0,0,44
SSC22764,6,0,0,0,0,0,0,6
SSC22765,7,0,0,0,0,0,0,7
SSC22766,5,0,0,0,0,0,0,3
SSC22767,11,4,0,0,0,0,0,11
SSC22768,14,3,0,0,0,0,0,16
SSC22769,11,0,0,0,0,0,0,11
SSC22770,26,0,0,0,0,0,0,28
SSC22771,6,0,0,0,0,0,0,6
SSC22772,0,0,0,0,0,0,0,0
SSC22773,3,0,0,0,0,0,0,5
SSC22774,29,0,4,0,0,0,0,35
SSC22775,3,0,0,0,0,0,0,3
SSC22776,0,0,0,0,0,0,0,0
SSC22777,1043,41,23,18,0,0,0,1130
SSC22778,1831,81,36,10,0,0,5,1961
SSC22779,159,9,6,0,0,0,0,178
SSC22780,63,3,3,0,0,0,0,74
SSC22781,24,0,0,0,0,0,0,23
SSC22782,0,0,0,0,0,0,0,0
SSC22783,6,0,0,0,0,0,0,6
SSC22784,15,0,0,0,0,0,0,14
SSC22785,6,0,0,0,0,0,0,6
SSC22786,3,0,0,0,0,0,0,3
SSC22787,34,0,3,0,0,0,0,42
SSC22788,147,17,9,3,0,0,0,175
SSC22789,16,0,0,0,0,0,0,20
SSC22790,11,4,0,0,0,0,0,17
SSC22791,353,21,7,0,0,0,4,389
SSC22792,0,0,0,0,0,0,0,0
SSC22793,0,0,0,0,0,0,0,0
SSC22794,0,0,0,0,0,0,0,0
SSC22795,0,0,0,0,0,0,0,0
SSC22796,0,0,0,0,0,0,0,0
SSC22797,0,0,0,0,0,0,0,3
SSC22798,5,0,0,0,0,0,0,8
SSC22799,46,0,4,0,0,0,0,54
SSC22800,11,0,0,4,0,0,0,14
SSC22801,0,0,0,0,0,0,0,0
SSC22802,0,0,0,0,0,0,0,3
SSC22803,16,0,0,0,0,0,0,21
SSC22804,1536,174,111,13,0,3,11,1845
SSC22805,1383,51,29,20,0,0,0,1484
SSC22806,0,0,0,0,0,0,0,3
SSC22807,3,0,0,0,0,0,0,3
SSC22808,15,4,0,0,0,0,0,26
SSC22809,3,0,0,0,0,0,0,4
SSC22810,570,36,20,0,0,0,3,625
SSC22811,0,0,0,0,0,0,0,0
SSC22812,0,0,0,0,0,0,0,0
SSC22813,0,0,0,0,0,0,0,0
SSC22814,315,32,23,3,0,0,3,377
SSC22815,13,0,0,0,0,0,0,13
SSC22816,0,0,0,0,0,0,0,0
SSC22817,6,0,0,0,0,0,0,10
SSC22818,699,41,26,3,3,0,0,773
SSC22819,49,3,0,0,0,0,0,47
SSC22820,0,0,0,0,0,0,0,0
SSC22821,55,3,3,0,0,0,0,61
SSC22822,0,0,0,0,0,0,0,0
SSC22823,7,0,0,0,0,0,0,7
SSC22824,15,0,0,0,0,0,0,15
SSC22825,0,0,0,0,0,0,0,0
SSC22826,27,4,3,0,0,0,0,37
SSC22827,3,0,0,0,0,0,0,3
SSC22828,19,0,0,0,0,0,0,20
SSC22829,7,0,0,0,0,0,0,7
SSC22830,3,0,0,0,0,0,0,3
SSC22831,46,8,0,0,0,0,0,52
SSC22832,3,0,0,0,0,0,0,3
SSC22833,27,0,0,0,0,0,0,28
SSC22834,0,0,0,0,0,0,0,0
SSC22835,0,0,0,0,0,0,0,0
SSC22836,45,0,7,0,0,0,0,48
SSC22837,15,0,0,0,0,0,0,20
SSC22838,39,8,0,0,0,0,0,43
SSC22839,0,0,0,0,0,0,0,3
SSC22840,3,0,0,0,0,0,0,6
SSC22841,12,3,0,0,0,0,0,9
SSC22842,276,31,32,7,0,0,4,345
SSC22843,33,0,0,0,0,0,0,37
SSC22844,7,0,0,0,0,0,0,13
SSC22845,35,0,0,0,0,0,0,42
SSC22846,20,0,0,0,0,0,0,20
SSC22847,0,0,0,0,0,0,0,0
SSC22848,0,0,0,0,0,0,0,0
SSC22849,7,0,0,0,0,0,0,9
SSC22850,0,0,0,0,0,0,0,0
SSC22851,0,0,0,0,0,0,0,0
SSC22852,0,0,0,0,0,0,0,0
SSC22853,0,0,0,0,0,0,0,0
SSC22854,10,0,0,0,0,0,0,12
SSC22855,0,0,0,0,0,0,0,0
SSC22856,0,0,0,0,0,0,0,0
SSC22857,0,0,0,0,0,0,0,0
SSC22858,26,3,3,0,0,0,0,28
SSC22859,18,0,0,0,0,0,0,23
SSC22860,121,13,13,0,0,0,0,140
SSC22861,164,14,3,0,0,0,0,181
SSC22862,35,3,0,0,0,0,4,48
SSC22863,0,0,0,0,0,0,0,0
SSC22864,5,0,0,0,0,0,0,5
SSC22865,0,0,0,0,0,0,0,0
SSC22866,3,0,0,0,0,0,0,3
SSC22867,4,0,0,0,0,0,0,4
SSC22868,2881,205,156,49,5,9,10,3307
SSC22869,29,0,0,0,0,0,0,31
SSC22870,15,0,0,0,0,0,0,15
SSC22871,11,0,0,0,0,0,0,11
SSC22872,10,0,0,0,0,0,0,11
SSC22873,0,0,0,0,0,0,0,4
SSC22874,194,11,14,0,0,0,3,224
SSC22875,28,3,0,0,0,0,0,29
SSC22876,0,0,0,0,0,0,0,0
SSC22877,564,29,9,0,0,0,0,606
SSC22878,15,0,3,0,0,0,0,21
SSC22879,124,15,11,3,0,0,0,153
SSC22880,0,0,0,0,0,0,0,0
SSC22881,32,3,3,0,0,0,0,36
SSC22882,18,3,0,0,0,0,0,22
SSC22883,24,0,3,0,0,0,0,32
SSC22884,8,0,0,0,0,0,0,11
SSC22885,17,0,0,0,0,0,0,21
SSC22886,3,0,0,0,0,0,0,3
SSC22887,11,0,0,0,0,0,0,16
SSC22888,0,0,0,0,0,0,0,0
SSC22889,13,3,0,0,0,0,0,16
SSC22890,0,0,0,0,0,0,0,0
SSC22891,28,0,0,0,0,0,0,34
SSC22892,24,0,4,0,0,0,0,27
SSC22893,11,0,0,0,0,0,0,11
SSC22894,8,0,0,0,0,0,0,8
SSC22895,321,33,11,4,0,0,0,370
SSC22896,247,12,9,3,0,0,0,273
SSC22897,5,0,0,0,0,0,0,5
SSC22898,150,19,5,3,0,0,0,178
SSC22899,11,3,0,0,0,0,0,17
SSC22900,138,15,11,4,0,0,0,167
SSC22901,240,3,0,0,0,0,0,250
SSC22902,1751,79,20,6,0,0,6,1867
SSC22903,3,0,0,0,0,0,0,4
SSC22904,568,51,36,3,0,0,3,666
SSC22905,0,0,0,0,0,0,0,0
SSC22906,51,5,0,0,0,0,0,64
SSC22907,5,0,0,0,0,0,0,5
SSC22908,0,0,0,0,0,0,0,0
SSC22909,111,8,6,0,0,0,3,137
SSC22910,70,9,3,0,0,0,0,83
SSC22911,35,3,0,0,0,0,0,40
SSC22912,31,0,0,4,0,0,0,40
SSC22913,20,0,0,0,0,0,0,22
SSC22914,14,0,0,0,0,0,0,14
SSC22915,17,3,0,0,0,0,0,16
SSC22916,3,0,0,0,0,0,0,3
SSC22917,0,0,0,0,0,0,0,0
SSC22918,8,0,0,0,0,0,0,8
SSC22919,88,3,4,0,0,0,0,101
SSC22920,78,7,0,0,0,0,3,86
SSC22921,0,0,0,0,0,0,0,0
SSC22922,7,0,0,0,0,0,0,5
SSC22923,4,0,0,0,0,0,0,4
SSC22924,16,0,3,0,0,0,0,15
SSC22925,3,0,0,0,0,0,0,3
SSC22926,17,0,0,0,0,0,0,17
SSC22927,0,0,0,0,0,0,0,0
SSC22928,17,4,0,0,0,0,0,18
SSC22929,0,0,0,0,0,0,0,0
SSC29494,0,0,0,0,0,0,0,0
SSC29797,0,0,0,0,0,0,0,0
