SA2_MAINCODE_2016,P_Oth_scs_15_19,P_Oth_scs_20_24,P_Oth_scs_25_34,P_Oth_scs_35_44,P_Oth_scs_45_54,P_Oth_scs_55_64,P_Oth_scs_65_74,P_Oth_scs_75_84,P_Oth_scs_85ov,P_Oth_scs_Tot,P_ID_NS_15_19,P_ID_NS_20_24,P_ID_NS_25_34,P_ID_NS_35_44,P_ID_NS_45_54,P_ID_NS_55_64,P_ID_NS_65_74,P_ID_NS_75_84,P_ID_NS_85ov,P_ID_NS_Tot,P_Tot_15_19,P_Tot_20_24,P_Tot_25_34,P_Tot_35_44,P_Tot_45_54,P_Tot_55_64,P_Tot_65_74,P_Tot_75_84,P_Tot_85ov,P_Tot_Tot
201011001,12,11,41,41,43,12,3,3,0,163,7,14,28,29,37,15,10,0,0,137,444,538,1182,1322,1340,757,145,12,0,5747
201011002,3,11,30,13,35,36,12,0,0,131,10,9,30,30,36,21,17,7,0,161,301,507,1008,1070,1304,1002,254,49,8,5491
201011003,19,54,79,70,87,57,20,3,0,393,21,36,59,48,81,58,19,7,0,321,589,1051,2258,2098,2318,1794,384,37,3,10533
201011004,7,45,96,78,72,55,17,0,0,381,29,69,65,72,69,54,8,5,3,368,548,1428,2511,2016,1838,1359,269,25,6,9991
201011005,4,10,6,24,33,26,3,0,0,112,8,7,15,29,22,17,7,0,0,104,216,367,440,737,778,623,119,12,0,3287
201011006,3,13,27,28,25,30,3,0,0,131,4,18,23,23,24,19,7,0,0,112,241,378,739,672,658,483,110,13,3,3289
201011007,7,3,7,17,18,19,0,0,0,70,5,10,3,18,20,14,0,0,0,76,147,157,232,433,545,369,46,3,3,1949
201011008,8,29,40,43,33,34,13,0,0,207,18,20,41,49,58,31,14,6,3,238,309,529,1304,1199,1106,838,190,24,8,5503
201021009,5,5,14,19,24,23,4,0,0,91,5,18,21,20,38,21,11,0,0,144,164,191,390,582,717,499,129,25,5,2698
201021010,7,10,27,30,25,32,4,0,0,127,14,9,21,22,29,34,16,3,0,148,154,224,435,641,729,745,214,20,10,3167
201021011,7,10,10,23,24,30,4,0,0,108,4,12,17,33,53,40,13,4,3,175,123,195,414,756,1069,976,306,47,6,3891
201021012,5,13,5,18,25,11,3,0,0,76,9,17,12,20,26,23,15,3,0,129,169,183,301,536,766,509,156,27,6,2660
201031013,0,3,7,8,4,3,0,0,0,27,0,3,8,6,8,11,9,0,0,56,48,78,127,219,281,314,118,14,4,1209
201031014,11,0,10,7,18,16,3,0,0,71,6,11,3,14,13,14,8,3,0,81,77,95,225,312,382,388,132,14,9,1628
201031015,0,6,16,23,19,14,0,0,0,74,4,3,15,28,19,23,12,3,0,107,96,123,305,433,469,384,86,17,3,1919
201031016,4,11,14,19,19,21,3,0,0,95,14,7,14,19,28,27,3,9,0,125,175,245,418,470,610,517,120,24,4,2586
201031017,4,10,11,6,18,17,3,0,0,70,3,6,8,20,21,21,4,3,0,101,99,131,222,315,494,430,120,21,7,1840
202011018,4,27,61,30,26,34,14,0,0,188,21,27,40,52,58,33,9,4,0,247,299,746,1474,1097,1214,968,228,23,3,6047
202011019,5,28,31,37,36,34,6,0,0,175,12,26,47,41,35,45,12,4,0,216,284,543,1047,891,932,802,146,14,6,4667
202011020,15,34,46,25,47,37,16,3,0,219,6,18,29,30,37,34,14,5,0,165,431,724,1081,1043,1312,1027,284,38,3,5945
202011021,6,26,29,23,32,30,5,0,0,153,8,21,22,24,20,20,3,5,0,124,277,712,864,858,823,676,124,10,0,4341
202011022,16,48,97,55,55,58,12,0,0,338,9,37,60,58,40,50,19,3,0,284,413,955,1985,1600,1560,1394,256,32,3,8195
202011023,14,3,29,28,30,18,3,0,0,125,7,8,12,27,19,16,0,0,0,82,188,168,447,644,624,392,58,4,3,2538
202011024,10,9,26,38,38,28,3,0,0,144,10,11,14,36,22,29,11,3,0,126,316,283,664,1106,1024,670,144,16,6,4219
202011025,12,34,75,46,28,24,8,0,0,222,9,22,37,46,50,21,11,0,0,199,357,590,1560,1105,1071,793,139,15,4,5639
202021026,3,7,27,27,39,28,8,0,0,137,9,9,10,23,39,19,13,0,0,126,231,211,536,746,963,651,152,19,3,3523
202021027,5,18,21,22,38,26,8,0,0,135,12,10,37,38,36,35,15,0,0,190,226,269,568,776,1034,913,222,30,12,4042
202021028,3,14,18,24,24,23,3,0,0,116,15,7,9,24,42,39,10,4,0,146,170,212,350,635,1005,951,263,51,12,3646
202021029,0,0,5,14,19,14,3,0,0,57,3,14,7,7,19,19,5,3,0,71,56,91,208,286,426,379,100,33,0,1576
202021030,11,18,16,35,41,26,13,0,0,170,11,19,21,31,49,27,11,3,0,176,206,304,630,942,1077,832,250,39,8,4291
202021031,3,11,15,22,29,14,10,0,0,99,3,3,16,28,39,18,13,3,3,132,148,191,338,768,895,606,192,13,7,3166
202031032,3,0,13,6,28,12,3,0,0,71,8,3,9,14,19,14,7,0,0,79,108,108,228,400,541,452,110,20,3,1973
202031033,3,5,12,16,12,14,0,0,0,59,10,10,19,19,30,25,8,3,3,121,107,133,309,459,634,701,230,63,10,2638
203011034,5,9,35,38,17,27,5,0,0,130,8,12,19,41,32,12,4,0,0,137,180,235,608,830,694,380,83,10,4,3035
203011035,4,17,22,24,24,21,7,0,0,125,18,3,15,28,36,30,6,4,0,144,144,188,506,734,865,623,206,25,5,3294
203011036,10,12,14,21,30,14,6,0,0,110,5,14,9,20,29,28,6,3,0,109,148,210,344,585,703,579,204,28,4,2812
203021037,4,27,62,41,43,27,11,0,0,211,13,24,48,36,36,32,9,0,3,193,360,735,1711,1316,1229,918,196,14,3,6480
203021038,18,59,80,67,51,38,0,0,0,318,34,72,114,117,124,89,19,3,3,585,512,1067,1922,1775,1890,1389,253,21,9,8825
203021039,4,25,54,45,40,47,19,0,0,232,6,15,53,32,38,22,17,5,0,199,267,685,1524,1178,1300,1075,244,27,5,6301
203021040,3,47,80,72,67,47,13,0,0,329,9,54,78,64,66,38,15,5,0,332,430,1032,2455,2132,2032,1352,240,23,3,9707
203021041,11,59,112,70,80,62,18,3,0,417,22,37,79,80,61,45,15,7,3,350,646,1404,2593,2416,2117,1477,293,27,10,10982
203021042,20,53,66,59,65,43,12,0,0,319,20,43,47,47,69,64,15,3,0,307,802,1175,1776,2272,2393,1751,397,45,3,10614
203021043,16,49,61,63,63,49,10,0,0,301,20,29,53,74,80,65,12,3,0,340,530,781,1652,1990,1935,1217,217,20,4,8334
203021044,6,22,81,62,47,26,9,6,0,250,21,24,40,45,42,31,10,0,0,210,387,490,1428,1283,1300,866,169,18,3,5940
203021045,11,35,58,47,68,36,13,0,0,263,15,31,54,50,73,45,16,3,0,283,342,710,1166,1083,1393,1042,202,19,3,5953
203021046,10,10,38,17,24,27,3,0,0,138,7,13,42,31,31,28,8,4,0,165,296,409,884,1063,1122,869,220,38,12,4909
203021047,7,23,55,60,45,32,9,0,0,234,21,28,69,68,58,48,15,0,0,299,314,591,1463,1317,1259,934,234,17,7,6139
203031048,19,22,46,47,49,37,12,3,0,236,14,27,37,40,56,38,12,3,0,231,346,463,939,1161,1366,1135,232,35,0,5681
203031049,0,10,6,12,20,15,4,0,0,58,3,6,15,13,19,29,7,0,0,94,108,137,317,386,579,564,179,15,3,2277
203031050,12,31,67,82,78,63,20,0,0,354,17,38,50,82,79,78,26,5,3,372,563,792,2040,2701,2438,1934,460,51,5,10989
203031051,3,0,16,6,19,23,6,0,0,74,6,6,13,11,21,28,16,4,0,111,111,160,257,371,625,628,191,23,7,2377
203031052,0,6,7,6,5,8,10,0,0,44,3,0,5,6,8,20,4,3,0,48,80,67,156,251,365,405,156,26,0,1502
203031053,11,20,53,74,64,41,6,0,0,286,25,21,54,87,72,39,25,6,0,317,431,532,1646,2351,2173,1381,348,30,0,8877
204011054,8,8,16,12,20,13,5,0,0,84,5,7,14,10,39,32,13,3,3,117,127,168,371,471,612,622,226,43,13,2652
204011055,7,4,18,13,15,17,12,0,0,88,8,3,11,16,35,29,24,3,0,124,120,135,359,417,567,668,276,57,14,2614
204011056,10,32,58,49,51,29,13,0,0,242,20,25,39,55,66,48,16,4,0,284,340,566,1093,1242,1525,1015,237,29,0,6047
204011057,16,12,20,23,36,32,22,0,0,153,9,15,20,47,44,39,17,9,0,189,215,249,561,740,876,899,316,45,12,3911
204011058,0,3,7,3,9,17,0,0,0,40,5,3,14,13,24,13,4,5,0,79,84,117,284,327,386,433,103,30,6,1764
204011059,5,12,18,23,24,20,6,0,0,100,7,11,15,18,26,27,4,6,0,114,159,214,432,425,567,537,106,19,9,2459
204011060,5,5,12,9,18,7,3,0,0,69,3,9,10,11,16,11,9,0,0,76,166,210,397,401,470,363,128,14,3,2151
204011061,0,0,0,0,3,0,0,0,0,3,0,0,0,0,3,0,0,0,0,8,0,3,13,7,26,10,0,0,0,67
204011062,0,3,13,10,17,24,0,0,0,69,0,7,9,13,23,9,17,8,0,83,63,72,156,279,342,368,142,35,13,1465
204021063,13,17,26,27,34,28,10,5,0,157,9,19,26,28,32,32,17,3,0,168,232,352,639,672,946,869,231,41,12,3993
204021064,0,7,9,10,14,9,3,0,0,58,6,0,7,4,21,20,14,3,0,77,82,79,205,259,405,464,180,21,7,1704
204021065,6,6,16,11,15,13,6,0,0,77,0,8,4,17,10,9,5,6,0,69,99,111,250,372,447,348,104,17,4,1760
204021066,13,42,70,58,63,44,18,0,0,296,31,27,60,52,67,49,17,9,0,316,558,655,1469,1583,1793,1449,296,39,10,7862
204021067,6,11,20,28,36,19,5,0,0,139,8,13,20,43,42,43,18,3,4,192,230,254,523,922,1219,1123,375,98,18,4756
204031068,0,3,7,7,11,11,3,0,0,47,9,7,11,10,6,14,8,4,0,71,101,82,235,400,508,497,159,16,3,1999
204031069,8,9,16,17,27,10,5,0,0,86,14,14,16,15,24,30,15,3,0,132,211,238,522,742,881,801,241,35,8,3678
204031070,4,9,17,15,17,7,0,0,0,64,5,6,9,6,15,21,3,3,0,69,81,103,198,279,407,349,82,17,5,1526
204031071,6,7,16,9,22,11,3,0,0,76,8,3,9,15,21,18,3,7,7,91,136,122,256,339,541,491,120,21,5,2041
204031072,0,8,18,12,34,21,4,0,0,99,7,9,12,12,23,24,12,4,3,103,128,138,329,406,664,639,290,58,14,2649
204031073,8,43,76,55,52,40,7,0,0,294,16,21,44,51,54,31,13,4,0,225,444,665,1455,1463,1560,1120,224,19,3,6955
204031074,39,68,101,74,67,48,13,0,0,409,32,50,86,101,99,57,19,3,0,447,813,1282,2599,2206,2307,1656,338,28,10,11239
204031075,3,3,9,21,24,12,0,0,0,72,4,5,12,15,26,7,5,4,0,77,128,136,247,457,607,493,152,23,0,2248
205011076,21,38,82,61,81,60,14,3,0,353,17,26,61,52,80,59,28,7,0,327,356,607,1516,1290,1483,1179,301,49,6,6782
205011077,12,13,21,18,38,17,5,0,0,117,7,13,13,32,21,19,8,0,0,121,143,187,304,513,699,638,215,44,3,2748
205011078,5,23,23,27,22,29,0,0,0,131,11,8,15,29,35,23,9,3,3,135,175,274,640,695,729,690,186,25,13,3434
205011079,20,39,80,67,95,70,22,3,0,396,12,33,49,50,70,53,19,7,0,303,570,715,1524,1540,2004,1512,402,81,13,8357
205021080,0,0,0,0,0,0,0,0,0,0,0,0,0,0,0,0,0,0,0,0,0,0,0,0,0,4,0,0,0,4
205021081,12,29,53,41,49,57,8,0,0,257,16,16,40,38,50,44,19,5,0,230,342,530,1132,1053,1254,1092,271,46,7,5729
205021082,0,7,20,27,38,24,9,0,0,117,8,16,24,25,41,42,13,6,0,170,190,201,488,595,880,775,277,54,7,3479
205021083,0,0,0,0,0,0,0,0,0,0,0,0,0,0,0,0,0,0,0,0,0,0,0,0,0,0,0,0,0,0
205021084,7,16,19,19,32,29,8,3,0,129,12,3,11,30,20,45,15,5,0,142,201,222,477,633,808,819,257,30,3,3452
205021085,0,4,17,14,22,13,5,0,0,76,4,4,11,16,18,35,11,10,0,107,92,98,281,382,600,606,193,44,7,2304
205021086,3,8,5,23,5,14,3,0,0,72,4,12,6,8,23,22,8,0,0,92,106,123,266,366,500,527,172,31,0,2086
205031087,7,13,18,21,23,26,5,0,0,111,15,11,19,20,38,36,14,6,3,161,162,220,473,598,851,829,311,53,10,3508
205031088,0,0,0,0,0,0,0,0,0,0,0,0,0,0,0,0,0,0,0,3,0,0,7,10,7,18,4,3,0,50
205031089,13,22,35,20,32,35,13,0,0,172,11,8,16,43,55,48,14,5,3,200,227,250,589,778,974,891,251,45,13,4012
205031090,13,23,33,24,33,28,9,0,0,160,3,14,32,34,41,37,20,6,0,192,284,325,761,918,1160,952,317,62,6,4781
205031091,5,12,24,19,36,26,10,0,4,124,12,10,21,34,32,26,14,0,0,141,186,212,652,818,973,909,261,29,11,4049
205031092,0,0,0,0,0,0,0,0,0,0,0,0,0,0,0,0,0,0,0,0,0,0,0,4,0,0,0,0,0,12
205031093,10,28,64,81,69,57,12,4,0,325,18,22,63,63,81,94,32,13,7,392,472,513,1398,1569,2012,1793,537,93,15,8395
205041094,8,25,23,25,43,24,6,0,0,157,8,16,24,29,31,43,19,0,0,176,308,432,816,899,1144,989,241,24,7,4857
205041095,9,37,51,40,55,43,13,0,0,242,24,35,52,38,60,50,11,6,0,271,389,667,1205,1122,1350,1096,225,28,5,6085
205041096,6,26,36,29,35,27,10,3,0,174,14,20,50,35,46,36,8,5,0,203,256,455,932,789,982,841,186,35,3,4472
205041097,33,52,109,106,76,51,11,0,0,444,22,39,87,68,74,55,27,6,0,374,691,1164,2744,2517,2517,1836,389,48,9,11911
205041098,9,12,20,14,14,14,5,0,0,76,3,5,12,16,19,17,3,0,0,86,127,187,358,411,515,417,74,3,3,2088
205051099,0,0,0,0,0,0,0,0,0,0,0,0,0,0,0,0,0,0,0,0,0,0,0,0,10,3,3,0,0,17
205051100,4,4,8,13,4,13,0,0,0,52,0,3,5,9,26,20,9,4,0,76,93,98,240,305,425,380,110,20,6,1670
205051101,16,30,45,40,48,43,10,0,0,235,22,30,44,44,56,49,26,9,0,283,346,512,1058,1149,1312,1286,339,58,5,6065
205051102,6,9,11,13,17,5,0,0,0,66,3,10,10,13,13,10,14,3,0,73,70,151,341,362,415,364,122,23,6,1848
205051103,9,35,54,43,33,39,8,0,0,231,15,21,68,25,40,41,4,4,3,219,399,537,1324,1257,1337,1052,212,31,10,6155
205051104,5,7,12,10,17,18,6,0,0,66,9,14,11,11,21,16,3,0,0,99,93,133,285,328,512,557,190,31,11,2144
206011105,3,56,183,98,63,46,12,0,0,454,12,57,219,95,61,36,18,3,0,506,268,1780,6212,3473,1949,1139,257,28,3,15111
206011106,4,29,86,47,46,9,3,0,0,224,3,19,95,49,24,13,7,3,0,214,94,737,2871,1535,857,435,110,9,0,6655
206011107,3,24,99,51,44,24,5,0,0,247,3,22,99,59,38,24,9,3,0,269,169,815,2628,1687,1208,705,159,16,0,7390
206011108,7,39,118,95,97,61,15,4,0,441,7,59,180,145,85,57,21,0,0,551,338,1305,4003,3369,2537,1400,260,27,7,13246
206011109,5,13,28,44,34,14,12,0,0,152,5,19,36,42,48,27,5,0,0,187,201,413,958,1244,1249,634,136,13,0,4851
206021110,3,16,38,34,24,17,3,0,0,144,9,17,54,38,30,21,12,0,0,177,160,467,1326,1082,1106,651,113,13,4,4921
206021111,9,39,125,116,81,53,17,0,0,437,14,46,135,112,96,45,10,3,0,455,333,1109,4196,3343,2822,1445,283,33,4,13574
206021112,5,29,97,77,68,31,15,0,0,317,4,43,131,90,82,37,7,3,0,406,203,841,3022,2735,1875,948,156,26,4,9806
206031113,0,14,76,43,46,27,4,3,0,209,6,14,72,64,46,24,13,3,0,240,214,684,2199,1825,1533,934,200,19,4,7609
206031114,12,49,114,67,93,54,19,3,0,403,17,56,115,116,136,69,25,0,0,543,701,1472,3566,2980,3255,2158,475,45,9,14671
206031115,0,10,46,22,16,19,8,0,0,120,8,23,73,49,27,21,5,0,0,213,115,562,1790,1034,622,421,77,7,0,4631
206031116,11,11,59,33,45,34,6,0,0,210,3,30,68,55,57,25,15,3,0,268,275,784,1968,1730,1585,1013,219,27,5,7599
206041117,3,28,54,24,15,22,8,0,0,150,21,62,103,36,30,15,9,0,0,267,250,1351,2824,965,573,379,134,30,0,6501
206041118,3,20,53,26,18,12,4,0,0,133,8,39,91,32,49,23,13,0,0,256,75,543,2743,1126,740,494,163,16,3,5898
206041119,0,4,23,14,14,13,3,0,0,65,0,9,38,18,16,13,7,3,0,115,29,229,1117,564,431,417,205,29,8,3031
206041120,0,0,0,0,0,0,0,0,0,0,0,0,0,0,0,0,0,0,0,0,0,9,9,11,4,5,0,0,0,38
206041121,3,14,59,37,32,15,6,0,0,162,3,17,87,52,25,20,6,0,0,213,100,556,2585,1562,899,490,98,4,0,6294
206041122,10,89,200,50,48,18,3,0,0,432,28,182,362,106,73,24,9,0,0,783,377,2882,8355,2331,1061,621,187,24,11,15847
206041123,11,38,118,37,43,19,3,0,0,267,12,58,146,76,45,29,5,9,0,377,259,1464,4322,1907,1144,630,190,31,10,9952
206041124,3,23,22,13,15,3,0,0,0,81,3,24,38,18,15,12,3,0,3,111,369,855,1191,407,311,247,111,14,3,3503
206041125,0,13,25,11,4,6,4,0,0,69,0,8,47,12,21,29,15,6,0,143,44,285,1307,602,465,403,219,57,8,3377
206041126,3,35,133,48,26,14,3,0,0,265,9,57,214,77,50,33,13,0,0,451,171,1275,5405,1961,981,657,222,21,3,10711
206041127,0,0,0,0,0,0,0,0,0,0,0,0,0,0,0,0,0,0,0,0,0,0,0,0,0,0,0,0,0,0
206051128,11,15,36,34,29,13,6,0,0,150,9,24,91,91,89,43,19,4,3,376,160,486,2175,1904,1689,1119,475,59,15,8083
206051129,6,24,102,68,53,33,5,0,0,285,3,20,129,94,51,34,7,3,0,340,121,618,3182,2377,1726,988,230,23,7,9276
206051130,6,20,78,58,50,27,15,0,0,266,4,23,99,109,76,50,28,8,0,397,155,443,2459,2463,1793,1157,417,46,5,8931
206051131,0,0,0,0,0,0,0,0,0,0,0,0,0,0,0,0,0,0,0,3,0,3,3,6,0,0,0,0,0,13
206051132,3,17,64,40,28,26,7,3,0,180,3,20,60,51,46,27,14,0,0,226,74,461,2172,1531,1029,594,232,21,4,6116
206051133,7,51,190,109,81,34,3,0,0,481,9,52,256,135,100,66,18,3,0,647,168,1370,6495,3363,2184,1382,358,37,11,15372
206051134,14,26,140,68,50,34,4,0,0,338,8,29,151,83,54,31,5,0,0,360,152,935,4091,2384,1384,751,194,26,3,9924
206061135,7,17,32,19,26,14,4,0,0,110,4,14,67,35,35,17,21,7,0,199,108,433,1534,1004,818,574,287,50,8,4828
206061136,3,45,150,71,49,33,11,0,0,360,5,55,184,93,57,25,10,0,0,444,172,1252,5600,2490,1419,909,276,28,4,12157
206061137,6,45,137,53,42,21,6,0,0,312,5,35,244,94,69,49,25,4,0,535,193,1391,6045,2222,1340,828,394,62,13,12487
206061138,6,16,34,33,23,26,8,0,0,147,0,25,69,49,78,51,49,15,4,349,123,634,1649,1049,1142,1043,707,165,38,6545
206071139,0,22,65,20,18,18,3,0,0,146,0,29,94,39,20,16,7,0,0,199,67,500,2574,997,578,339,103,14,0,5171
206071140,0,15,38,15,18,11,4,0,0,98,3,17,70,28,19,22,9,0,0,174,86,602,1923,929,705,523,244,23,4,5039
206071141,9,12,68,24,21,11,3,0,0,149,3,18,73,41,30,21,3,0,0,197,68,421,2292,1018,544,287,69,7,3,4711
206071142,0,8,66,37,19,16,4,0,0,146,7,26,94,60,30,19,8,3,0,252,77,498,2303,1188,754,445,140,14,3,5427
206071143,3,17,77,41,32,28,9,0,0,205,9,14,91,67,35,35,11,0,0,261,122,579,2552,1620,1128,778,240,11,5,7038
206071144,3,37,226,111,70,54,16,0,0,523,10,54,316,133,97,45,21,3,0,680,326,1735,8458,3889,2401,1441,465,33,12,18752
206071145,0,18,39,31,26,29,0,0,0,144,3,9,56,36,33,14,6,0,0,163,107,359,1527,1208,986,678,200,13,3,5084
207011146,3,11,23,18,21,12,13,0,0,99,4,7,28,41,43,17,4,0,0,153,177,321,577,883,964,584,140,14,3,3659
207011147,10,11,38,26,32,34,12,0,0,162,11,36,52,55,92,49,25,8,0,332,326,753,1204,1238,1777,1260,454,65,8,7076
207011148,11,34,41,39,56,53,12,4,0,248,18,33,53,74,107,79,16,6,3,402,501,932,1288,1723,2632,1636,433,71,12,9234
207011149,8,33,53,39,48,33,18,0,0,245,13,36,65,71,89,62,30,6,3,377,452,1092,1802,1962,2512,1666,593,56,8,10156
207011150,3,19,37,38,54,44,14,0,0,210,12,16,44,64,87,49,15,3,0,296,364,725,1351,1775,2209,1390,418,40,4,8263
207011151,9,49,109,42,48,30,14,3,0,306,15,61,127,78,66,44,31,9,0,426,375,1542,4464,2454,1919,1243,522,75,9,12610
207011152,12,23,68,38,22,27,10,4,0,195,8,38,88,69,57,47,9,4,0,320,235,919,2568,1726,1337,933,338,48,3,8107
207011153,11,37,74,46,70,41,16,0,0,308,17,39,111,105,130,83,37,14,0,532,457,1293,2706,2313,2721,1898,716,127,19,12255
207011154,3,6,15,19,21,16,3,0,0,84,0,9,12,24,36,14,10,3,0,104,154,291,524,673,840,477,176,21,0,3159
207011155,11,18,24,36,48,42,24,3,0,196,13,26,38,36,105,43,27,6,4,298,373,765,1164,1449,1999,1446,480,57,12,7747
207021156,5,9,25,34,54,36,15,0,0,188,4,24,46,51,62,35,17,5,3,247,193,435,956,1034,1266,749,243,34,8,4921
207021157,5,26,80,65,73,43,18,3,0,321,9,40,127,74,105,60,29,8,0,454,332,787,2228,1801,1958,1318,422,92,9,8942
207021159,7,21,56,41,72,60,13,0,0,265,14,24,65,54,85,67,34,10,3,358,321,702,1325,1363,1776,1522,511,70,7,7602
207021160,6,14,38,44,48,39,16,3,0,211,6,18,57,63,47,45,20,3,0,263,201,471,1034,1423,1459,903,335,53,3,5883
207021424,5,23,33,53,76,44,11,0,0,246,7,24,53,62,67,56,11,3,0,280,313,651,1163,1306,1641,1292,350,33,5,6754
207021425,10,15,48,46,50,37,13,3,0,219,4,24,70,73,47,43,13,0,0,273,206,443,1405,1450,1318,791,253,42,3,5923
207031161,6,26,95,93,81,58,21,0,0,385,7,27,73,85,93,59,24,8,5,382,486,886,2052,2378,2434,1430,389,48,10,10104
207031162,4,20,32,34,34,31,18,0,0,176,0,7,32,26,44,29,11,0,0,151,224,377,896,1105,1177,717,185,23,3,4705
207031163,8,39,94,63,62,63,9,0,0,345,17,50,141,71,88,45,10,6,0,430,339,1022,2581,1792,1754,1108,224,28,0,8852
207031164,6,25,69,56,58,38,16,5,0,262,10,27,74,90,75,47,11,0,0,343,349,717,1791,1855,1921,1233,294,25,3,8186
207031165,4,27,28,48,40,22,6,0,0,169,12,39,72,36,37,21,6,4,0,220,290,819,1322,829,924,563,128,19,3,4895
207031166,0,22,34,28,44,30,10,0,0,173,4,16,53,42,57,32,21,6,0,230,173,493,1013,966,929,679,191,29,0,4471
207031167,9,15,19,24,35,24,12,0,0,137,3,17,17,33,45,33,6,0,0,153,233,516,917,1047,1216,898,239,32,8,5098
208011168,4,6,14,31,59,22,6,0,0,144,10,14,20,54,102,55,24,3,0,291,341,580,579,1262,1885,1305,409,53,4,6422
208011169,11,20,56,43,75,40,16,5,0,267,12,34,65,101,144,116,53,4,9,542,362,811,1542,1988,2710,2026,867,127,24,10461
208011170,4,18,23,43,61,43,10,3,0,197,12,19,42,67,102,69,33,3,0,343,307,542,878,1628,2092,1353,456,57,6,7322
208011171,3,6,34,41,52,21,8,3,0,177,3,14,46,55,62,28,9,6,0,226,233,365,1036,1439,1367,768,204,17,7,5435
208011172,19,17,48,41,64,38,7,0,0,234,11,11,47,78,119,70,28,8,0,363,423,669,1194,1860,2410,1423,423,38,0,8438
208011173,9,23,34,46,47,31,25,6,0,210,14,23,44,87,117,55,34,3,0,388,337,554,1089,1624,2213,1514,525,51,6,7916
208021174,9,29,59,63,108,47,8,0,0,319,16,29,72,97,124,68,23,8,0,430,482,877,1864,2501,2882,1706,363,31,4,10709
208021176,3,14,87,54,52,32,14,3,0,260,7,31,116,76,67,38,11,0,0,344,239,775,2937,2135,1580,1086,261,23,8,9049
208021177,15,41,90,50,50,39,27,3,0,308,18,37,139,89,94,88,38,14,7,524,241,860,2891,2074,1747,1524,681,97,26,10149
208021178,10,32,69,73,70,56,19,3,0,338,16,44,63,84,91,60,41,5,0,394,243,698,1783,1905,1890,1366,614,68,3,8562
208021179,7,7,50,32,43,30,9,0,0,177,3,11,60,53,53,24,13,4,3,234,163,387,1663,1382,1260,803,279,30,6,5965
208021180,0,20,31,21,30,11,0,0,0,116,3,14,36,29,37,14,4,0,0,153,153,345,1011,933,813,444,87,13,3,3805
208021181,5,14,38,29,36,13,5,3,0,148,6,12,41,42,34,38,6,0,3,190,157,411,1260,1167,1031,671,136,26,7,4867
208021182,5,19,70,42,45,26,17,3,0,222,5,20,92,65,53,39,14,0,0,282,199,606,2159,1535,1390,850,187,15,3,6946
208021426,6,19,41,64,82,46,9,0,0,264,4,15,47,73,98,42,11,3,3,303,289,533,1201,1924,1875,1013,231,24,8,7104
208021427,5,22,34,50,64,50,12,3,0,246,7,18,64,53,58,31,7,0,0,243,272,457,1180,1621,1567,935,224,18,8,6278
208031183,10,11,24,34,46,28,4,3,0,153,13,19,32,35,67,35,18,0,0,216,319,432,660,1067,1393,676,125,8,0,4672
208031184,0,0,0,0,0,0,0,0,0,0,0,0,0,0,0,5,0,0,0,4,3,3,3,6,8,4,0,0,0,22
208031185,10,24,34,63,47,34,11,0,0,220,3,25,47,67,75,65,21,3,3,323,242,447,1024,1314,1413,1069,277,26,3,5812
208031186,7,22,69,46,50,42,10,0,0,240,9,21,67,94,67,27,15,4,3,318,190,470,1639,1909,1394,986,247,16,9,6862
208031187,4,15,29,21,22,20,3,0,0,111,7,13,18,33,43,17,5,3,0,147,129,226,491,656,596,410,92,6,0,2612
208031188,13,25,84,93,98,71,20,4,0,403,16,27,101,108,127,93,23,5,4,502,463,847,2396,2792,2386,1525,393,45,9,10847
208031189,6,15,51,55,62,33,5,0,0,227,7,17,43,71,70,46,16,4,3,280,300,481,1234,1591,1608,924,226,22,3,6400
208031190,12,18,58,52,44,31,10,0,0,226,10,12,55,55,65,37,13,3,3,256,258,565,1442,1522,1506,993,267,50,6,6605
208031191,6,12,32,49,30,20,9,3,0,158,9,11,36,55,41,19,14,0,3,195,171,338,857,1121,993,575,158,15,7,4229
208031192,0,0,0,0,0,0,0,0,0,0,0,0,0,0,0,0,0,0,0,0,0,0,0,0,0,0,0,0,0,0
208031193,8,26,63,83,77,60,22,0,0,335,14,32,52,86,104,57,17,0,3,369,463,767,1871,2568,2557,1581,334,28,4,10168
208041194,9,35,75,48,43,34,17,3,0,255,21,50,82,87,96,42,26,15,4,412,288,972,2797,2127,1992,1398,577,91,13,10262
208041195,6,25,56,47,53,34,10,0,0,248,11,45,83,71,96,59,29,5,0,399,390,1092,2117,2209,2425,1482,475,53,9,10260
209011196,10,18,40,38,35,21,9,0,0,165,8,26,64,42,56,30,21,3,0,241,200,474,980,1009,954,571,185,16,0,4408
209011197,20,34,81,80,81,79,23,0,0,386,11,33,72,79,74,62,15,3,0,340,485,900,2084,2374,2264,1901,403,25,3,10436
209011198,6,18,44,51,34,39,7,3,0,203,9,13,60,61,41,36,7,6,0,244,247,576,1589,1816,1499,1026,256,35,3,7057
209011199,0,18,66,54,37,21,6,0,0,211,5,26,82,58,59,40,11,3,0,282,176,527,1826,1344,1089,762,146,19,3,5888
209011200,10,20,40,23,36,34,13,0,0,174,9,16,45,58,39,25,13,3,0,211,250,501,1295,1276,1369,988,281,31,0,5994
209011201,0,3,17,17,36,25,5,0,0,110,3,14,18,23,37,30,11,8,0,142,191,354,560,669,978,819,274,45,6,3897
209011202,3,13,60,73,54,43,14,4,0,277,19,23,53,66,65,47,30,0,0,310,328,592,1539,1993,1765,1429,393,33,8,8078
209011203,7,32,55,49,56,39,9,3,0,251,13,25,46,73,65,40,22,5,0,287,375,763,1734,2218,1974,1293,343,36,3,8747
209011204,8,16,39,45,36,25,3,3,0,171,3,24,24,41,43,26,6,0,3,171,185,345,1006,1148,898,653,154,15,3,4404
209021205,9,37,41,31,29,22,4,0,0,173,15,41,52,37,54,29,6,4,0,232,360,753,1149,900,1046,555,105,14,0,4879
209021207,12,39,128,99,86,42,16,0,0,425,27,58,189,146,127,74,18,3,0,644,344,1121,3738,2736,2012,1212,251,11,10,11445
209021208,14,32,93,83,73,46,8,3,0,354,14,60,149,135,105,72,26,7,0,569,338,936,2930,2558,2037,1166,223,25,8,10217
209021428,7,31,84,75,73,29,10,0,0,303,15,49,121,94,79,52,4,4,0,417,242,948,2948,2414,1777,979,157,11,3,9491
209021429,7,16,51,56,34,28,11,0,0,200,4,31,70,62,43,32,6,0,0,251,204,519,1526,1592,1312,685,117,12,3,5976
209031209,15,52,74,75,115,86,19,0,0,429,30,36,65,80,137,75,22,3,0,441,659,1077,1598,2575,3138,2404,576,38,5,12071
209031210,3,6,8,22,23,19,3,0,0,84,5,7,6,12,20,13,4,0,0,62,117,152,253,420,448,369,70,7,0,1840
209031211,13,10,16,14,12,12,4,0,0,84,0,6,14,26,38,20,3,0,0,107,101,122,275,409,518,354,55,4,3,1847
209031212,3,8,13,19,31,12,9,0,0,97,8,9,5,23,30,36,16,5,0,129,154,226,295,457,722,589,185,23,3,2657
209031213,7,21,27,30,65,44,10,0,0,200,3,18,37,34,54,44,21,6,0,212,309,504,752,982,1318,893,226,24,4,5004
209031214,4,16,15,25,32,16,3,3,0,116,9,9,14,26,46,23,13,0,0,145,207,309,392,735,951,652,197,22,0,3467
209031215,12,42,62,61,81,55,9,0,0,330,22,25,49,53,69,61,11,3,0,290,537,769,1225,1550,1874,1331,237,13,0,7534
209041216,3,19,26,26,23,19,0,0,0,115,6,18,59,30,33,22,5,0,0,177,177,425,886,717,710,398,60,5,0,3369
209041217,3,8,33,19,28,16,9,0,0,110,3,17,42,35,34,33,6,0,0,160,102,307,699,528,460,464,97,17,0,2681
209041219,12,39,97,95,70,37,17,0,0,359,20,52,172,141,119,78,14,3,0,603,356,848,2459,1981,1489,932,188,14,7,8266
209041220,10,40,63,77,76,54,7,0,0,329,20,51,101,81,139,76,19,0,0,478,486,1030,1836,1612,2286,1470,199,9,0,8925
209041221,5,27,69,42,32,39,4,0,0,227,5,26,52,62,73,43,15,0,0,275,242,621,1377,978,1246,1036,158,4,0,5669
209041223,8,41,95,76,70,32,7,0,0,318,19,64,167,130,129,77,16,4,0,604,257,796,2139,1513,1387,1006,188,15,0,7299
209041224,16,44,88,69,63,46,11,4,0,334,18,36,97,89,90,67,13,3,0,418,401,664,1843,1707,1748,1116,193,24,3,7706
209041225,3,17,32,40,45,22,6,0,0,177,15,19,42,26,59,36,20,0,0,222,209,337,651,788,921,621,158,21,7,3703
209041430,25,40,147,132,87,33,5,3,0,476,17,37,126,119,92,36,11,3,0,444,484,736,2914,3089,2004,968,191,9,0,10401
209041431,6,25,56,62,52,24,4,0,0,230,13,39,92,76,70,65,3,4,3,370,288,633,1440,1286,1248,846,98,16,3,5852
209041432,0,29,41,38,20,18,10,0,0,155,9,20,69,37,39,29,10,0,0,213,134,375,941,760,693,532,100,4,0,3543
209041433,3,10,47,54,22,12,0,0,0,154,11,29,95,79,49,22,3,0,0,284,159,399,1650,1581,779,344,50,0,0,4967
209041434,8,28,113,84,36,24,3,0,0,300,15,31,108,65,68,34,5,0,0,327,243,643,2761,2234,1235,643,105,12,3,7889
209041435,8,25,57,70,52,24,0,0,0,235,17,20,58,78,63,29,6,3,0,262,304,502,1421,1909,1297,544,67,6,0,6049
209041436,6,27,45,58,50,17,7,0,0,209,21,22,52,66,61,23,11,0,0,259,329,561,1245,1473,1349,693,103,6,0,5762
209041437,0,13,69,40,18,7,0,0,0,148,3,21,87,72,29,16,3,3,0,237,104,305,1836,1167,473,243,42,10,0,4180
210011226,0,7,34,23,32,26,5,0,0,132,4,13,38,34,45,29,3,0,0,173,100,291,1005,857,754,493,95,14,0,3608
210011227,0,0,0,0,0,0,0,0,0,0,0,0,0,0,0,0,0,0,0,0,0,0,0,0,0,0,0,0,0,0
210011228,4,14,29,38,32,52,13,3,0,174,0,14,36,30,39,28,11,3,0,168,187,383,633,857,938,707,215,22,3,3942
210011229,6,37,100,105,90,69,24,9,0,441,8,44,98,122,145,75,30,9,0,533,431,975,2368,2711,2621,1639,481,67,0,11297
210011230,0,12,29,27,17,18,5,0,0,109,12,4,26,29,45,27,9,4,0,147,183,306,715,843,908,492,100,10,0,3563
210011231,9,17,26,41,37,24,4,0,0,152,6,5,17,43,47,36,6,3,0,169,253,465,736,1084,1210,833,188,16,0,4784
210021232,7,17,35,47,54,39,12,0,0,212,16,16,30,61,60,39,14,4,0,241,359,485,977,1516,1604,992,238,15,3,6188
210021233,0,4,4,7,10,13,5,0,0,40,0,0,6,25,26,19,8,0,0,83,61,75,174,364,438,344,113,12,0,1583
210021234,5,6,15,18,22,20,5,0,0,95,3,13,15,18,15,6,5,0,3,79,109,172,298,428,597,374,113,3,3,2092
210021235,5,27,36,32,42,32,18,3,0,200,9,15,32,30,45,44,10,4,0,189,209,348,644,936,1143,857,249,26,11,4427
210031236,3,13,36,44,20,19,3,0,0,142,6,3,48,23,40,25,5,0,0,153,103,289,1001,992,710,361,77,8,4,3537
210031237,7,19,51,49,36,24,4,0,0,192,6,33,95,78,57,40,10,6,5,326,169,513,1399,1212,925,535,62,17,9,4842
210031239,7,39,122,77,85,44,11,0,0,384,9,48,145,117,75,59,12,0,0,471,343,1012,3523,2875,2217,1270,214,21,3,11483
210031438,11,30,112,84,69,51,7,0,0,362,20,65,174,130,81,44,17,6,0,531,293,980,3255,2131,1536,858,151,22,6,9226
210031439,0,3,13,13,16,7,0,0,0,59,0,0,13,11,12,5,4,0,0,44,62,87,303,438,342,160,33,3,0,1433
210031440,3,7,31,33,22,10,3,0,0,115,3,9,28,20,13,20,6,0,0,110,72,214,581,504,450,239,55,5,3,2136
210041240,18,33,33,46,70,46,7,0,0,254,11,25,42,55,53,31,16,0,0,237,378,628,1076,1316,1606,1084,195,11,0,6294
210041241,22,64,143,127,104,76,12,0,0,552,35,53,90,112,136,72,21,0,5,521,750,1359,2957,2795,2944,2006,392,27,16,13240
210051242,3,17,54,33,29,19,3,0,0,156,13,32,96,54,66,28,8,3,0,305,133,506,1272,739,665,453,71,12,0,3838
210051243,3,23,49,51,40,23,6,0,0,195,15,54,106,81,76,35,7,8,0,378,193,553,1212,871,830,436,98,14,3,4215
210051245,9,33,75,62,74,60,11,0,0,326,15,43,78,84,96,84,22,3,0,433,385,806,1743,1639,1764,1399,319,14,3,8073
210051246,8,38,73,61,90,58,15,0,0,352,15,56,88,63,110,62,17,0,0,416,483,965,1732,1544,2009,1233,250,17,3,8237
210051247,7,17,37,31,35,18,0,0,0,144,18,44,85,81,88,43,7,3,0,354,223,599,1065,865,981,511,52,7,0,4308
210051248,0,0,0,0,0,0,0,0,0,0,0,0,0,0,3,0,0,0,0,3,0,11,13,15,21,3,3,0,0,58
210051249,11,29,72,76,53,26,5,0,0,276,32,66,109,109,131,42,7,0,0,481,450,922,1590,1776,1885,719,90,0,3,7428
210051250,3,12,32,18,24,14,0,0,0,102,4,27,46,43,46,28,11,3,0,203,82,277,896,642,552,422,111,5,0,2982
210051441,3,15,34,38,23,21,4,0,0,136,9,23,63,48,56,34,3,0,0,231,174,396,882,764,796,498,89,3,0,3596
210051442,5,13,53,66,30,20,0,0,0,193,8,31,72,79,52,22,3,0,0,268,230,470,1311,1628,964,409,50,0,0,5051
210051443,10,26,85,41,67,35,3,0,0,266,21,55,112,82,97,38,6,0,0,412,376,783,2023,1670,1513,784,90,4,0,7244
210051444,3,22,82,51,23,5,4,0,0,186,12,43,133,89,35,23,3,0,0,333,173,528,2498,1736,715,278,32,0,0,5961
210051445,4,9,35,9,14,5,3,0,0,82,5,10,30,18,16,9,7,3,0,100,74,190,578,360,342,150,30,12,0,1730
211011251,6,26,68,51,44,27,12,0,0,233,9,19,89,58,70,47,9,4,0,314,212,502,1605,1264,1182,773,205,20,3,5760
211011254,10,29,65,61,72,45,9,0,0,291,14,31,76,85,106,52,9,3,0,376,341,681,1588,1720,1658,1096,258,21,0,7366
211011255,11,19,21,30,47,37,3,0,0,170,8,9,26,33,58,38,3,0,0,178,285,457,435,703,1113,633,73,6,0,3702
211011256,21,47,71,61,90,67,13,0,0,379,11,31,67,95,90,85,20,3,0,401,453,888,1636,1559,1891,1461,214,16,4,8123
211011257,6,16,18,47,47,27,0,0,0,176,9,16,19,31,66,35,5,3,0,191,291,416,618,973,1166,612,106,4,0,4191
211011258,3,27,32,50,65,40,6,0,0,214,7,27,44,51,83,46,14,7,0,270,369,592,905,1147,1502,947,202,14,3,5683
211011259,8,18,59,55,60,51,12,0,0,256,11,35,64,52,63,68,18,0,4,317,281,598,1366,1412,1368,1343,317,21,7,6705
211011260,13,45,55,69,86,67,11,0,0,344,14,39,72,85,81,85,24,6,0,406,448,908,1662,1502,1943,1748,374,19,5,8617
211011446,8,41,137,105,66,71,19,3,0,457,5,50,129,127,142,91,29,9,4,580,418,964,2709,2393,2067,1676,416,41,5,10694
211011447,6,28,68,62,63,36,18,3,0,293,11,25,77,66,93,60,13,0,0,354,287,550,1569,1487,1488,1040,238,20,5,6691
211011448,11,29,57,74,71,47,18,0,0,309,12,40,70,85,90,56,9,0,0,370,441,691,1546,1666,1701,1273,251,22,3,7590
211011449,0,4,17,28,29,18,0,0,0,95,10,9,24,31,27,23,10,0,0,120,118,171,439,518,525,392,80,0,0,2245
211021261,9,23,40,52,82,63,23,3,0,291,13,29,57,69,87,74,27,8,4,366,434,730,1089,1490,2027,1385,427,61,9,7642
211021262,10,19,19,30,56,34,13,3,0,192,8,20,26,42,75,49,23,4,0,244,369,531,575,874,1510,1035,280,53,4,5225
211031263,9,31,69,45,61,36,5,0,0,256,14,21,64,59,85,47,15,0,0,316,342,585,1415,1301,1383,940,174,11,0,6139
211031265,20,41,68,73,110,72,20,0,0,400,17,32,69,76,120,56,25,5,0,396,702,1040,1575,1844,2626,1674,340,26,5,9840
211031266,7,38,72,79,67,47,9,4,0,324,13,26,101,87,63,45,15,3,0,358,322,689,2249,2028,1552,1044,243,25,3,8159
211031267,17,44,72,104,80,54,19,3,0,387,18,38,80,88,103,57,21,4,0,397,478,840,2088,2426,2241,1440,364,57,0,9948
211031268,3,12,22,36,54,43,9,3,0,186,5,11,36,38,52,39,15,4,0,202,267,421,765,1066,1144,906,232,21,0,4821
211031450,4,35,94,76,62,44,15,0,0,325,10,43,83,60,57,49,26,6,3,338,251,622,2038,1723,1329,1045,267,22,8,7306
211031451,9,26,45,49,58,50,20,3,0,254,10,30,64,65,53,47,19,3,0,289,331,599,1344,1368,1312,927,261,28,8,6179
211031452,0,10,35,20,14,17,8,0,0,104,0,5,18,26,20,14,7,0,0,95,105,170,553,566,508,322,96,0,0,2323
211041269,6,24,40,36,61,25,14,0,0,205,5,12,46,51,50,33,14,0,0,209,197,396,1068,1199,1033,656,200,32,0,4772
211041270,5,25,68,69,50,52,11,0,0,285,3,24,99,75,60,27,12,5,0,317,332,639,2005,2061,1754,1086,294,28,0,8196
211041271,3,21,61,50,51,27,8,0,0,224,4,20,59,47,64,23,12,8,0,240,233,435,1436,1432,1194,687,158,21,6,5602
211041272,3,17,25,52,57,28,5,0,0,191,4,12,33,62,47,20,15,4,0,187,233,361,914,1339,1112,714,198,25,0,4894
211041273,4,16,23,33,58,33,14,0,0,189,10,20,31,49,57,47,24,7,0,245,308,537,800,1040,1262,969,350,27,3,5289
211051274,10,21,53,54,69,31,4,0,3,243,12,26,38,61,63,45,9,4,0,256,270,430,820,1185,1311,980,216,18,7,5241
211051275,10,26,50,46,42,39,15,3,0,230,9,13,33,42,61,37,17,0,0,217,296,503,1059,982,1134,809,240,18,3,5040
211051276,23,37,71,50,74,58,14,0,0,314,18,42,55,59,102,64,25,6,0,367,340,508,1057,1318,1517,1194,337,59,5,6333
211051277,5,18,52,47,45,32,7,0,0,211,8,32,55,43,39,43,11,0,0,229,170,438,1106,871,843,686,158,16,3,4292
211051278,24,51,88,109,102,87,21,0,0,476,22,47,88,87,117,74,25,8,0,465,579,924,1826,1928,2204,1480,341,43,3,9332
211051279,10,9,22,29,26,28,5,0,0,123,18,15,12,19,34,28,6,3,0,139,211,208,404,603,705,510,137,15,0,2785
211051280,4,14,30,28,37,28,10,0,0,154,6,5,38,36,30,26,5,0,0,158,186,316,657,716,762,577,157,10,0,3383
211051281,17,59,137,82,116,70,17,4,0,508,20,71,135,124,109,85,18,3,0,573,632,1156,2649,2348,2301,1682,395,31,0,11182
211051282,0,17,15,28,41,36,12,0,0,145,7,14,43,52,51,51,20,8,0,258,227,329,638,1083,1192,1106,335,33,3,4940
211051283,9,18,58,49,51,43,6,0,0,228,11,19,47,40,74,41,12,0,0,254,364,458,994,1047,1193,804,154,11,0,5023
211051284,10,17,31,46,59,30,3,0,0,196,14,23,37,39,61,45,5,3,0,225,271,448,849,1192,1298,973,173,14,0,5217
211051285,8,13,49,46,63,26,11,3,0,218,14,13,42,40,57,45,11,0,0,230,255,376,691,817,953,693,190,32,0,4010
211051286,25,41,79,87,83,52,16,0,0,388,27,47,60,104,129,79,28,4,3,476,345,618,1256,1469,1803,1366,337,39,14,7249
212011287,13,25,84,61,61,37,17,0,0,296,17,31,78,71,103,60,8,4,4,378,450,736,1629,1598,1621,822,175,9,4,7053
212011288,19,17,36,41,53,33,7,0,0,213,17,27,31,35,60,52,17,3,3,247,270,373,607,771,1141,769,208,41,8,4191
212011289,24,34,60,81,104,77,24,0,0,400,24,27,62,108,106,86,26,3,3,447,546,747,1331,2040,2328,1692,374,42,9,9111
212011290,12,11,42,29,39,27,7,0,0,165,19,9,34,43,51,29,16,3,4,214,219,307,678,697,787,592,199,42,10,3541
212011291,12,28,140,69,57,32,6,0,0,350,19,60,117,100,90,54,14,4,0,451,362,1005,2779,1911,1484,854,178,19,6,8590
212011292,23,58,167,108,92,55,11,7,0,519,40,67,168,162,125,76,12,0,0,646,667,1158,3459,3235,2477,1278,243,18,6,12545
212021293,13,53,86,80,104,63,17,3,0,419,30,45,67,97,159,87,24,5,3,523,715,1108,1786,2325,2818,1847,384,37,6,11022
212021294,28,49,115,137,136,51,12,0,0,528,21,53,124,172,142,71,15,0,0,591,738,1115,2377,3734,3035,1380,231,17,6,12630
212021295,0,23,48,35,27,18,7,0,0,166,9,45,132,84,73,33,9,3,0,389,127,434,1144,912,652,435,89,20,0,3819
212021297,0,15,48,38,45,17,7,0,0,172,10,37,82,60,61,47,7,3,0,307,188,445,1129,933,923,703,122,8,0,4455
212021299,11,13,30,31,64,50,19,0,0,212,24,22,15,34,56,44,12,3,0,203,291,485,512,658,1027,753,177,15,3,3919
212021453,3,27,43,51,58,37,3,0,0,226,6,32,71,59,79,64,7,3,0,322,232,549,1165,1082,1216,971,161,13,0,5384
212021454,11,26,57,44,59,41,7,0,0,243,14,34,91,66,67,72,29,3,0,370,241,670,1301,1216,1250,1221,226,14,0,6136
212021455,8,30,48,55,100,42,3,0,0,289,16,38,72,73,109,59,15,0,0,377,407,741,1300,1385,1781,900,125,10,0,6648
212021456,10,34,88,69,52,47,7,0,0,306,11,45,105,73,99,58,18,0,0,408,287,670,1693,1320,1311,913,158,6,3,6365
212031300,18,49,96,82,85,57,15,0,0,390,28,67,126,128,143,89,17,3,0,597,407,928,2053,1945,1799,1258,238,22,9,8643
212031301,7,53,159,124,60,33,8,0,0,451,29,70,219,171,118,42,14,0,3,654,433,935,4248,3610,1794,730,138,15,6,11913
212031302,16,46,118,79,71,31,9,0,0,368,28,53,142,126,112,69,16,0,0,537,486,902,2579,2464,1825,929,133,11,4,9343
212031303,21,29,43,42,43,41,6,0,0,224,7,24,35,40,46,33,21,4,0,199,263,442,921,976,988,745,160,18,0,4509
212031304,9,37,113,74,47,13,7,0,0,303,13,44,164,120,73,41,5,0,0,471,270,692,2559,1875,1186,579,88,6,5,7257
212031305,18,55,102,83,78,49,4,0,0,397,25,105,213,194,177,111,22,4,0,845,500,1237,2493,2406,2306,1460,187,10,0,10605
212031306,4,18,70,71,49,25,0,0,0,235,12,35,110,123,85,40,5,0,0,416,249,562,1891,2341,1392,634,83,5,0,7151
212031308,15,11,40,29,41,33,7,3,0,167,8,12,35,55,54,36,11,0,0,213,226,331,651,826,975,724,142,21,7,3906
212031457,15,39,37,53,88,31,6,0,0,270,12,37,47,74,95,47,13,3,0,328,561,731,889,1612,1796,879,128,14,0,6605
212031458,7,32,73,94,63,37,16,0,0,315,26,59,81,132,114,61,10,0,0,484,431,761,1511,2074,1789,875,151,16,3,7608
212041309,3,18,45,53,40,34,5,0,0,203,10,22,70,75,65,54,20,3,0,310,234,526,1170,1109,1170,872,220,19,3,5321
212041310,9,26,94,48,35,23,5,3,0,241,9,42,127,66,59,46,6,0,0,356,156,610,1913,1197,868,526,127,8,4,5407
212041311,5,34,131,104,52,43,6,0,0,377,28,136,353,251,174,88,20,3,0,1057,339,1279,3691,2596,1629,990,202,18,6,10741
212041312,6,47,105,77,71,52,11,0,0,372,12,66,177,151,127,97,21,4,0,656,328,869,2297,1959,1782,1334,289,17,0,8881
212041313,5,21,39,38,62,41,8,5,0,226,5,13,42,44,54,41,15,4,0,221,289,476,767,1122,1238,971,244,35,0,5136
212041314,15,51,121,130,108,70,19,0,0,509,21,83,189,198,191,113,29,7,0,830,431,1139,2953,2877,2476,1615,331,15,4,11846
212041316,5,10,25,26,34,19,6,0,0,134,3,13,60,50,49,36,6,0,0,222,100,268,761,699,641,451,136,9,0,3063
212041317,11,65,136,119,69,43,3,0,0,451,13,92,227,154,151,106,22,3,0,767,284,1090,2534,1644,1451,912,166,19,4,8099
212041318,9,24,70,52,59,34,18,0,0,267,4,57,132,102,114,63,11,0,0,496,184,578,1379,1039,1083,691,154,7,0,5123
212041459,4,32,119,50,28,18,7,0,0,257,10,42,133,100,71,41,7,0,0,417,126,570,1985,1150,817,577,120,6,7,5350
212041460,7,35,104,98,52,33,12,0,0,345,11,85,184,134,127,69,19,3,0,647,266,846,2187,1527,1286,874,200,24,0,7204
212051319,10,28,56,55,53,34,16,0,0,252,8,47,129,97,77,50,5,0,0,419,306,810,2468,2010,1653,971,253,24,9,8500
212051320,7,39,102,44,30,14,4,0,0,244,12,69,155,68,50,29,3,0,0,384,359,1333,3156,1469,910,550,115,15,0,7896
212051321,5,17,38,53,71,37,21,0,0,249,14,41,125,104,101,62,30,9,0,487,383,843,1567,1997,2195,1462,424,52,7,8935
212051322,3,25,51,50,71,43,8,3,0,260,17,36,105,95,109,44,9,9,0,432,318,828,1789,1845,2022,1228,268,57,14,8372
212051323,6,24,34,38,61,50,11,0,0,216,5,25,59,59,103,48,15,4,0,326,292,684,1292,1350,1821,1119,294,42,10,6894
212051324,7,23,56,70,77,39,15,0,0,284,16,44,99,81,91,56,18,15,5,419,336,763,1773,1882,1998,1179,307,52,13,8308
212051325,10,23,65,71,92,53,19,3,0,330,13,37,120,106,98,69,25,10,0,475,282,744,2163,2160,1828,1257,332,33,3,8813
212051326,10,35,80,83,90,38,15,3,0,347,9,42,129,113,99,40,22,4,3,462,401,985,2703,2410,2160,1140,243,25,9,10070
212051327,3,28,53,43,85,58,27,0,0,301,7,33,82,83,96,83,24,12,0,430,361,807,1400,1777,2159,1623,563,80,9,8778
213011328,0,14,51,26,17,7,3,0,0,125,3,27,82,40,39,24,6,0,0,225,105,327,1152,767,482,310,64,9,0,3219
213011329,5,18,34,54,50,24,0,0,0,182,12,26,59,70,61,40,0,0,0,267,202,438,922,1189,997,562,62,0,0,4375
213011330,9,34,130,86,65,49,12,0,0,384,24,92,243,198,132,76,17,3,0,781,370,964,3357,3039,1859,1102,173,14,5,10888
213011331,3,22,34,31,30,18,0,0,0,136,13,33,46,53,74,30,3,0,0,260,173,471,810,662,889,514,62,0,0,3587
213011332,3,26,58,37,65,40,3,0,0,233,10,36,77,68,70,53,7,0,0,329,246,664,1328,1135,1198,1089,176,14,0,5851
213011333,9,30,71,39,45,35,5,0,0,232,9,33,99,93,86,66,11,0,0,400,164,532,1251,1053,953,812,164,12,6,4945
213011334,13,52,109,75,72,39,12,0,0,362,16,99,192,135,113,85,15,6,0,668,240,902,2229,1384,1226,805,156,12,0,6961
213011335,9,31,90,70,60,27,10,0,0,287,21,83,163,121,129,79,12,0,0,601,221,859,1755,1220,1154,749,123,0,0,6093
213011336,0,28,55,37,28,14,0,0,0,166,0,27,96,85,32,35,9,0,0,286,116,434,1355,1002,686,446,77,3,0,4120
213011337,3,29,56,48,45,34,9,0,0,223,9,54,117,88,87,59,7,0,0,423,182,547,1199,943,868,568,92,3,0,4412
213011338,5,43,75,61,53,36,8,3,0,276,8,68,172,140,125,69,13,7,0,593,242,774,2014,1602,1368,798,150,18,3,6963
213011339,6,27,59,33,57,19,5,0,0,208,9,35,80,72,74,31,6,3,0,314,274,603,1351,1371,1268,634,96,11,0,5606
213011340,10,41,45,53,101,51,14,0,0,329,13,45,77,93,123,94,21,4,0,468,536,1120,1442,1480,2521,1737,246,8,0,9089
213021341,4,8,38,53,48,33,8,0,0,188,4,28,59,58,66,45,15,3,0,282,203,413,1315,1570,1391,910,199,22,0,6025
213021342,14,40,93,93,78,42,11,0,0,366,12,44,115,78,87,74,11,0,0,432,336,834,2294,1887,1973,1353,201,19,6,8906
213021343,5,23,80,52,39,28,3,0,0,225,9,38,110,68,62,42,15,0,0,337,193,473,1731,1427,1030,599,126,17,4,5601
213021344,4,34,60,67,41,58,12,0,0,276,12,33,81,94,83,43,16,0,0,361,272,626,2154,2844,2097,1199,176,10,0,9381
213021345,8,10,16,19,21,18,0,0,0,96,10,15,25,27,34,29,3,0,0,130,113,215,494,612,614,333,35,3,0,2416
213021346,8,15,33,42,56,45,22,4,0,218,6,26,40,61,96,40,18,0,0,290,364,585,1068,1586,2199,1395,328,29,3,7559
213031347,4,40,112,65,46,20,4,0,0,292,13,66,168,111,93,61,14,0,0,530,204,980,2823,1767,1205,723,87,10,3,7802
213031348,4,30,112,50,37,28,3,0,0,266,11,54,156,71,60,36,3,0,0,391,192,985,3492,1859,985,604,113,11,0,8246
213031349,3,31,75,45,52,29,6,0,0,239,9,39,92,52,57,31,15,0,0,300,195,744,2181,1477,1200,730,130,13,3,6665
213031350,3,7,38,37,24,17,0,0,0,131,8,11,57,60,32,14,7,0,0,183,92,357,1552,1542,983,419,61,3,3,5019
213031351,3,15,64,58,35,20,0,0,0,203,3,24,124,58,59,32,5,0,0,311,133,539,2009,1571,983,523,80,10,3,5861
213031352,7,19,66,68,51,30,3,0,0,245,6,28,52,82,54,22,7,0,0,261,211,550,2169,2441,1702,834,148,8,0,8059
213041353,18,57,94,61,79,43,17,0,0,365,25,49,81,83,95,58,27,4,0,417,573,858,1899,2107,2140,1412,290,19,3,9307
213041355,5,45,104,86,79,32,3,0,0,365,32,48,119,97,90,33,11,0,0,423,592,939,2613,2721,2194,1027,143,8,0,10243
213041356,18,32,83,65,56,50,15,0,0,319,21,57,102,100,97,67,13,3,0,456,433,774,1735,1623,1599,1194,243,15,3,7612
213041357,25,45,100,85,53,40,6,0,0,363,27,65,135,118,108,54,11,0,0,529,464,898,2671,2412,1736,1228,204,5,0,9624
213041358,18,39,86,70,43,42,10,0,0,302,24,42,72,91,77,55,7,0,0,364,439,792,2025,1827,1413,984,151,18,0,7637
213041359,0,3,4,10,6,8,0,0,0,25,3,7,13,15,13,4,5,0,0,57,53,85,133,155,171,107,22,0,0,721
213041360,3,20,79,113,67,20,7,0,0,305,16,40,98,153,89,36,10,0,0,441,437,638,1995,3244,1719,662,87,7,0,8777
213041461,3,10,16,20,16,6,3,0,0,75,3,15,18,38,24,16,0,0,3,122,81,209,412,516,496,289,37,5,3,2035
213041462,0,11,37,31,16,0,3,0,0,97,0,12,52,50,19,10,8,0,0,151,131,219,705,978,478,198,28,0,0,2739
213041463,3,29,63,89,75,21,3,0,0,291,8,46,88,138,86,49,0,0,0,415,450,741,1969,3051,2118,924,136,10,0,9400
213051361,26,43,87,78,76,61,12,0,0,368,17,56,120,108,96,73,14,0,0,488,562,1016,1961,1749,2287,1469,196,7,0,9253
213051362,16,32,53,62,51,57,16,0,0,285,18,58,119,95,83,62,12,4,0,455,381,898,1912,1687,1729,1383,311,12,3,8315
213051363,6,16,54,24,11,7,0,0,0,123,10,32,115,47,36,14,5,3,0,260,105,428,1632,1037,586,313,50,4,0,4163
213051365,10,38,155,147,68,19,0,0,0,439,21,84,279,246,119,57,10,4,0,822,570,1184,5354,4911,2422,968,128,5,0,15548
213051366,6,18,125,85,19,18,3,0,0,274,9,73,249,169,73,25,3,0,0,603,199,686,4365,3131,1219,479,71,12,0,10155
213051368,0,16,56,28,41,34,6,0,0,182,6,20,80,47,62,31,15,3,0,267,248,475,1115,1054,1163,882,212,20,4,5172
213051369,15,31,102,80,56,36,10,0,0,335,17,44,131,124,76,44,10,0,0,442,443,878,3213,2896,1841,935,175,14,0,10398
213051464,3,15,53,46,35,21,4,0,0,172,5,19,74,78,53,25,10,0,0,262,226,466,1502,1807,1275,520,86,4,0,5889
213051465,10,22,75,111,79,22,3,0,0,325,19,43,133,166,94,44,11,0,0,517,450,729,2576,3787,2451,824,115,5,3,10943
213051466,4,15,60,73,46,11,0,0,0,215,3,17,105,105,38,16,3,0,0,292,210,383,2280,2637,1012,321,44,0,0,6880
213051467,12,43,60,59,57,32,5,0,0,276,13,50,110,97,85,67,15,0,0,446,338,857,1903,1767,1729,1167,177,13,0,7956
213051468,12,29,55,38,44,26,13,0,0,221,16,26,46,57,60,49,13,0,0,262,272,613,1368,1121,1312,967,155,6,3,5816
214011370,16,57,123,76,96,46,11,0,0,427,15,41,132,125,146,117,21,3,0,616,530,967,2368,2280,2195,1381,247,4,0,9975
214011371,13,47,99,63,78,49,13,0,0,362,29,50,114,118,118,79,18,0,0,516,470,1060,2453,2026,1977,1632,348,40,10,10012
214011372,13,33,93,55,56,46,17,0,0,317,19,40,98,96,116,82,27,4,5,478,297,698,1927,1598,1471,1148,292,15,4,7462
214011373,14,31,31,66,91,43,16,0,0,295,15,37,65,101,95,66,25,4,0,410,551,751,1309,1877,2225,1590,420,35,6,8770
214011374,32,55,109,107,120,89,15,0,0,534,27,69,132,125,127,95,21,0,0,606,856,1319,2549,2561,3035,1952,380,17,3,12678
214011375,10,35,75,73,71,50,11,0,0,320,16,37,99,94,85,73,17,3,3,425,260,569,1853,1864,1556,1247,253,26,3,7631
214011376,7,32,50,74,69,28,3,0,0,278,27,23,68,95,103,54,11,0,0,372,377,562,1402,1767,1623,923,205,15,3,6882
214021377,6,22,32,28,52,42,9,0,0,189,13,21,36,44,53,64,16,0,0,256,243,336,724,899,1120,960,336,38,3,4666
214021378,3,11,4,11,12,17,4,0,0,59,8,4,7,23,45,32,16,8,0,137,108,168,185,367,650,681,264,44,10,2475
214021379,12,34,68,78,89,54,21,0,0,354,21,40,61,83,110,86,34,3,0,430,755,1175,1842,1848,2090,1623,386,33,4,9767
214021380,9,32,86,88,98,58,16,0,0,397,18,42,82,107,94,94,41,11,3,489,555,749,1713,2307,2408,1781,579,70,13,10171
214021381,14,16,30,56,82,40,20,0,0,253,22,26,33,94,122,59,39,4,0,402,524,604,734,1805,2375,1615,553,74,7,8290
214021382,9,18,42,68,108,45,11,0,0,307,12,31,47,77,113,63,28,4,0,374,603,560,965,2123,2429,1433,413,50,3,8583
214021383,3,23,48,49,43,49,16,0,0,230,11,27,53,60,57,67,50,9,3,331,318,439,1002,1355,1560,1399,588,68,9,6748
214021384,11,29,73,72,66,55,22,4,0,333,22,39,39,57,83,67,30,7,3,345,422,627,1353,1446,1657,1490,441,50,12,7507
214021385,26,63,100,83,107,80,28,3,0,484,19,49,80,78,115,76,22,4,3,450,585,948,1773,1672,2168,1684,419,36,6,9292
215011386,11,17,36,14,29,20,5,3,0,136,9,5,19,17,31,24,3,4,0,121,247,276,582,564,809,593,149,27,3,3248
215011387,0,0,3,10,3,5,0,0,0,29,0,0,4,11,7,14,9,3,3,55,51,57,187,265,284,374,149,42,7,1420
215011388,16,43,88,60,59,57,19,4,0,346,23,26,58,43,56,43,16,10,0,271,479,707,1522,1371,1544,1340,334,60,12,7364
215011389,7,5,11,7,20,9,0,0,0,62,13,0,14,14,16,19,3,4,0,70,104,94,218,318,435,413,132,29,10,1760
215011390,0,16,18,13,20,18,6,0,0,84,6,12,10,8,25,12,12,4,3,99,130,227,430,478,697,656,183,58,12,2868
215011391,0,0,8,12,14,5,0,6,0,47,7,3,10,13,12,16,4,3,0,64,89,98,203,221,354,340,120,32,5,1453
215011392,7,14,13,13,16,15,5,0,0,88,4,10,17,17,34,22,4,4,0,112,199,258,556,609,829,720,206,30,10,3405
215011393,4,4,7,0,5,8,3,0,0,24,0,5,10,4,11,9,5,3,0,46,37,84,180,200,308,300,142,46,4,1296
215011394,3,3,24,13,20,18,11,0,0,90,3,3,16,9,25,20,12,3,0,99,97,186,388,389,642,651,188,59,5,2599
215021395,13,12,21,19,34,14,3,0,0,118,13,14,28,24,38,29,4,0,0,149,239,240,483,651,855,634,145,17,3,3272
215021396,7,10,14,14,19,12,3,0,0,85,3,6,15,21,15,19,7,3,0,90,123,167,300,371,536,390,102,15,7,2001
215021398,0,3,4,8,5,5,3,0,0,37,3,7,3,15,9,24,6,4,0,68,66,111,223,317,383,446,158,22,10,1745
215021399,3,7,28,18,17,18,3,0,0,98,10,10,27,27,34,32,10,0,0,153,182,186,444,441,582,507,95,8,0,2453
215021469,15,35,66,40,47,35,4,0,0,241,12,31,67,58,62,49,14,3,0,306,413,715,1620,1363,1378,1194,252,35,3,6964
215021470,11,28,51,42,43,38,10,0,0,236,14,20,59,48,38,54,13,4,7,257,387,573,1327,1240,1275,979,242,29,15,6075
215031400,3,14,16,13,13,10,8,3,0,81,9,4,8,10,16,21,10,5,3,93,121,134,329,397,614,622,204,41,17,2486
215031401,4,12,9,14,19,22,4,0,0,86,10,6,10,14,18,38,15,6,0,129,158,186,359,495,692,658,260,55,8,2878
215031402,3,8,18,7,8,14,3,0,0,65,3,7,15,5,19,15,9,3,0,72,84,132,248,245,368,340,89,15,4,1521
215031403,3,5,13,3,4,5,3,0,0,35,6,21,26,26,21,10,5,3,0,108,44,115,265,213,233,258,81,8,0,1227
215031404,9,30,63,31,26,25,6,0,0,190,10,25,39,25,29,29,8,5,0,178,322,476,1019,884,970,796,165,31,4,4666
215031405,7,7,12,16,21,17,5,0,0,88,11,8,11,22,38,25,9,6,3,135,148,205,372,482,651,603,179,42,14,2683
216011406,13,42,58,46,57,50,14,3,0,288,21,23,35,42,74,57,20,3,3,283,490,513,1140,1261,1490,1231,261,38,5,6424
216011407,9,14,39,28,48,49,10,3,0,195,16,16,16,28,33,37,13,9,0,170,253,347,792,866,1081,932,256,44,6,4584
216011408,7,12,6,14,16,9,0,0,0,55,5,5,10,14,20,10,11,0,0,73,122,131,221,314,475,405,110,23,5,1810
216011409,4,3,11,8,7,8,3,0,0,52,5,6,10,10,21,18,4,5,0,71,105,131,218,269,399,353,97,25,3,1596
216011410,3,10,11,3,14,7,4,0,0,51,3,3,5,10,21,8,12,6,0,68,79,109,209,251,410,393,116,38,14,1613
216021411,0,11,18,14,15,14,3,0,0,77,8,12,29,20,35,26,12,4,3,144,145,212,424,462,543,439,116,18,3,2365
216021412,3,6,4,4,3,8,3,0,0,28,7,6,7,10,15,7,13,4,0,62,74,83,151,172,310,288,82,21,3,1187
216021413,18,20,46,35,36,31,9,3,0,198,27,27,36,46,48,46,26,6,4,265,377,438,900,940,1234,1136,328,56,5,5415
216021414,10,9,26,19,14,27,5,0,0,118,13,19,9,22,25,13,6,3,0,101,192,229,477,596,650,546,124,22,0,2839
216031415,6,8,26,26,37,30,3,3,0,143,13,14,31,32,14,26,14,3,0,145,203,288,629,678,638,569,147,18,4,3169
216031416,16,35,75,70,91,46,16,0,0,354,22,38,66,75,76,50,15,4,3,343,538,675,1679,1672,1816,1333,332,29,3,8068
216031417,19,47,94,86,90,58,19,0,0,414,29,50,103,87,86,56,12,8,4,436,631,849,1979,1808,2036,1524,373,52,13,9262
216031418,6,7,15,21,17,19,4,0,0,81,9,3,8,20,22,11,5,3,0,81,133,126,237,378,519,422,151,28,8,1997
216031419,15,17,33,29,36,22,5,0,0,162,11,19,26,35,53,33,16,4,3,198,246,309,729,867,1098,839,232,45,6,4370
217011420,8,14,21,20,31,14,4,0,0,108,9,12,20,19,44,49,19,8,0,188,239,223,433,648,1053,889,295,71,10,3849
217011421,13,25,27,39,43,44,13,0,0,204,12,9,16,30,20,24,15,3,3,138,304,385,754,801,984,900,247,22,12,4400
217011422,7,20,27,34,42,27,11,0,0,175,14,25,19,32,38,32,12,11,0,188,290,347,679,899,1098,884,203,39,3,4446
217011423,0,5,5,6,15,11,3,0,0,52,7,4,8,16,22,17,17,4,0,95,118,133,371,509,713,706,273,64,14,2894
217031471,0,3,11,9,9,13,3,0,0,54,5,0,8,9,12,8,7,5,0,63,79,112,206,261,332,272,114,24,0,1398
217031472,8,18,44,33,30,32,10,0,0,176,9,20,58,37,37,46,12,3,5,239,378,545,1050,1000,1108,965,217,33,12,5312
217031473,3,7,20,20,18,12,3,0,0,83,11,8,14,20,27,20,22,6,0,130,138,156,377,479,649,523,249,53,5,2648
217031474,3,11,13,9,9,16,3,0,0,57,10,3,8,9,24,15,12,4,0,84,151,169,282,400,540,542,182,43,9,2312
217031475,6,16,9,13,22,8,10,0,0,88,20,16,17,26,27,33,16,6,0,162,228,257,472,606,877,709,245,44,11,3458
217031476,3,0,4,3,6,3,0,0,0,23,0,3,5,8,19,13,4,0,0,60,62,81,216,263,374,433,133,27,3,1603
217041477,4,11,9,13,21,10,3,0,0,66,10,10,23,23,31,25,15,6,0,139,163,213,511,586,728,659,215,56,9,3151
217041478,6,18,23,30,28,23,7,0,0,147,13,13,16,32,38,39,10,8,0,174,223,269,654,906,1079,907,244,63,6,4357
217041479,11,51,81,77,64,52,14,4,0,355,21,31,64,49,85,51,16,9,0,328,781,1015,1924,1950,2218,1586,323,37,11,9849
217041480,11,22,44,43,49,35,9,3,0,216,12,22,43,27,51,40,14,5,0,213,415,597,1191,1101,1311,1047,227,31,6,5931
297979799,0,0,0,0,0,0,0,0,0,0,0,0,0,0,0,0,0,0,0,3,0,0,4,3,8,3,0,0,0,23
299999499,0,6,30,16,16,6,3,0,0,89,4,16,46,24,38,12,0,0,0,148,64,289,726,386,300,215,42,7,0,2033
