{"chunk_definitions":[{"row":15,"row_count":1,"visible":true,"expansion_state":0,"options":{"engine":"r","label":"setup","include":false},"document_id":"16DD97CB","chunk_id":"csetup_chunk","chunk_label":"setup"},{"row":30,"row_count":1,"visible":true,"expansion_state":0,"options":{"engine":"r","label":"loadlibs","eval":false,"echo":true},"document_id":"16DD97CB","chunk_id":"cgwblre1qgijr","chunk_label":"loadlibs"}],"doc_write_time":1710126640,"working_dir":null,"default_chunk_options":{"error":false,"message":false,"warning":false,"fig.width":8.0,"fig.height":6.0,"out.width":"100%","fig.retina":3.0}}