LGA_CODE_2016,Neg_Nil_inc_cpl_fam_no_child,Neg_Nil_inc_cpl_fam_wth_chld,Neg_Nil_inc_One_parent_fam,Neg_Nil_inc_Other_fam,Neg_Nil_inc_Tot,FI_1_149_cpl_fam_no_child,FI_1_149_cpl_fam_with_child,FI_1_149_One_parent_fam,FI_1_149_Other_fam,FI_1_149_Tot,FI_150_299_cpl_fam_no_child,FI_150_299_cpl_fam_with_child,FI_150_299_One_parent_fam,FI_150_299_Other_fam,FI_150_299_Tot,FI_300_399_cpl_fam_no_child,FI_300_399_cpl_fam_with_child,FI_300_399_One_parent_fam,FI_300_399_Other_fam,FI_300_399_Tot,FI_400_499_cpl_fam_no_child,FI_400_499_cpl_fam_with_child,FI_400_499_One_parent_fam,FI_400_499_Other_fam,FI_400_499_Tot,FI_500_649_cpl_fam_no_child,FI_500_649_cpl_fam_with_child,FI_500_649_One_parent_fam,FI_500_649_Other_fam,FI_500_649_Tot,FI_650_799_cpl_fam_no_child,FI_650_799_cpl_fam_with_child,FI_650_799_One_parent_fam,FI_650_799_Other_fam,FI_650_799_Tot,FI_800_999_cpl_fam_no_child,FI_800_999_cpl_fam_wth_chld,FI_800_999_One_parent_fam,FI_800_999_Other_fam,FI_800_999_Tot,FI_1000_1249_cpl_fam_no_child,FI_1000_1249_cpl_fam_wth_chld,FI_1000_1249_One_parent_fam,FI_1000_1249_Other_fam,FI_1000_1249_Tot,FI_1250_1499_cpl_fam_no_child,FI_1250_1499_cpl_fam_wth_chld,FI_1250_1499_One_parent_fam,FI_1250_1499_Other_fam,FI_1250_1499_Tot,FI_1500_1749_cpl_fam_no_child,FI_1500_1749_cpl_fam_wth_chld,FI_1500_1749_One_parent_fam,FI_1500_1749_Other_fam,FI_1500_1749_Tot,FI_1750_1999_cpl_fam_no_child,FI_1750_1999_cpl_fam_wth_chld,FI_1750_1999_One_parent_fam,FI_1750_1999_Other_fam,FI_1750_1999_Tot,FI_2000_2499_cpl_fam_no_child,FI_2000_2499_cpl_fam_wth_chld,FI_2000_2499_One_parent_fam,FI_2000_2499_Other_fam,FI_2000_2499_Tot,FI_2500_2999_cpl_fam_no_child,FI_2500_2999_cpl_fam_wth_chld,FI_2500_2999_One_parent_fam,FI_2500_2999_Other_fam,FI_2500_2999_Tot,FI_3000_3499_cpl_fam_no_child,FI_3000_3499_cpl_fam_wth_chld,FI_3000_3499_One_parent_fam,FI_3000_3499_Other_fam,FI_3000_3499_Tot,FI_3500_3999_cpl_fam_no_child,FI_3500_3999_cpl_fam_wth_chld,FI_3500_3999_One_parent_fam,FI_3500_3999_Other_fam,FI_3500_3999_Tot,FI_4000_more_cpl_fam_no_child,FI_4000_more_cpl_fam_wth_chld,FI_4000_more_One_parent_fam,FI_4000_more_Other_fam,FI_4000_more_Tot,Prt_inc_std_cpl_fam_no_child,Part_inc_std_cpl_fam_wth_chld,Part_inc_statd_One_parent_fam,Partial_income_statd_Othr_fam,Partial_income_stated_Tot,All_inc_ns_cpl_fam_no_child,All_inc_ns_cpl_fam_wth_chld,All_incomes_ns_One_parent_fam,All_incomes_ns_Other_fam,All_incomes_ns_Tot,Tot_cpl_fam_no_child,Tot_cpl_fam_wth_chld,Tot_One_parent_fam,Tot_Other_fam,Tot_Tot
LGA20110,16,7,3,0,22,18,3,6,0,33,5,0,15,0,30,14,3,19,0,30,92,8,32,0,134,48,21,58,3,127,260,39,55,5,358,164,58,57,3,282,189,79,39,8,322,158,138,37,5,333,107,102,15,0,223,113,83,8,0,209,147,158,16,3,321,74,114,5,0,189,39,56,0,0,100,17,40,0,0,61,35,49,0,0,89,117,182,40,5,350,46,5,12,0,63,1650,1142,423,37,3246
LGA20260,13,4,0,0,16,5,3,0,0,14,14,7,8,0,31,3,0,19,0,23,83,10,36,3,126,42,15,50,0,112,225,37,60,9,335,141,59,52,7,263,154,87,45,5,296,128,104,39,4,273,52,81,20,3,160,80,79,6,3,179,113,131,23,3,268,84,70,5,0,158,38,43,0,0,78,19,38,8,0,64,31,37,0,0,76,86,176,39,0,298,38,8,13,0,54,1362,993,432,42,2825
LGA20570,106,32,57,5,193,62,19,17,8,110,61,31,117,4,213,47,17,196,0,261,401,62,393,30,885,261,115,603,27,1006,1472,237,641,44,2399,828,441,583,42,1894,998,731,510,54,2292,940,927,367,42,2279,622,942,255,33,1850,622,879,183,19,1695,1162,1707,189,36,3098,618,1128,65,12,1828,308,730,24,9,1068,173,387,38,3,595,344,827,30,4,1215,575,1163,424,21,2182,215,111,120,9,450,9821,10460,4817,396,25499
LGA20660,186,79,88,10,359,90,19,51,7,171,70,29,117,23,237,45,30,138,4,216,391,70,226,27,716,202,122,330,31,685,1151,235,419,52,1859,835,341,462,73,1703,1074,684,542,65,2364,894,795,447,63,2194,629,908,374,41,1944,710,991,277,40,2021,1439,2409,409,56,4321,1055,2012,165,36,3266,664,1473,82,18,2236,412,1078,75,3,1572,766,2786,87,14,3653,684,1711,539,33,2975,203,169,97,15,481,11497,15931,4932,610,32968
LGA20740,62,9,17,3,84,43,0,14,0,52,37,15,39,0,89,30,5,79,0,110,251,39,127,8,426,147,53,193,7,397,795,78,196,11,1074,427,170,162,17,772,515,290,168,10,984,400,315,79,10,804,201,296,51,3,554,214,253,41,0,514,323,360,34,3,727,166,213,10,3,381,93,112,0,0,205,45,84,11,0,136,95,120,5,0,218,272,390,160,5,834,137,31,36,5,207,4239,2825,1411,89,8567
LGA20830,85,20,28,4,139,54,12,22,3,90,43,20,73,0,134,21,10,80,0,112,292,37,119,7,466,151,43,218,6,419,858,100,224,25,1200,517,225,225,17,977,602,402,231,16,1247,470,490,160,20,1137,304,464,127,7,900,340,482,72,12,897,578,815,86,5,1487,324,575,31,5,935,152,312,4,0,467,108,180,7,0,294,201,376,14,0,591,334,656,190,9,1192,140,73,33,3,253,5577,5285,1939,135,12930
LGA20910,119,50,106,4,275,60,19,24,7,113,38,16,70,5,133,18,16,74,3,111,219,34,128,9,390,138,57,195,6,393,544,93,203,25,873,429,124,259,34,843,662,265,293,39,1253,635,307,238,31,1213,427,364,221,18,1031,469,423,171,16,1083,1074,1157,313,29,2573,781,1168,107,21,2070,507,983,57,11,1554,521,1365,147,3,2037,1611,5045,144,13,6809,634,1854,364,12,2853,176,140,51,7,374,9061,13462,3151,294,25968
LGA21010,18,0,3,0,28,19,0,7,0,34,11,0,20,0,32,10,0,37,0,43,107,19,57,0,186,43,16,77,4,133,337,47,93,7,485,196,69,70,10,347,188,106,64,3,359,171,120,34,6,330,106,108,22,4,232,104,103,14,6,227,171,148,18,0,339,79,121,12,0,211,38,57,0,0,100,13,25,8,0,48,42,59,6,0,106,143,158,55,0,359,49,10,23,0,88,1861,1166,610,45,3681
LGA21110,295,166,329,72,863,121,42,102,27,296,91,64,133,35,324,45,50,124,14,233,301,89,176,25,589,244,168,269,30,711,710,215,270,62,1252,681,336,373,83,1472,944,573,440,103,2056,1029,617,365,102,2107,661,648,321,63,1691,797,769,283,43,1887,1872,1786,532,117,4314,1491,1687,225,61,3460,1023,1445,92,24,2590,744,1785,241,22,2795,2416,8386,227,27,11058,1023,3063,504,28,4619,237,221,80,15,550,14723,22119,5083,949,42882
LGA21180,479,258,386,31,1157,207,109,126,20,459,171,211,488,28,901,104,146,466,15,721,1087,462,653,71,2270,511,621,847,60,2045,2508,969,923,81,4487,1136,1542,1055,133,3866,1311,2183,1115,144,4752,1158,2279,829,157,4428,731,1999,583,71,3384,808,1882,435,95,3217,1369,3406,528,104,5413,778,2313,268,52,3419,371,1335,116,20,1838,203,844,75,10,1129,262,1297,93,21,1664,815,2740,893,50,4498,478,371,285,32,1160,14490,24956,10164,1194,50811
LGA21270,23,8,0,0,38,19,0,0,0,24,9,5,3,0,13,4,0,9,0,17,61,15,20,0,92,24,10,27,0,60,158,27,26,4,213,81,38,30,4,157,89,55,9,3,159,69,56,7,0,131,29,54,6,0,94,42,33,7,3,78,62,72,3,4,146,27,47,0,0,71,18,14,0,0,33,4,8,0,0,6,9,16,0,0,27,54,90,7,0,157,25,5,7,0,40,794,561,185,21,1558
LGA21370,79,15,15,3,107,46,11,10,0,65,34,16,40,0,87,23,5,65,0,88,241,28,108,3,380,109,46,189,3,341,778,96,187,16,1076,393,180,172,11,752,499,301,164,9,971,455,401,108,11,973,239,305,76,10,635,281,350,50,5,690,447,570,52,11,1078,202,336,25,0,567,89,208,7,0,312,36,86,7,0,138,98,166,9,0,271,246,565,130,5,950,127,54,44,10,227,4413,3742,1463,108,9720
LGA21450,139,57,58,8,258,61,14,23,0,99,47,37,98,3,187,28,19,142,0,188,298,76,228,8,615,171,108,466,14,758,1010,226,425,14,1682,606,470,429,23,1535,720,889,452,36,2096,754,1168,352,29,2302,516,1112,256,14,1896,626,1229,180,21,2050,1168,2147,244,39,3592,645,1497,91,22,2263,308,799,50,5,1166,151,491,29,9,674,254,845,25,3,1124,494,1368,362,16,2233,177,136,88,4,400,8165,12683,3998,277,25127
LGA21610,598,278,282,16,1173,215,79,118,17,429,186,190,357,29,758,103,114,435,10,664,903,428,648,36,2014,549,669,1170,52,2439,2760,1191,1164,76,5185,1596,2039,1310,93,5042,1994,3451,1357,123,6927,2013,3967,1096,125,7203,1366,3934,808,92,6196,1491,3820,600,103,6013,3127,7496,823,118,11565,1617,4797,344,57,6813,749,2612,166,36,3559,378,1617,101,9,2102,564,2631,105,15,3317,1250,4497,1038,60,6849,520,446,261,19,1251,21983,44260,12171,1083,79494
LGA21670,33,3,11,0,39,14,0,9,0,23,17,9,30,0,51,6,0,41,0,43,130,10,69,9,217,70,30,106,3,207,415,47,84,3,551,181,82,97,11,365,187,132,66,6,392,138,132,31,6,303,64,100,15,0,183,72,71,14,0,162,92,141,13,0,248,38,71,12,0,116,18,35,0,0,52,7,8,8,0,19,15,24,0,0,36,99,148,49,0,293,63,16,27,0,103,1629,1063,673,36,3407
LGA21750,28,11,7,0,48,28,3,7,0,38,20,5,28,3,60,15,0,48,0,62,115,17,62,4,189,66,31,117,4,216,330,59,104,3,493,226,92,94,20,433,296,175,80,12,563,229,228,67,10,535,121,197,31,7,353,154,208,30,3,399,249,333,35,7,621,101,194,11,4,303,61,100,9,0,163,24,42,5,0,70,50,67,10,7,137,143,249,76,3,472,51,25,24,6,114,2310,2042,830,87,5275
LGA21830,36,17,7,0,67,28,9,11,0,49,17,9,14,0,43,4,6,25,0,37,115,28,48,3,192,49,26,64,3,142,281,45,66,4,393,172,88,69,8,327,215,174,68,4,461,172,143,38,7,359,90,118,28,8,239,99,145,9,5,251,173,223,25,3,418,85,154,12,0,247,44,71,5,0,119,22,38,3,0,66,72,92,3,3,167,123,228,66,3,417,63,23,26,7,114,1858,1635,574,55,4118
LGA21890,289,92,113,27,525,154,37,55,14,264,105,70,176,31,384,54,39,186,12,292,684,151,281,41,1153,269,259,451,47,1024,1611,400,526,97,2630,743,651,602,100,2096,930,982,636,110,2663,971,1125,463,106,2662,663,1044,339,65,2109,737,1019,292,64,2109,1595,2154,376,107,4233,1238,1698,147,51,3133,742,1225,73,23,2069,488,920,110,18,1536,858,2342,69,24,3300,863,1576,487,37,2967,261,172,141,25,601,13261,15959,5521,1002,35748
LGA22110,86,12,18,3,124,59,12,14,0,93,54,15,54,4,127,38,7,88,0,137,369,36,147,9,564,215,55,221,0,493,1154,141,234,16,1545,621,237,207,26,1083,742,401,186,24,1342,618,436,122,11,1189,294,394,65,10,766,295,308,58,9,666,477,525,47,8,1057,220,302,20,5,544,117,137,0,0,248,54,90,5,0,156,108,141,12,0,259,432,571,169,9,1180,186,47,54,3,282,6137,3866,1721,128,11854
LGA22170,159,60,103,10,329,80,26,52,3,162,75,40,168,7,288,46,21,234,3,306,453,79,430,19,977,295,152,707,18,1173,1446,294,758,51,2544,901,564,814,73,2349,1123,1002,859,72,3050,1054,1267,654,85,3060,742,1320,508,61,2623,754,1354,314,41,2466,1738,2680,418,55,4891,1036,1930,161,35,3163,493,1112,76,17,1695,268,669,59,3,996,363,1123,51,13,1548,761,1735,741,23,3262,282,190,179,13,664,12058,15607,7275,604,35552
LGA22250,19,9,0,0,32,20,8,3,0,33,13,8,20,0,39,12,0,16,0,29,99,14,24,4,136,47,19,35,0,103,258,35,41,4,344,161,69,35,3,275,169,96,32,10,302,160,102,21,3,288,55,79,10,0,148,95,93,11,3,195,102,134,10,3,246,37,78,3,0,117,17,36,0,0,58,7,16,0,0,26,20,35,0,3,63,72,153,38,0,269,45,13,8,0,73,1406,1004,322,33,2771
LGA22310,285,91,167,21,555,128,34,41,21,224,89,42,108,17,250,55,22,117,10,205,404,79,174,18,677,252,150,277,17,693,1101,259,299,46,1713,704,387,388,67,1539,961,699,445,64,2168,1006,731,371,77,2182,655,829,297,46,1823,756,960,277,48,2031,1595,2084,415,84,4184,1250,1863,151,41,3306,782,1650,62,26,2526,606,1411,138,18,2171,1293,4633,109,19,6053,771,2049,503,26,3347,243,191,79,15,529,12927,18154,4409,696,36183
LGA22410,20,12,6,0,33,26,3,8,0,35,29,3,26,0,61,18,0,35,3,55,108,21,59,4,194,70,27,100,5,198,381,50,103,8,541,204,100,97,16,411,252,159,77,5,499,214,154,62,5,434,133,159,22,0,318,151,145,24,5,324,238,276,32,3,548,136,211,14,0,358,74,91,3,0,172,45,54,8,0,101,69,86,5,3,164,124,294,86,3,502,92,19,28,6,136,2370,1860,790,62,5084
LGA22490,25,6,9,0,41,19,3,8,0,29,19,9,21,3,46,8,4,21,0,36,100,19,53,3,180,78,27,71,0,180,317,68,72,3,456,181,93,81,10,357,233,210,69,0,511,225,276,49,4,553,128,272,38,0,448,137,288,22,0,442,282,497,28,8,808,158,356,9,0,529,67,182,4,0,246,35,107,9,0,148,57,183,3,0,239,142,376,70,0,588,41,42,9,0,94,2238,3015,644,45,5939
LGA22620,98,31,63,4,187,94,10,40,10,158,60,18,140,9,231,26,13,217,3,264,489,108,330,23,955,275,106,656,27,1064,1675,260,689,62,2687,1002,523,658,48,2238,1248,854,592,68,2769,1185,1102,413,47,2741,679,1062,277,31,2047,684,1019,175,34,1909,1278,1854,221,29,3384,691,1312,68,17,2083,394,733,17,5,1144,167,449,27,0,650,326,698,33,3,1055,687,1269,484,27,2458,273,102,107,14,490,11327,11516,5211,464,28521
LGA22670,423,309,296,32,1063,152,80,84,13,327,160,168,309,23,661,88,127,283,19,512,805,463,444,53,1765,444,582,660,36,1724,1959,1010,747,92,3813,946,1384,816,109,3261,1174,1943,765,159,4040,991,1903,572,102,3572,632,1584,429,72,2717,652,1423,315,54,2443,1053,2422,383,106,3968,490,1511,166,27,2188,232,724,55,27,1040,125,483,44,9,655,147,663,49,6,867,669,1843,604,49,3168,286,220,157,26,689,11414,18850,7194,1012,38473
LGA22750,299,81,147,20,549,180,51,93,5,333,157,77,287,19,537,98,41,367,17,524,1130,186,706,37,2053,592,276,1177,36,2079,3309,558,1173,82,5122,2026,879,1205,102,4208,2413,1550,1229,112,5304,2168,1969,855,109,5104,1261,2084,600,58,3996,1419,2169,455,61,4097,2765,4233,562,85,7646,1661,2939,185,30,4817,829,1861,71,20,2788,446,1111,96,6,1654,909,2272,81,8,3275,1457,2957,916,50,5380,561,278,250,19,1104,23674,25562,10451,872,60567
LGA22830,100,50,46,5,202,60,12,12,4,91,41,36,74,7,152,24,21,117,0,166,300,118,208,10,631,173,131,339,9,653,933,199,348,22,1502,478,331,347,21,1183,672,538,318,23,1556,597,592,234,20,1439,341,596,125,18,1073,395,571,96,14,1081,678,1067,116,22,1878,408,692,46,6,1144,171,382,10,0,562,75,215,14,0,300,175,388,15,0,576,403,836,248,17,1501,175,101,90,10,373,6197,6855,2800,206,16060
LGA22910,24,9,6,0,36,22,0,3,0,29,19,4,18,0,44,3,4,13,0,24,88,15,44,3,152,65,26,72,0,159,304,42,86,0,440,202,96,69,10,373,218,151,76,0,445,185,157,35,8,381,92,132,26,0,254,86,116,18,0,220,201,185,20,0,405,113,118,3,0,237,45,46,5,0,95,36,41,6,0,78,66,57,4,0,131,126,180,63,4,377,49,16,19,0,81,1945,1391,591,35,3962
LGA22980,15,6,0,0,24,15,4,0,0,16,3,8,3,0,14,3,0,8,0,15,41,3,9,3,58,28,12,20,0,63,142,27,22,7,198,64,37,26,3,129,89,46,23,3,162,87,51,13,0,151,19,51,6,0,77,43,49,8,0,98,61,80,3,0,142,39,40,3,0,81,12,23,0,0,33,11,7,0,0,18,19,14,0,0,31,55,66,20,0,141,15,6,10,0,32,770,525,174,22,1492
LGA23110,152,61,77,8,304,97,18,32,4,150,57,57,111,11,238,28,29,107,0,164,356,117,188,23,686,153,136,296,24,612,898,222,330,43,1490,522,369,394,44,1324,592,541,446,56,1635,538,698,324,61,1626,383,739,266,33,1427,455,702,210,36,1406,984,1487,310,48,2841,739,1192,125,37,2092,482,997,52,18,1552,335,755,66,3,1158,649,1816,51,13,2537,542,1207,363,23,2131,188,128,82,11,406,8163,11271,3836,510,23780
LGA23190,28,9,8,0,45,14,6,8,3,29,19,3,13,0,35,9,4,37,0,51,98,12,64,3,179,50,28,113,3,190,291,50,102,3,454,221,97,104,10,431,250,169,99,14,531,236,217,59,14,532,131,193,40,4,371,146,194,21,6,374,254,318,21,7,594,133,180,16,3,330,58,104,0,0,171,31,47,4,0,81,72,99,7,0,176,142,292,56,0,495,50,22,17,3,91,2237,2035,807,70,5150
LGA23270,377,281,206,15,875,138,86,98,14,338,115,206,305,20,648,81,130,353,3,565,752,627,556,34,1967,390,743,812,40,1981,1849,1163,933,70,4015,952,1723,999,89,3757,1213,2398,980,116,4714,1134,2435,800,68,4432,784,2187,537,62,3577,831,2173,409,50,3462,1666,4040,543,67,6315,910,2499,278,39,3725,429,1545,91,16,2091,262,968,76,9,1316,293,1516,86,6,1898,756,2872,857,39,4518,331,377,223,23,951,13258,27969,9140,780,51143
LGA23350,15,3,14,0,27,13,4,7,0,21,17,5,14,0,35,3,3,31,0,38,76,9,39,0,123,42,24,51,0,124,271,41,70,4,388,182,58,65,8,305,218,119,62,6,400,189,158,47,3,404,126,136,23,0,283,124,145,26,0,300,259,268,21,0,544,135,214,13,0,363,67,118,0,3,189,18,80,4,0,97,68,96,5,0,168,134,230,67,3,432,45,27,13,0,83,1990,1732,564,36,4321
LGA23430,276,74,111,20,482,142,40,43,10,235,103,68,134,18,317,66,46,165,3,283,603,100,275,31,1011,293,171,420,20,907,1644,308,505,48,2504,1018,550,655,69,2293,1213,919,691,85,2905,1118,1208,560,85,2978,719,1145,504,42,2407,798,1369,388,46,2600,1765,3064,526,74,5433,1291,2564,199,41,4095,751,1812,99,22,2681,485,1280,93,7,1858,780,2697,78,13,3563,912,2122,634,27,3696,289,197,105,21,608,14261,19725,6179,680,40850
LGA23670,326,87,120,3,534,136,24,51,5,218,109,50,137,11,304,68,32,153,10,255,548,141,264,17,967,377,215,522,20,1137,1684,403,599,42,2724,1072,659,697,61,2488,1383,1214,721,66,3385,1194,1521,585,60,3369,863,1553,455,47,2923,864,1701,346,42,2959,1827,3631,501,77,6033,1142,2720,213,41,4114,637,1719,102,27,2490,346,1170,61,9,1582,486,2209,93,7,2796,795,2352,615,26,3787,279,205,135,9,636,14126,21616,6381,576,42699
LGA23810,90,31,36,7,166,64,13,24,4,109,48,26,124,3,200,30,13,217,3,258,414,84,318,16,834,222,77,558,17,873,1219,213,459,18,1912,621,330,406,41,1397,693,505,376,27,1608,681,591,209,16,1492,409,550,171,12,1135,437,591,120,13,1153,834,1082,139,24,2075,462,764,69,12,1297,285,458,16,0,763,172,298,23,0,492,273,601,25,3,896,496,930,336,14,1775,206,91,108,12,419,7651,7223,3744,239,18854
LGA23940,17,7,5,0,29,17,3,0,0,28,5,4,5,0,15,6,0,13,0,21,68,12,16,0,104,33,17,28,0,75,188,35,31,3,256,100,49,27,6,179,109,62,39,0,207,82,69,10,0,156,44,64,16,3,120,44,55,10,0,105,70,69,3,0,145,35,36,0,0,75,17,20,0,0,35,8,11,0,0,20,16,21,5,0,38,88,96,25,0,214,28,9,13,0,49,982,633,238,21,1877
LGA24130,58,16,16,4,96,34,7,8,0,58,26,9,34,0,74,21,5,55,0,87,176,29,74,4,280,102,49,111,0,255,484,92,140,8,726,366,123,145,15,654,499,270,170,18,954,433,342,130,5,911,288,432,111,3,829,258,443,74,3,779,569,940,100,6,1618,383,752,36,3,1174,234,495,27,0,755,159,425,20,0,606,317,791,15,0,1135,307,804,192,9,1303,94,58,31,0,180,4812,6084,1481,95,12474
LGA24210,389,137,234,32,783,195,56,60,15,317,98,73,107,12,289,48,60,109,10,231,579,111,150,22,874,295,179,252,23,760,1333,336,309,39,2021,893,525,360,41,1821,1068,765,425,47,2302,934,898,344,43,2218,564,934,264,27,1795,657,968,228,26,1875,1090,2045,303,44,3482,751,1684,157,22,2611,500,1312,89,16,1923,373,1128,86,9,1600,850,3118,120,19,4104,723,2088,428,24,3258,266,176,68,9,516,11609,16586,4092,481,32771
LGA24250,19,0,9,0,29,10,0,3,0,15,12,0,6,0,22,6,0,11,0,24,60,4,15,0,85,37,9,32,0,75,176,13,24,3,212,86,44,22,3,157,124,60,37,3,231,113,71,14,0,208,56,71,17,0,142,54,77,15,0,143,85,110,11,0,202,54,81,0,3,135,31,39,3,0,65,11,16,0,0,31,23,35,0,0,62,82,135,33,0,249,28,12,5,0,44,1071,776,268,21,2132
LGA24330,163,66,83,18,336,58,18,49,10,139,68,43,133,14,252,39,51,109,6,206,284,100,165,34,583,154,138,251,40,585,591,263,295,68,1204,348,364,318,62,1088,512,516,353,90,1470,501,542,217,55,1317,438,504,196,44,1175,457,523,159,51,1187,1007,1140,200,60,2415,774,991,98,43,1910,537,758,50,14,1367,411,561,51,12,1035,679,1272,37,17,2000,513,736,254,35,1539,97,66,61,11,241,7624,8661,3072,681,20044
LGA24410,185,57,92,6,332,76,21,32,13,145,77,38,116,5,234,32,20,123,0,184,343,96,224,17,681,215,125,357,31,733,1045,270,405,28,1746,766,403,494,36,1698,970,751,508,68,2292,878,914,434,47,2275,574,956,322,27,1883,663,1125,261,31,2077,1356,2369,351,53,4135,936,1968,181,37,3126,575,1251,75,9,1905,344,829,49,7,1222,444,1654,65,4,2168,587,1466,479,22,2560,175,104,90,15,386,10240,14422,4665,452,29783
LGA24600,680,60,191,463,1392,134,22,68,81,306,129,29,142,87,389,87,21,112,39,265,264,63,133,84,545,234,84,168,72,558,498,110,170,132,906,546,168,184,134,1033,819,232,237,184,1472,875,273,140,148,1431,716,338,114,88,1249,831,266,108,81,1286,1927,705,171,148,2959,1456,449,67,95,2069,1056,409,34,51,1549,858,422,97,32,1403,2182,1289,70,47,3599,1109,624,192,48,1968,99,44,65,19,225,14514,5607,2453,2040,24609
LGA24650,243,125,164,12,541,83,47,52,8,198,79,71,170,14,329,38,40,254,6,331,404,172,347,25,947,218,266,642,22,1149,1155,437,646,38,2282,616,814,649,38,2116,835,1400,669,65,2972,776,1712,522,51,3063,566,1677,371,32,2652,660,1668,272,32,2639,1343,3301,385,59,5090,749,2221,146,19,3143,385,1311,78,11,1785,185,801,43,4,1045,251,1177,47,7,1485,543,1873,510,14,2947,221,249,141,8,621,9361,19366,6132,464,35323
LGA24780,85,27,29,3,138,57,18,22,0,102,35,29,88,3,156,27,9,120,0,161,265,61,208,17,546,150,84,304,16,551,947,156,327,28,1453,483,294,318,31,1125,583,458,241,28,1305,587,510,166,23,1287,301,479,125,9,910,378,478,61,4,917,604,805,75,9,1493,282,517,26,6,830,141,270,9,3,415,61,153,11,0,222,121,254,16,0,392,383,741,231,13,1367,203,83,88,3,373,5681,5432,2461,189,13763
LGA24850,68,16,25,3,108,31,6,17,3,52,44,13,49,4,103,18,11,64,0,91,147,31,108,3,285,91,53,238,5,384,482,72,194,11,764,284,201,204,13,699,363,352,183,6,909,372,398,136,14,921,188,466,111,10,770,242,446,85,10,784,480,844,91,13,1426,283,581,42,8,921,156,298,14,3,474,67,172,19,0,261,113,295,9,3,424,247,607,187,9,1048,99,81,39,8,221,3777,4947,1810,119,10643
LGA24900,48,13,14,4,75,32,13,13,0,59,26,18,43,3,91,12,11,49,0,76,234,25,107,8,364,105,39,146,4,286,656,75,150,9,885,337,118,165,8,625,399,244,108,9,755,361,274,88,8,737,181,262,54,7,499,204,259,32,6,501,312,420,35,4,763,151,238,17,8,402,75,126,4,0,209,27,64,4,0,99,68,114,9,0,190,225,408,106,8,745,128,43,31,0,204,3579,2747,1164,82,7579
LGA24970,695,184,348,94,1320,218,80,130,31,461,182,101,191,40,507,123,96,184,12,416,856,176,293,41,1367,412,312,449,46,1213,1988,505,499,54,3048,1230,803,526,104,2659,1535,1317,700,138,3688,1265,1349,528,110,3245,794,1408,424,76,2694,792,1530,363,49,2740,1669,3361,562,101,5695,1163,2582,234,62,4035,704,1908,108,42,2751,474,1504,96,12,2088,906,3537,140,30,4617,976,2650,583,38,4240,287,165,103,19,574,16261,23549,6452,1102,47364
LGA25060,187,56,96,32,372,105,24,54,14,188,69,57,144,14,291,43,23,121,4,196,501,92,209,35,832,212,128,292,28,659,1186,247,333,61,1829,653,375,378,72,1485,807,577,451,88,1927,724,671,376,68,1842,536,698,339,61,1629,544,772,228,36,1583,1310,1845,355,82,3597,956,1619,184,59,2815,612,1238,60,23,1930,461,1136,88,12,1698,918,3126,114,34,4190,711,1587,430,30,2763,248,145,124,17,536,10776,14421,4384,776,30367
LGA25150,61,10,25,0,97,31,8,7,0,47,23,13,40,0,80,13,0,51,0,62,143,23,90,3,254,76,38,123,3,242,438,75,167,17,696,222,136,148,9,521,316,262,138,5,725,303,294,111,13,718,163,318,78,6,574,178,321,62,5,566,408,667,69,9,1158,235,476,31,0,743,133,326,14,0,469,78,177,6,0,256,104,334,9,3,442,190,467,117,3,777,79,34,24,3,139,3196,3968,1321,79,8563
LGA25250,277,124,125,29,549,126,36,56,11,232,105,66,164,28,370,71,71,166,8,315,736,207,279,46,1269,317,297,414,28,1056,1720,476,507,69,2775,820,718,638,125,2300,1061,1105,683,122,2973,1108,1181,487,111,2888,742,1177,396,95,2402,874,1159,297,89,2424,2019,2463,469,129,5080,1591,1903,181,83,3752,970,1491,59,45,2566,643,1015,69,23,1743,1056,2219,67,25,3361,982,1824,531,50,3381,307,172,121,22,623,15522,17679,5707,1148,40057
LGA25340,250,54,72,3,383,139,23,49,7,221,96,32,133,11,272,71,16,231,0,316,730,72,337,21,1160,384,132,685,12,1219,2479,266,686,29,3462,1626,484,718,66,2899,1997,906,737,57,3696,1673,1221,503,36,3436,955,1325,397,19,2697,1050,1400,282,27,2754,1796,2681,378,30,4881,1125,1939,115,12,3201,583,1302,56,3,1937,354,854,64,4,1273,944,1949,52,7,2950,1164,2218,725,22,4128,528,193,146,19,887,17941,17072,6371,397,41779
LGA25430,22,5,3,0,28,27,3,7,0,39,22,6,30,0,60,8,3,37,0,47,108,12,62,6,180,62,25,98,4,192,360,49,92,8,508,220,78,91,15,409,282,139,89,7,519,232,169,56,10,465,128,152,37,6,318,117,148,25,3,297,206,257,26,5,495,88,161,7,0,258,54,99,0,0,153,20,38,4,0,73,66,70,9,3,150,137,240,83,6,464,46,16,11,3,73,2230,1672,762,68,4732
LGA25490,25,12,10,3,51,19,5,0,0,30,23,3,13,0,41,8,3,18,0,36,97,12,37,7,154,60,17,64,0,148,251,36,55,8,351,165,86,54,3,316,180,165,37,3,387,188,192,41,10,432,106,177,24,7,313,144,178,16,6,338,206,259,35,3,502,118,178,3,3,303,57,105,4,0,162,32,50,7,0,91,74,102,4,0,175,119,250,52,0,422,51,21,11,0,83,1931,1857,496,53,4340
LGA25620,33,4,0,3,40,16,10,4,0,30,13,9,17,0,38,7,4,30,0,43,90,11,27,0,132,54,23,47,0,123,286,37,46,3,374,139,59,40,9,242,199,108,43,7,354,181,130,29,4,349,101,119,20,3,239,101,127,16,0,242,172,215,14,0,395,101,137,12,3,251,35,59,0,0,100,33,30,0,0,66,59,52,4,0,114,138,194,50,0,379,48,23,19,0,83,1800,1341,414,32,3589
LGA25710,77,20,32,0,125,46,14,11,0,70,25,13,30,6,76,18,4,44,0,67,127,20,72,8,227,90,43,139,6,279,395,71,111,8,587,334,154,161,13,659,471,296,204,17,991,444,395,182,12,1030,269,501,172,15,957,350,564,120,15,1051,708,1325,187,17,2231,514,1261,77,4,1861,326,1014,50,3,1403,215,735,47,3,995,446,1894,43,0,2377,338,1244,234,4,1821,78,84,34,0,194,5278,9655,1946,133,17008
LGA25810,19,10,6,0,33,14,3,3,0,24,17,8,11,0,33,11,4,17,0,30,93,5,32,0,133,44,18,51,0,120,260,24,64,11,355,139,74,54,6,269,157,98,45,4,308,169,121,21,4,320,69,95,13,0,186,92,91,16,4,198,114,137,15,4,272,67,72,6,0,145,44,51,0,0,96,6,23,0,0,35,31,31,4,0,68,94,138,41,3,273,55,14,9,3,81,1480,1040,406,47,2972
LGA25900,106,35,57,24,234,41,15,36,6,100,41,35,82,13,168,30,10,97,5,146,215,32,122,23,397,117,48,194,26,392,444,89,215,35,782,360,125,212,35,727,545,230,263,80,1115,658,272,185,54,1172,543,254,161,43,996,667,281,161,45,1156,1767,712,240,91,2808,1544,632,65,62,2306,1113,514,34,30,1683,934,638,138,20,1734,2356,2536,74,37,5005,1033,855,282,20,2197,117,71,52,6,248,12634,7379,2671,673,23351
LGA25990,18,3,3,0,26,13,0,3,0,21,10,5,9,0,23,12,0,15,0,21,62,11,14,0,81,41,17,37,0,89,180,15,44,4,247,85,40,20,3,152,88,89,26,0,206,76,72,21,3,165,40,66,6,0,116,58,56,3,0,113,66,64,8,0,136,33,44,0,0,77,15,35,0,0,50,4,7,3,0,13,15,19,0,0,34,65,100,19,0,185,28,8,6,0,45,891,653,230,15,1785
LGA26080,3,0,0,0,6,6,0,0,0,6,3,0,4,0,3,3,0,0,0,3,12,0,0,0,19,8,0,7,0,19,49,3,4,0,55,52,4,15,0,74,46,17,11,0,76,47,6,7,0,58,24,13,6,0,46,32,13,3,0,42,36,28,8,0,71,29,32,0,0,65,20,21,0,0,36,13,12,0,0,32,27,23,0,0,52,29,48,13,0,89,6,0,5,0,7,458,219,75,7,752
LGA26170,46,18,6,0,71,45,4,13,0,63,26,14,25,0,63,19,7,43,0,67,204,28,92,10,333,110,51,137,0,305,565,88,104,9,769,382,163,129,9,688,387,262,93,7,752,328,293,67,10,696,183,250,37,3,469,226,263,37,7,534,323,416,34,9,779,172,262,16,0,457,85,138,3,0,228,38,70,11,0,120,84,138,5,0,232,231,362,114,0,713,106,42,26,0,174,3583,2878,999,72,7526
LGA26260,18,5,3,0,26,10,5,3,0,21,10,9,10,0,34,9,3,25,0,32,100,10,42,3,157,70,20,63,3,153,297,49,75,3,432,183,90,72,7,353,209,145,63,8,429,203,157,46,3,407,119,177,36,0,333,126,124,17,3,263,165,249,7,3,417,107,141,9,0,255,57,84,3,0,147,25,34,3,0,67,60,77,0,0,135,129,244,66,3,441,54,15,16,3,81,1942,1633,571,40,4186
LGA26350,202,50,101,31,382,71,22,41,16,156,54,22,87,11,168,25,8,59,12,111,223,44,104,20,388,143,49,133,20,346,511,76,164,46,802,356,141,203,50,749,608,199,226,85,1118,615,266,191,74,1140,526,288,157,43,1012,652,326,132,49,1158,1576,718,253,109,2660,1265,629,108,73,2078,921,563,51,40,1571,800,843,153,13,1808,2400,3660,153,28,6242,923,1289,303,23,2539,132,97,48,9,286,11999,9276,2666,766,24714
LGA26430,20,5,9,0,28,19,3,5,0,31,11,3,13,0,28,9,4,16,0,31,93,4,33,0,135,57,10,44,0,107,220,20,46,0,285,118,42,47,10,214,157,78,34,0,274,132,83,33,3,246,84,77,17,3,179,87,88,15,0,188,119,114,11,3,249,78,79,3,0,164,28,39,3,0,75,16,19,0,0,34,40,47,3,0,90,109,143,40,3,292,53,14,14,3,81,1441,873,390,34,2731
LGA26490,33,11,6,0,49,18,7,11,0,36,17,3,18,0,36,8,4,16,0,27,117,15,47,3,180,69,23,77,3,166,337,43,98,7,486,238,76,81,4,399,350,192,102,9,654,301,220,73,10,603,177,255,52,3,491,187,288,38,8,521,372,586,64,9,1025,238,473,17,8,733,130,291,5,0,434,87,220,3,0,312,203,430,11,0,640,239,524,113,4,875,74,32,25,6,134,3205,3685,842,71,7805
LGA26610,27,7,16,0,57,15,3,3,0,25,19,11,20,0,48,4,5,34,0,49,109,37,66,4,214,45,35,89,7,172,310,75,93,9,492,175,99,91,7,377,227,180,84,9,504,229,216,47,17,509,109,169,32,9,318,156,178,21,4,357,199,300,28,8,532,93,180,11,0,279,54,84,4,0,142,18,67,5,0,89,63,90,0,0,150,136,270,71,3,480,94,27,22,0,143,2101,2031,737,80,4942
LGA26670,11,0,3,0,15,9,0,0,0,7,7,0,9,0,13,3,3,6,0,12,51,7,15,0,72,27,6,22,0,60,127,15,13,0,161,76,32,22,0,128,95,55,12,3,164,84,60,13,0,161,37,55,10,0,103,62,43,9,0,116,74,63,11,3,144,47,56,0,0,104,26,26,0,0,54,16,19,0,0,31,25,16,3,0,46,65,82,18,0,158,29,8,3,0,33,867,547,161,16,1591
LGA26700,39,11,14,0,63,19,3,15,0,40,15,10,31,6,58,15,8,46,0,61,151,23,91,8,279,81,45,131,3,259,503,70,143,16,723,358,126,149,10,641,392,257,130,20,802,320,288,82,16,702,205,262,49,4,528,209,236,38,4,482,325,476,45,11,851,183,306,19,4,505,94,142,4,0,243,41,93,11,0,143,90,138,9,0,237,213,377,97,3,688,87,37,42,3,169,3336,2893,1138,97,7467
LGA26730,37,7,13,4,68,27,4,14,0,41,21,4,41,3,69,13,3,66,3,85,157,18,87,7,268,95,23,184,3,305,478,75,178,6,740,293,136,188,14,642,386,229,156,19,787,329,317,126,16,783,190,312,73,3,583,246,322,53,7,623,427,582,68,12,1093,239,388,24,9,658,93,218,5,0,312,48,131,13,0,189,112,218,5,0,343,192,394,114,9,706,76,31,41,3,144,3451,3425,1446,120,8440
LGA26810,66,18,22,0,109,57,6,14,3,80,29,11,50,6,99,10,8,85,0,101,228,47,126,3,406,138,53,184,10,386,758,107,198,14,1083,445,196,183,21,846,534,335,175,20,1070,449,351,122,18,935,279,347,51,3,683,314,355,61,3,736,499,586,59,8,1156,255,414,17,6,686,143,227,5,0,381,87,165,20,0,271,191,324,12,0,528,375,683,150,6,1213,132,51,41,0,224,4994,4293,1574,134,10989
LGA26890,4,3,0,0,4,3,3,0,0,8,0,3,3,0,5,0,0,7,0,7,16,4,5,0,29,13,3,21,0,40,89,16,6,0,113,51,35,11,3,96,49,35,12,4,103,62,42,7,0,112,20,33,3,0,62,27,16,0,0,47,50,47,0,0,92,31,28,0,0,61,12,26,0,0,30,4,10,0,0,13,18,7,8,0,36,44,65,16,0,126,23,9,0,0,30,522,390,103,14,1028
LGA26980,554,153,278,61,1043,196,55,90,21,352,143,85,177,28,434,94,57,150,13,316,663,155,244,23,1092,359,237,356,38,989,1557,385,451,57,2449,1090,637,535,81,2340,1439,1022,669,86,3212,1246,1080,482,71,2884,739,1098,405,66,2300,784,1245,345,64,2442,1513,2857,521,84,4972,1064,2463,219,39,3785,704,1808,92,20,2628,452,1452,131,12,2047,911,3768,109,27,4805,904,2253,562,28,3752,226,168,88,8,484,14628,20963,5910,839,42332
LGA27070,505,193,209,27,936,142,88,80,15,321,137,142,235,15,531,77,83,263,9,437,981,371,493,39,1881,407,509,797,44,1758,2383,920,910,79,4291,1116,1405,926,83,3533,1264,2270,923,87,4542,1385,2430,796,105,4711,872,2509,578,57,4019,953,2456,436,72,3918,1887,4741,566,101,7291,1088,3025,250,42,4402,530,1700,93,20,2344,260,1003,73,8,1335,310,1490,65,10,1873,850,2816,779,35,4478,369,350,205,11,938,15522,28515,8675,839,53550
LGA27170,33,7,17,0,61,31,0,19,0,45,16,5,52,4,81,7,5,104,0,116,147,24,145,3,319,84,38,226,4,356,499,67,224,17,807,320,157,221,12,706,402,266,226,17,917,401,398,173,16,983,279,371,105,5,766,286,395,60,9,746,550,733,92,11,1395,278,527,27,8,836,138,292,9,0,434,45,153,5,0,204,88,226,6,0,320,268,494,167,15,942,90,37,37,4,166,3975,4188,1916,127,10211
LGA27260,560,203,268,20,1051,136,95,94,12,344,119,161,263,4,553,82,119,336,13,542,525,375,480,29,1408,336,527,862,22,1748,1474,908,824,47,3249,1046,1601,967,60,3676,1312,2407,994,70,4783,1355,2787,696,87,4930,1012,2780,532,72,4395,1095,2651,416,54,4221,2298,5372,544,105,8316,1319,3426,248,36,5032,752,2147,99,23,3025,416,1470,60,11,1955,551,2230,79,15,2877,951,2930,702,36,4612,272,315,204,15,797,15612,32496,8673,728,57508
LGA27350,86,31,81,13,211,46,15,56,13,127,60,39,155,17,279,29,8,121,9,170,208,92,175,32,503,100,70,219,18,408,373,111,207,38,729,262,122,211,58,648,398,190,211,71,857,487,186,146,67,890,405,210,141,36,793,550,211,118,36,905,1382,594,182,74,2231,1268,543,75,48,1935,1020,482,26,39,1564,792,483,81,22,1382,1982,1860,70,34,3942,826,640,251,19,1736,80,53,74,15,222,10340,5931,2607,659,19536
LGA27450,182,48,84,3,317,117,31,33,8,185,104,38,150,7,300,62,29,180,0,281,497,77,300,7,882,393,147,573,13,1123,1688,263,595,44,2587,1218,574,694,54,2541,1453,1145,702,49,3345,1302,1506,549,54,3412,855,1608,439,29,2937,974,1643,313,22,2956,2087,3316,458,68,5935,1169,2476,187,25,3865,645,1379,59,9,2092,312,913,44,8,1274,521,1666,65,8,2258,861,2366,691,29,3951,359,272,147,7,778,14790,19503,6268,449,41016
LGA27630,14,13,4,0,28,14,4,3,0,17,4,6,11,0,18,0,0,12,0,18,49,7,18,0,85,33,9,30,0,75,162,24,35,3,223,72,29,41,3,151,93,77,26,0,195,81,65,13,0,156,46,45,3,0,96,50,54,4,0,108,80,68,4,4,152,34,37,3,0,79,24,21,3,0,47,5,4,0,0,17,19,21,0,0,42,62,71,21,0,155,25,11,17,0,49,864,578,247,12,1706
LGA29399,0,0,3,0,3,3,0,0,0,6,0,0,0,0,0,0,0,0,0,0,0,0,0,0,0,3,0,0,0,3,3,3,0,0,3,5,0,3,0,11,0,3,0,0,4,3,3,3,0,12,0,0,0,0,0,0,0,0,0,4,3,5,0,0,5,3,3,0,0,8,0,3,0,0,3,0,0,0,0,4,0,0,0,0,0,7,3,0,0,12,0,0,0,0,0,31,27,11,0,70
LGA29499,0,0,0,0,0,0,0,0,0,0,0,0,0,0,0,0,0,0,0,0,0,0,0,0,0,0,0,0,0,0,0,0,0,0,0,0,0,0,0,0,0,0,0,0,0,0,0,0,0,0,0,0,0,0,0,0,0,0,0,0,0,0,0,0,0,0,0,0,0,0,0,0,0,0,0,0,0,0,0,0,0,0,0,0,0,0,0,0,0,0,0,0,0,0,0,0,0,0,0,0
LGA29799,0,0,0,0,0,0,0,0,0,0,0,0,0,0,0,0,0,0,0,0,0,0,0,0,0,0,0,0,0,0,0,0,0,0,0,0,0,0,0,0,0,0,0,0,0,0,0,0,0,0,0,0,0,0,0,0,0,0,0,0,0,0,0,0,0,0,0,0,0,0,0,0,0,0,0,0,0,0,0,0,0,0,0,0,0,0,0,0,0,0,0,0,0,0,0,0,0,0,0,0
