LGA_CODE_2016,F_AccomFoodS_Cert,F_AccomFoodS_ID_NS,F_AccomFoodS_ToT,F_TransPostWhse_PD,F_TransPostWhse_GD_GC,F_TransPostWhse_BD,F_TransPostWhse_AdD_D,F_TransPostWhse_Cert,F_TransPostWhse_ID_NS,F_TransPostWhse_ToT,F_InfoMedTelecom_PD,F_InfoMedTelecom_GD_GC,F_InfoMedTelecom_BD,F_InfoMedTelecom_AdD_D,F_InfoMedTelecom_Cert,F_InfoMedTelecom_ID_NS,F_InfoMedTelecom_ToT,F_FinInsurS_PD,F_FinInsurS_GD_GC,F_FinInsurS_BD,F_FinInsurS_AdD_D,F_FinInsurS_Cert,F_FinInsurS_ID_NS,F_FinInsurS_ToT,F_RentHirREserv_PD,F_RentHirREserv_GD_GC,F_RentHirREserv_BD,F_RentHirREserv_AdD_D,F_RentHirREserv_Cert,F_RentHirREserv_ID_NS,F_RentHirREserv_ToT,F_ProScieTechServ_PD,F_ProScieTechServ_GD_GC,F_ProScieTechServ_BD,F_ProScieTechServ_AdD_D,F_ProScieTechServ_Cert,F_ProScieTechServ_ID_NS,F_ProScieTechServ_ToT,F_AdminSupServ_PD,F_AdminSupServ_GD_GC,F_AdminSupServ_BD,F_AdminSupServ_AdD_D,F_AdminSupServ_Cert,F_AdminSupServ_ID_NS,F_AdminSupServ_ToT,F_PubAdmiSafety_PD,F_PubAdmiSafety_GD_GC,F_PubAdmiSafety_BD,F_PubAdmiSafety_AdD_D,F_PubAdmiSafety_Cert,F_PubAdmiSafety_ID_NS,F_PubAdmiSafety_ToT,F_EducTrain_PD,F_EducTrain_GD_GC,F_EducTrain_BD,F_EducTrain_AdD_D,F_EducTrain_Cert,F_EducTrain_ID_NS,F_EducTrain_ToT,F_HealthCareSocA_PD,F_HealthCareSocA_GD_GC,F_HealthCareSocA_BD,F_HealthCareSocA_AdD_D,F_HealthCareSocA_Cert,F_HealthCareSocA_ID_NS,F_HealthCareSocA_ToT,F_ArtRecServ_PD,F_ArtRecServ_GD_GC,F_ArtRecServ_BD,F_ArtRecServ_AdD_D,F_ArtRecServ_Cert,F_ArtRecServ_ID_NS,F_ArtRecServ_ToT,F_OthServ_PD,F_OthServ_GD_GC,F_OthServ_BD,F_OthServ_AdD_D,F_OthServ_Cert,F_OthServ_ID_NS,F_OthServ_ToT,F_ID_NS_PD,F_ID_NS_GD_GC,F_ID_NS_BD,F_ID_NS_AdD_D,F_ID_NS_Cert,F_ID_NS_ID_NS,F_ID_NS_ToT,F_ToT_PD,F_ToT_GD_GC,F_ToT_BD,F_ToT_AdD_D,F_ToT_Cert,F_ToT_ID_NS,F_ToT_ToT,P_AgriForestFish_PD,P_AgriForestFish_GD_GC,P_AgriForestFish_BD,P_AgriForestFish_AdD_D,P_AgriForestFish_Cert,P_AgriForestFish_ID_NS,P_AgriForestFish_ToT,P_Min_PD,P_Min_GD_GC,P_Min_BD,P_Min_AdD_D,P_Min_Cert,P_Min_ID_NS,P_Min_ToT,P_Mnfg_PD,P_Mnfg_GD_GC,P_Mnfg_BD,P_Mnfg_AdD_D,P_Mnfg_Cert,P_Mnfg_ID_NS,P_Mnfg_ToT,P_EGW_WS_PD,P_EGW_WS_GD_GC,P_EGW_WS_BD,P_EGW_WS_AdD_D,P_EGW_WS_Cert,P_EGW_WS_ID_NS,P_EGW_WS_ToT,P_Cnstn_PD,P_Cnstn_GD_GC,P_Cnstn_BD,P_Cnstn_AdD_D,P_Cnstn_Cert,P_Cnstn_ID_NS,P_Cnstn_ToT,P_WTrade_PD,P_WTrade_GD_GC,P_WTrade_BD,P_WTrade_AdD_D,P_WTrade_Cert,P_WTrade_ID_NS,P_WTrade_ToT,P_RTrade_PD,P_RTrade_GD_GC,P_RTrade_BD,P_RTrade_AdD_D,P_RTrade_Cert,P_RTrade_ID_NS,P_RTrade_ToT,P_AccomFoodS_PD,P_AccomFoodS_GD_GC,P_AccomFoodS_BD,P_AccomFoodS_AdD_D,P_AccomFoodS_Cert,P_AccomFoodS_ID_NS,P_AccomFoodS_ToT,P_TransPostWhse_PD,P_TransPostWhse_GD_GC,P_TransPostWhse_BD,P_TransPostWhse_AdD_D,P_TransPostWhse_Cert,P_TransPostWhse_ID_NS,P_TransPostWhse_ToT,P_InfoMedTelecom_PD,P_InfoMedTelecom_GD_GC,P_InfoMedTelecom_BD,P_InfoMedTelecom_AdD_D,P_InfoMedTelecom_Cert,P_InfoMedTelecom_ID_NS,P_InfoMedTelecom_ToT,P_FinInsurS_PD,P_FinInsurS_GD_GC,P_FinInsurS_BD,P_FinInsurS_AdD_D,P_FinInsurS_Cert,P_FinInsurS_ID_NS,P_FinInsurS_ToT,P_RentHirREserv_PD,P_RentHirREserv_GD_GC,P_RentHirREserv_BD,P_RentHirREserv_AdD_D,P_RentHirREserv_Cert,P_RentHirREserv_ID_NS,P_RentHirREserv_ToT,P_ProScieTechServ_PD,P_ProScieTechServ_GD_GC,P_ProScieTechServ_BD,P_ProScieTechServ_AdD_D,P_ProScieTechServ_Cert,P_ProScieTechServ_ID_NS,P_ProScieTechServ_ToT,P_AdminSupServ_PD,P_AdminSupServ_GD_GC,P_AdminSupServ_BD,P_AdminSupServ_AdD_D,P_AdminSupServ_Cert,P_AdminSupServ_ID_NS,P_AdminSupServ_ToT,P_PubAdmiSafety_PD,P_PubAdmiSafety_GD_GC,P_PubAdmiSafety_BD,P_PubAdmiSafety_AdD_D,P_PubAdmiSafety_Cert,P_PubAdmiSafety_ID_NS,P_PubAdmiSafety_ToT,P_EducTrain_PD
LGA20110,98,20,224,0,0,3,6,7,3,25,0,0,3,3,6,0,15,0,0,6,9,15,3,31,0,0,5,13,15,3,38,10,7,45,14,12,7,93,0,0,11,12,14,7,50,13,6,33,21,22,4,96,35,35,133,41,33,5,285,12,47,122,117,130,21,453,0,0,6,7,10,0,24,0,3,12,10,26,0,44,0,0,16,13,12,11,44,86,122,497,389,507,102,1716,9,4,37,57,122,19,249,0,0,3,0,16,3,21,5,3,40,31,156,14,248,3,0,7,6,39,0,59,0,0,15,26,259,12,311,0,3,5,11,27,7,51,0,10,33,45,108,18,205,8,9,67,86,200,31,404,0,0,13,17,60,8,97,0,0,9,3,10,0,28,4,0,7,18,18,3,47,3,3,16,22,29,8,77,19,10,75,41,27,5,177,0,3,20,19,59,12,111,15,10,54,55,66,9,209,45
LGA20260,31,9,68,0,0,0,4,9,0,17,0,0,0,0,6,0,7,0,3,0,3,3,4,10,0,0,0,5,8,0,15,0,4,22,10,12,0,45,0,0,3,7,11,6,29,4,6,28,43,62,11,160,9,30,78,25,21,3,171,17,26,122,102,157,18,436,0,0,4,9,3,0,14,3,0,3,12,34,0,49,0,0,10,3,15,15,40,38,93,358,291,490,95,1365,4,9,83,82,187,36,401,0,0,3,0,22,4,30,0,6,37,28,133,22,230,0,0,0,0,21,0,24,0,0,14,10,132,10,160,0,0,8,10,37,4,56,4,5,13,16,88,10,139,3,0,12,28,48,20,110,0,0,0,14,36,4,50,3,0,3,3,11,4,21,0,3,0,8,8,4,17,0,0,5,7,11,0,30,3,4,34,14,16,0,65,0,0,9,3,35,5,50,15,15,59,102,190,26,402,9
LGA20570,419,39,763,3,7,25,28,94,6,162,12,20,79,41,69,6,218,13,18,68,73,78,4,249,5,0,26,37,78,12,167,60,47,342,137,177,20,776,3,15,66,59,130,29,304,79,92,302,247,285,35,1049,429,413,1196,372,407,43,2857,391,458,1743,922,1157,150,4816,17,10,81,44,100,14,266,9,12,59,116,297,18,516,20,7,63,43,77,57,268,1116,1162,4681,2706,4296,557,14530,9,8,88,59,206,16,401,20,10,62,28,113,3,237,66,29,378,266,1216,92,2052,21,17,63,63,142,12,304,27,29,173,223,2287,79,2818,15,0,75,91,297,18,501,74,51,421,373,1100,132,2154,44,24,247,248,780,65,1405,19,19,105,116,459,51,769,34,23,173,123,237,16,613,28,22,156,168,118,14,505,11,8,79,75,178,23,371,195,95,892,305,347,37,1874,7,25,121,119,269,39,578,142,162,563,512,627,64,2074,733
LGA20660,192,20,577,34,10,94,63,78,19,303,41,40,192,62,37,4,374,121,68,365,178,91,34,853,27,17,102,78,84,18,320,345,131,961,293,189,36,1954,46,26,192,146,125,26,551,239,178,591,276,202,29,1516,871,676,1732,435,317,57,4090,813,565,2376,921,887,185,5750,29,36,148,70,74,11,366,46,42,156,166,265,33,712,53,18,197,91,89,76,526,2914,1910,8438,3537,3270,676,20745,25,8,39,22,35,0,125,18,4,55,9,23,4,113,226,76,747,364,847,65,2331,61,14,167,47,132,9,435,103,34,541,407,2501,86,3674,127,29,431,221,285,29,1127,164,61,908,499,734,109,2477,87,26,360,291,451,47,1264,124,49,347,246,469,54,1291,142,80,475,159,138,14,1017,302,145,978,408,185,68,2092,56,25,217,140,209,33,673,926,293,2477,641,415,104,4844,101,44,382,241,337,40,1145,502,309,1169,630,639,64,3316,1469
LGA20740,145,27,293,3,0,12,13,18,3,46,0,5,11,3,9,0,27,3,0,6,21,19,8,63,3,0,15,27,35,10,82,9,11,63,42,44,10,185,0,4,18,29,50,9,113,26,15,48,61,76,5,232,49,100,274,78,75,6,587,66,84,300,227,335,58,1067,8,6,48,49,58,14,185,0,0,17,38,98,11,166,5,5,8,23,36,29,107,192,251,992,851,1267,261,3816,3,8,56,49,164,42,323,0,0,3,3,32,0,36,12,3,41,39,250,22,368,5,3,29,31,93,6,171,0,0,53,84,903,48,1089,4,0,21,27,95,16,155,7,12,82,124,336,64,630,11,10,68,105,311,45,553,3,3,12,22,126,23,195,5,4,21,10,23,3,66,6,3,23,30,28,8,100,3,3,21,34,69,9,137,31,24,161,99,93,17,415,3,3,27,52,132,20,245,45,29,98,113,158,18,456,81
LGA20830,228,24,357,3,0,9,15,33,6,65,0,6,13,19,12,0,56,4,0,22,36,44,11,122,0,3,7,24,59,9,98,29,11,124,85,95,12,355,0,3,12,45,77,9,149,35,49,140,128,127,18,485,142,200,531,218,216,21,1337,96,121,538,398,543,69,1774,3,0,12,25,39,5,87,4,11,32,66,151,11,265,3,9,21,40,54,28,160,355,446,1750,1442,2250,314,6546,31,28,199,171,546,77,1052,4,0,8,3,76,7,103,12,16,101,128,649,25,922,17,3,54,33,220,9,343,6,4,53,116,1417,57,1657,6,4,32,45,192,16,297,15,7,105,147,438,58,771,3,3,56,90,342,26,525,4,0,25,43,259,25,363,3,10,31,33,62,8,147,10,6,54,73,59,19,226,0,3,20,27,94,14,164,64,30,290,172,182,25,753,0,6,24,67,167,17,288,59,74,226,239,259,36,900,219
LGA20910,126,18,474,39,9,112,56,36,6,246,59,23,220,48,29,7,379,143,81,516,148,59,29,973,33,26,169,84,97,19,424,412,136,1245,354,157,58,2359,51,42,230,119,82,28,552,160,121,370,127,76,17,865,682,442,1234,350,164,52,2920,556,326,1514,569,376,95,3437,35,17,136,71,49,8,315,31,25,157,107,169,17,511,70,27,254,118,81,74,628,2576,1427,7622,2802,1884,538,16864,24,4,46,17,22,8,113,49,11,74,5,3,0,149,267,75,800,276,372,49,1839,66,31,154,40,41,9,332,94,46,585,348,1196,65,2327,148,61,566,208,170,38,1197,196,70,980,431,453,111,2237,55,16,383,212,278,47,999,109,30,339,173,170,28,859,148,62,499,122,100,17,949,449,190,1406,432,134,53,2672,81,50,393,190,223,29,972,1161,313,3291,744,319,136,5952,93,67,423,190,191,39,1002,331,180,641,248,184,38,1614,1023
LGA21010,80,13,119,0,0,3,9,5,3,22,0,0,0,3,3,0,7,0,0,5,3,15,0,22,0,0,3,0,15,4,20,4,4,18,15,20,4,67,0,3,4,3,16,5,34,4,7,27,43,38,3,128,32,45,135,39,52,13,312,22,26,132,142,179,31,548,0,0,9,6,12,0,26,3,0,5,6,42,4,59,0,3,4,11,17,10,52,93,106,417,393,625,115,1752,11,13,54,92,129,18,312,0,0,0,4,15,0,19,11,4,21,37,170,17,264,0,0,10,14,46,4,73,3,3,18,17,278,17,328,0,0,21,22,70,4,117,0,3,25,35,142,18,213,0,0,12,25,114,23,178,4,0,16,19,76,10,129,0,0,3,6,15,0,22,3,0,3,3,17,0,32,0,0,3,10,25,7,46,13,8,43,29,35,4,126,3,3,12,14,43,6,75,11,9,52,88,90,8,265,43
LGA21110,231,47,1199,69,28,214,70,44,17,434,136,60,418,81,43,10,751,370,174,1003,236,120,45,1939,92,28,313,128,85,22,656,891,296,2477,388,209,82,4345,101,63,399,158,115,35,866,362,214,726,190,117,26,1638,1493,791,2211,394,205,74,5173,1486,699,3544,868,469,223,7286,99,49,258,86,76,11,580,84,63,320,161,232,15,878,169,55,422,141,87,102,979,6077,2796,15460,4036,2569,857,31803,55,11,106,32,25,8,235,63,24,134,11,10,3,239,534,134,1379,360,406,65,2878,137,34,322,55,48,11,608,207,66,1022,368,1194,65,2921,363,99,1013,315,213,51,2050,456,165,2220,789,647,138,4417,244,36,1075,541,575,87,2561,230,73,650,236,185,37,1414,409,117,1006,200,144,41,1906,1056,405,2651,554,226,97,4983,227,71,739,292,264,43,1635,2573,671,6286,843,416,202,10984,230,108,772,300,250,53,1709,726,346,1324,378,256,58,3071,2471
LGA21180,437,88,1221,48,10,272,180,279,45,835,26,8,138,49,35,12,267,77,30,537,220,165,24,1063,12,8,85,72,118,20,321,137,53,679,258,159,45,1323,71,21,324,201,244,71,924,95,76,459,252,272,54,1201,342,345,1245,483,397,77,2889,360,263,1785,1117,1292,246,5062,12,7,120,69,92,23,325,32,7,142,218,434,47,886,43,17,254,191,209,195,913,1522,920,7791,4547,5255,1204,21229,18,0,74,28,57,19,193,6,0,11,3,29,5,49,176,51,1062,713,1869,230,4102,33,13,151,83,153,20,447,64,23,498,416,2568,181,3749,107,15,460,284,507,68,1441,214,40,1253,843,1228,238,3817,144,29,658,728,894,153,2595,234,38,914,875,1542,249,3848,111,19,358,168,150,24,835,178,69,1018,403,309,50,2024,35,13,165,146,262,40,661,419,90,1595,550,327,87,3072,136,30,567,408,588,128,1864,216,130,852,536,661,92,2488,576
LGA21270,13,3,20,0,0,0,3,7,0,13,0,0,3,0,0,0,4,0,0,0,0,3,4,10,0,0,0,0,0,0,0,0,0,14,4,8,0,26,0,0,3,0,4,0,10,5,3,9,10,13,0,40,9,30,66,18,22,4,150,9,5,57,51,61,9,193,0,0,0,0,0,0,4,0,0,4,0,10,0,16,0,0,4,3,4,3,17,22,51,198,134,228,34,669,3,15,40,54,227,25,359,0,0,0,0,0,0,0,0,0,3,5,28,5,39,0,0,0,0,5,0,13,0,0,3,3,81,7,96,0,0,5,7,33,3,46,0,0,10,16,44,5,74,0,0,6,3,26,4,44,0,0,0,7,39,9,59,0,0,3,0,3,0,7,0,0,3,3,3,4,16,0,0,0,0,3,3,6,0,0,19,3,11,0,39,0,0,3,0,6,0,19,4,3,12,17,38,0,75,12
LGA21370,153,21,258,0,0,7,10,21,8,46,0,3,5,8,3,0,21,3,0,12,31,31,3,81,0,0,3,12,32,6,56,7,10,78,35,51,8,194,0,0,15,18,46,10,88,9,9,55,56,107,11,244,51,88,325,103,105,9,688,57,106,394,365,480,82,1481,4,3,10,9,24,3,58,0,3,16,41,119,11,195,3,5,12,18,46,39,119,155,253,1162,960,1686,305,4523,13,15,143,195,579,108,1059,0,0,6,4,34,4,50,17,17,114,125,790,69,1128,3,12,16,19,83,0,136,0,0,29,48,713,31,819,4,7,28,20,111,7,173,7,3,68,92,397,50,613,3,6,55,69,262,40,438,0,0,13,25,184,30,254,0,3,11,8,18,4,52,3,3,31,49,33,7,125,3,0,14,16,59,12,100,11,15,154,69,106,11,368,0,0,18,31,100,16,162,15,12,83,93,207,12,435,72
LGA21450,266,33,510,5,3,38,77,118,11,256,6,6,24,31,35,3,111,21,7,90,130,116,21,380,3,3,40,67,149,15,285,56,35,246,208,199,32,762,16,12,78,121,190,20,441,40,66,191,235,165,17,710,229,289,936,362,377,49,2238,188,213,952,891,1159,149,3547,9,13,58,57,74,14,219,6,6,58,136,333,15,563,15,6,70,94,150,58,389,666,710,3392,3262,4658,594,13283,14,8,99,115,336,44,617,9,3,17,19,65,10,108,82,30,339,439,1719,103,2702,13,7,55,68,192,15,349,19,15,183,382,3312,151,4065,27,20,192,185,491,33,953,68,35,349,482,1250,118,2297,22,13,146,204,438,48,870,35,12,136,219,670,67,1141,26,14,104,94,129,15,373,48,15,188,216,180,29,681,5,5,62,101,265,24,465,152,69,582,386,398,61,1640,28,16,125,185,426,42,818,74,93,303,440,441,32,1397,355
LGA21610,698,101,1518,52,6,201,228,304,61,841,38,19,139,110,83,21,412,135,36,536,434,324,63,1518,25,11,120,128,238,29,548,255,77,871,522,406,82,2226,77,35,302,365,512,92,1387,170,109,587,554,511,71,1998,749,599,2138,936,793,131,5345,745,592,3549,2854,3303,483,11521,16,14,117,156,175,25,495,46,27,194,428,851,76,1629,79,31,328,317,410,288,1461,2941,1702,11579,9549,11697,1995,39468,18,4,103,111,225,36,503,8,0,29,20,81,12,148,534,138,1820,1911,5064,470,9934,106,23,228,176,411,24,977,154,41,736,1031,6772,317,9049,242,69,855,716,1520,160,3559,468,99,1756,1703,2974,353,7365,124,24,565,833,1296,174,3009,279,49,825,948,1721,274,4092,178,45,442,335,362,53,1410,351,86,1169,795,540,104,3056,64,18,244,250,516,54,1142,812,192,2262,1072,862,189,5380,147,60,565,662,1127,164,2727,347,193,1072,1082,1168,135,3998,1182
LGA21670,41,10,68,0,0,3,5,7,0,12,0,0,3,0,3,0,11,0,0,6,3,10,0,19,0,0,0,0,6,0,4,0,4,12,13,12,0,40,0,0,0,0,13,3,16,4,3,12,16,34,9,80,5,22,76,30,37,11,179,12,14,92,94,164,24,409,0,3,8,6,7,0,23,0,0,5,8,37,3,52,4,0,5,8,14,13,39,32,47,258,254,495,101,1191,5,0,26,14,96,16,152,0,0,6,3,20,0,22,7,3,21,36,253,28,339,0,0,3,0,13,0,22,0,0,4,6,164,4,184,0,0,5,3,26,0,32,0,3,15,40,143,23,227,0,0,13,20,59,10,104,0,0,3,10,65,3,76,0,0,8,3,12,0,19,0,0,4,6,12,0,25,0,0,0,3,12,0,13,7,8,18,18,28,3,81,0,0,4,5,24,5,41,6,11,26,45,91,9,184,9
LGA21750,97,17,205,0,0,5,11,15,3,36,0,3,11,8,4,0,29,0,0,6,14,21,0,41,0,0,5,5,18,3,42,6,7,36,19,38,3,112,0,0,9,23,54,8,87,9,11,33,72,76,13,213,28,45,175,61,62,9,374,38,40,203,183,302,58,825,0,0,16,6,16,0,47,3,0,3,23,51,0,84,0,0,13,9,25,19,70,110,123,658,613,1026,194,2733,12,6,87,126,312,60,606,0,0,0,0,14,0,17,9,4,58,63,437,54,630,0,0,7,10,45,0,56,0,0,22,37,404,10,474,0,0,6,9,56,9,89,3,0,47,61,198,24,337,8,10,57,75,200,31,374,0,4,9,18,149,16,198,0,3,19,18,26,4,63,3,0,14,30,24,0,68,0,0,13,8,27,9,58,18,9,95,36,63,7,226,0,0,20,29,109,19,172,17,12,71,118,135,13,371,36
LGA21830,65,16,114,0,0,0,10,9,0,21,0,0,5,6,5,0,17,0,0,0,0,5,0,8,0,0,0,3,9,0,13,8,3,27,13,16,0,74,0,0,3,11,18,8,40,3,3,31,36,25,4,97,19,38,153,51,44,3,306,11,33,150,118,182,33,526,3,0,3,3,7,3,16,0,0,3,7,39,4,59,3,0,12,4,15,12,43,55,101,540,399,663,132,1897,6,16,162,193,545,88,1016,0,0,4,0,21,0,31,7,3,22,35,189,13,275,0,0,4,4,33,0,41,0,0,14,9,233,17,270,3,0,7,13,52,7,80,0,3,34,34,138,21,225,3,5,22,22,103,18,174,3,0,3,20,85,9,125,0,3,5,8,11,0,25,0,0,3,4,6,0,13,0,0,4,5,8,4,19,15,7,62,24,32,3,146,0,0,5,15,35,4,66,12,7,40,49,61,9,175,26
LGA21890,351,64,1326,41,11,165,93,91,21,422,96,78,331,92,59,10,668,122,86,500,214,136,18,1077,25,21,110,62,74,11,314,579,205,1482,351,190,53,2870,96,53,339,165,184,42,871,439,273,893,239,228,32,2106,1269,770,1810,398,259,59,4569,1079,571,2530,899,782,159,6021,105,74,336,91,76,19,700,103,50,249,189,244,39,870,88,35,302,137,107,127,800,4536,2417,11166,4048,3466,780,26411,31,7,72,35,27,3,178,17,0,39,12,22,3,97,263,74,927,424,781,115,2574,82,28,226,77,95,10,513,122,49,586,393,1813,101,3064,130,52,459,231,275,24,1177,347,91,1452,771,841,133,3642,248,50,962,704,828,125,2913,166,50,583,341,433,79,1646,238,133,736,240,192,36,1581,356,179,1134,403,236,49,2355,69,33,253,143,191,27,717,1282,359,3280,745,383,119,6169,205,76,624,319,410,67,1699,735,414,1598,473,522,74,3816,2072
LGA22110,216,41,375,0,3,3,18,30,8,61,0,0,13,9,12,0,32,0,3,13,18,25,3,61,0,5,11,15,37,3,68,14,8,56,47,64,11,202,3,3,10,35,59,12,127,16,21,96,88,90,13,333,49,144,372,143,182,23,916,71,127,415,411,545,83,1662,6,0,21,9,25,8,66,3,7,20,51,123,14,220,3,0,31,34,38,36,138,196,349,1254,1171,1928,341,5231,19,14,119,128,395,84,755,0,0,8,6,72,0,92,6,6,57,79,487,52,698,12,4,24,16,99,8,169,0,3,33,64,872,45,1016,4,0,21,18,126,14,184,8,12,77,112,547,74,827,12,6,45,125,398,65,643,4,11,12,51,200,37,316,0,0,18,12,45,0,76,0,3,21,34,33,3,97,0,5,11,36,66,4,118,34,19,152,96,125,13,443,3,3,22,51,134,21,238,30,42,155,193,244,22,679,87
LGA22170,414,39,769,9,9,55,86,162,21,334,18,13,57,66,50,5,211,23,13,127,164,168,21,515,6,4,61,90,180,32,367,81,47,431,278,319,43,1200,15,16,128,179,261,37,638,81,70,308,330,308,41,1137,331,444,1241,541,484,65,3101,296,330,1675,1423,1833,251,5811,16,9,57,80,112,14,278,21,12,94,230,453,45,854,33,14,146,122,219,120,651,1045,1072,5276,4788,6446,936,19559,6,4,44,34,81,9,189,5,3,22,12,49,6,92,102,40,524,646,2276,155,3736,16,12,90,76,249,21,463,30,21,255,518,4176,166,5159,40,34,244,303,677,59,1362,84,61,580,794,1497,183,3203,37,14,212,316,767,80,1425,34,19,190,254,740,95,1335,37,25,161,151,169,21,567,61,34,306,320,263,45,1030,17,11,104,150,334,40,651,199,101,994,544,589,92,2524,35,29,217,296,611,62,1247,134,120,552,665,714,87,2273,527
LGA22250,22,9,51,0,0,3,3,6,3,11,0,0,3,4,0,0,3,0,0,3,3,10,0,21,0,0,0,0,3,0,6,4,0,16,9,21,4,46,0,0,3,0,12,0,17,3,4,24,28,31,3,97,4,18,96,17,25,7,164,9,17,83,95,141,22,364,0,0,3,0,3,4,7,0,0,6,10,27,4,43,0,0,0,4,11,9,32,29,47,289,241,456,91,1157,9,9,55,66,305,49,490,0,0,6,4,18,3,27,0,0,9,21,113,8,150,0,0,7,0,36,3,50,0,0,9,15,175,10,209,0,0,3,7,30,0,40,4,0,12,28,107,19,165,0,0,12,18,36,9,71,0,0,3,4,44,12,66,0,0,4,0,3,0,9,0,0,3,8,10,3,27,0,0,0,0,10,0,15,4,0,31,20,32,3,88,0,0,4,7,21,5,33,3,12,30,49,63,3,167,14
LGA22310,202,38,918,48,30,167,71,57,22,395,109,45,322,89,29,13,602,263,120,712,229,117,40,1484,56,28,180,105,126,22,519,620,228,1786,389,233,71,3321,115,49,401,207,123,34,928,267,172,629,178,140,39,1414,1147,676,1964,502,272,87,4647,914,475,2554,920,651,184,5699,63,39,227,85,65,11,482,64,30,270,224,287,36,913,121,33,335,137,88,105,821,4441,2140,11906,4156,2965,874,26480,22,8,46,21,12,0,112,43,0,74,8,12,0,142,398,92,1149,375,548,75,2636,128,25,256,66,71,13,565,168,59,687,433,1557,93,2995,302,81,871,285,232,59,1823,431,129,1800,743,741,180,4026,197,37,773,548,561,94,2203,155,79,549,237,285,69,1377,303,86,810,206,155,40,1595,671,275,1790,465,240,92,3531,133,54,449,204,237,37,1111,1734,461,4642,801,440,193,8284,226,84,776,367,303,69,1823,510,254,1130,367,344,54,2652,1830
LGA22410,88,8,124,0,0,9,6,21,0,42,0,0,7,3,4,0,18,0,0,7,8,15,0,28,0,0,4,7,15,0,23,4,6,32,16,21,8,83,0,0,3,6,29,0,40,7,13,34,57,64,3,174,23,44,163,58,64,8,357,24,49,204,183,300,41,796,0,3,5,14,11,0,28,0,0,5,21,56,7,91,0,3,11,7,21,10,52,71,138,537,496,937,122,2300,8,13,60,111,316,48,560,0,0,3,0,14,0,22,13,14,60,39,458,31,613,0,0,5,3,30,4,49,0,3,10,8,298,14,332,3,0,10,10,72,7,102,3,0,15,33,159,25,241,3,3,10,27,140,18,198,3,3,17,30,188,26,272,0,0,7,3,10,0,31,0,3,8,12,16,3,39,0,0,7,7,29,0,40,9,6,64,26,56,12,166,0,3,8,10,48,4,72,13,16,52,97,121,15,310,25
LGA22490,64,15,118,0,0,11,17,21,4,52,5,4,4,17,19,0,44,3,8,21,17,21,0,73,0,0,4,3,23,0,31,21,9,59,32,52,5,180,0,0,8,25,39,7,78,14,20,47,80,76,6,249,62,67,220,85,87,15,532,36,85,303,193,293,42,955,6,0,9,10,14,0,37,0,0,6,25,53,4,97,0,8,11,12,28,21,85,156,215,820,689,1074,159,3124,13,11,49,72,221,42,412,0,0,8,0,34,3,46,10,6,60,81,396,34,590,5,6,10,16,42,3,85,3,5,36,67,707,41,857,0,0,19,20,84,11,136,6,8,59,78,255,21,432,0,3,17,32,96,22,165,0,3,24,42,194,19,288,8,7,18,25,37,0,93,9,13,29,45,34,0,126,0,0,9,14,56,3,83,36,18,131,62,82,6,335,3,3,18,40,85,7,157,19,36,82,139,167,15,461,94
LGA22620,385,43,689,8,3,31,26,63,12,140,3,7,50,23,46,3,142,24,24,208,104,196,34,588,3,3,33,27,89,12,161,38,49,313,120,173,12,701,11,18,55,84,209,30,403,90,84,328,253,265,20,1046,276,429,1179,344,374,57,2657,428,470,1739,1026,1480,182,5323,9,11,55,39,87,11,204,16,18,61,141,351,22,615,13,10,60,59,107,72,322,970,1193,4791,2843,5022,668,15485,14,12,106,96,390,57,678,18,11,92,40,407,7,568,51,36,354,307,1485,102,2335,26,14,97,86,226,8,458,13,22,175,215,2667,93,3179,6,11,54,65,255,18,407,33,25,441,380,1300,141,2323,17,16,201,219,714,73,1242,10,16,90,104,483,67,763,9,19,120,67,160,10,383,61,55,451,237,291,51,1147,4,7,65,53,191,19,344,97,101,775,281,322,39,1613,15,30,101,132,438,52,766,172,140,554,537,701,62,2162,450
LGA22670,261,47,852,31,5,110,84,81,27,340,28,10,76,29,17,5,161,95,19,360,133,109,34,751,9,4,82,46,64,7,209,142,57,431,152,88,33,900,65,19,224,170,154,43,667,72,30,240,131,141,22,633,283,173,550,267,191,53,1512,331,189,1434,1004,1166,164,4291,13,3,49,37,41,8,149,19,12,108,201,314,41,693,53,8,212,145,169,145,739,1474,592,5339,3442,3631,850,15320,15,4,65,46,61,17,208,3,0,24,7,22,3,61,281,57,1083,896,1747,278,4346,44,0,108,56,105,13,321,83,4,320,334,1474,147,2368,145,34,457,249,389,75,1344,280,49,1063,713,804,158,3059,121,10,528,588,600,102,1946,157,24,505,554,553,124,1915,105,16,243,108,101,18,594,205,39,714,269,177,60,1461,35,10,157,87,145,23,454,444,105,1184,376,230,77,2415,131,23,441,347,365,84,1398,170,58,447,302,304,52,1342,480
LGA22750,842,108,1688,8,3,80,98,158,23,372,32,26,114,68,58,10,311,49,67,391,276,301,30,1119,8,10,108,109,202,29,456,186,114,805,392,385,42,1923,30,39,190,241,384,55,932,162,183,759,598,630,71,2408,814,779,2648,903,755,107,6000,750,862,3725,2071,2899,377,10670,31,25,161,104,150,22,487,44,37,180,328,724,41,1347,43,17,167,163,237,171,795,2353,2315,10952,7029,9919,1346,33914,23,28,130,132,305,48,667,7,6,38,31,126,12,216,198,69,861,740,2825,184,4877,63,31,216,182,405,39,934,64,31,559,670,5647,223,7196,40,29,279,216,614,72,1242,154,100,1350,1205,2460,279,5546,84,32,622,593,1602,160,3099,85,27,348,427,1274,133,2293,61,53,277,169,217,30,800,149,124,833,507,439,63,2109,12,23,203,181,420,53,890,537,230,2054,880,802,110,4618,70,58,359,402,829,82,1792,328,311,1347,1181,1501,146,4811,1474
LGA22830,171,21,306,3,3,5,18,41,12,77,3,8,21,19,27,0,74,3,5,25,52,40,3,126,0,0,22,23,50,10,103,21,22,156,69,92,13,365,6,5,41,45,75,18,192,26,36,126,150,113,11,468,126,240,545,194,214,28,1346,146,191,788,700,768,111,2701,0,0,9,21,33,0,66,6,14,23,85,208,13,342,3,0,30,41,82,45,210,395,554,2113,1809,2542,429,7851,25,13,191,198,402,89,918,0,0,0,4,29,0,35,37,22,166,192,975,79,1472,59,22,129,88,199,13,506,7,3,68,105,1169,58,1416,10,3,32,39,162,20,272,21,13,121,177,668,94,1093,17,0,56,119,319,43,556,10,6,31,57,298,45,448,10,5,39,41,73,10,169,6,7,61,98,61,9,243,0,0,28,35,103,11,177,55,37,342,154,170,19,791,13,6,58,74,181,36,367,56,64,202,250,276,22,872,176
LGA22910,71,10,197,3,0,5,11,14,0,35,3,7,8,8,7,0,31,0,0,13,11,9,0,34,0,0,10,3,9,0,24,18,3,54,25,17,3,131,3,0,12,17,24,9,64,22,13,42,39,28,3,152,59,54,128,43,31,4,332,60,66,184,151,158,35,653,3,4,17,16,6,3,50,0,6,8,16,28,3,68,0,5,13,12,15,14,50,196,175,628,490,537,113,2144,8,8,41,39,127,20,242,0,0,4,3,14,0,22,11,3,46,38,140,15,255,0,3,4,3,23,0,35,3,4,32,29,300,17,386,0,0,8,10,23,4,48,7,11,66,47,130,18,280,11,12,73,90,153,21,361,3,3,19,24,79,12,134,3,7,25,13,16,3,66,0,0,21,14,13,3,54,0,0,10,11,24,0,45,48,14,131,58,42,6,293,4,4,23,29,51,14,133,40,19,73,77,92,6,309,95
LGA22980,15,0,22,0,0,3,0,3,0,8,0,0,3,0,3,0,10,0,0,0,4,4,0,14,0,0,3,0,0,0,7,4,3,4,3,4,0,14,0,0,3,3,3,0,10,3,0,9,16,11,0,39,8,16,50,18,9,3,100,13,8,65,71,109,9,283,0,0,0,0,0,0,0,0,0,0,0,15,0,26,0,0,0,3,6,4,14,27,30,165,158,240,31,652,3,4,24,42,160,18,257,0,0,0,0,0,0,0,0,0,3,10,58,3,73,0,0,3,0,15,0,21,0,0,0,5,54,3,64,0,0,0,4,10,5,22,0,0,3,11,33,5,57,0,0,3,4,22,3,33,0,0,3,8,41,6,62,0,0,3,0,3,0,10,0,0,3,6,4,0,16,0,0,3,0,0,0,7,0,3,8,8,8,0,26,0,0,4,3,9,4,25,3,0,11,20,37,3,77,9
LGA23110,174,29,537,35,18,127,95,135,25,442,47,22,157,51,35,6,314,90,47,316,159,110,19,742,11,9,84,52,72,14,238,223,93,641,190,150,25,1321,41,22,171,108,118,23,482,189,125,397,187,162,30,1090,464,380,978,268,192,39,2332,373,287,1094,528,492,82,2861,32,12,109,84,63,10,308,38,30,95,120,172,22,478,34,18,143,89,77,51,405,1805,1142,5360,2569,2477,473,13824,11,6,28,16,19,3,76,15,4,34,17,17,0,88,177,38,673,335,822,72,2118,55,21,144,54,104,8,373,63,23,379,296,1599,78,2443,79,17,327,172,241,34,870,147,36,636,371,539,91,1824,72,14,309,301,366,57,1123,137,43,412,337,658,102,1687,109,45,350,123,115,19,753,205,95,680,303,176,44,1505,25,18,167,109,160,20,501,542,165,1594,398,303,67,3066,74,35,317,188,262,50,923,362,195,729,392,401,57,2136,728
LGA23190,62,12,114,0,0,4,10,8,0,24,0,0,11,9,8,0,28,0,0,10,29,19,3,61,0,0,3,10,20,0,29,9,3,46,23,32,7,128,3,4,16,18,41,6,80,12,11,64,53,59,9,202,26,71,195,60,63,13,430,55,87,314,211,274,31,983,0,0,10,14,26,0,46,0,0,13,25,79,4,128,3,3,8,15,17,16,58,123,188,787,616,939,129,2793,14,3,52,108,218,37,429,0,0,3,0,23,0,27,0,0,21,18,147,4,195,14,3,26,26,66,3,137,0,0,20,33,475,19,538,6,0,22,26,103,6,167,5,6,41,75,258,22,407,3,3,12,42,127,18,208,3,3,10,18,122,7,167,0,0,18,19,26,0,63,3,0,22,40,35,6,100,0,0,4,16,31,5,56,21,10,90,42,69,14,239,3,4,17,25,71,14,133,30,22,104,99,153,13,418,33
LGA23270,410,80,1022,29,16,207,263,355,54,937,22,10,79,31,46,12,198,81,36,316,234,200,43,913,13,5,69,112,128,25,347,131,46,487,288,216,37,1203,44,25,194,219,294,49,828,115,83,426,401,394,69,1480,398,428,1383,575,613,89,3489,404,331,1789,1510,1668,267,5960,13,9,81,59,86,11,253,13,13,90,222,425,39,803,41,14,161,160,199,140,722,1577,1078,6536,5325,6395,1154,22068,18,0,46,39,83,18,196,5,0,20,21,47,3,95,203,41,846,763,2194,217,4261,48,8,120,82,229,29,518,58,24,430,497,3772,176,4965,78,23,302,227,619,55,1299,226,44,943,847,1489,227,3780,119,13,450,522,826,130,2062,250,62,858,1086,1856,256,4366,109,24,250,135,181,35,737,213,61,617,438,331,69,1734,31,5,132,170,318,43,694,382,113,1198,579,428,95,2797,84,34,392,360,668,93,1643,264,143,820,784,1023,136,3171,644
LGA23350,65,17,128,0,0,4,12,18,4,49,0,0,3,4,5,0,10,0,0,12,15,15,0,41,0,0,3,4,12,0,23,16,12,51,20,23,10,125,3,0,12,12,26,5,52,20,33,79,65,53,9,254,76,67,154,55,52,6,415,45,71,248,174,195,35,779,0,4,7,5,6,3,33,3,3,9,17,45,3,76,0,4,15,9,23,15,66,183,213,740,530,741,148,2549,13,13,60,64,138,21,311,0,0,3,0,16,0,13,6,17,97,81,358,27,581,0,0,5,6,17,0,33,4,3,25,27,325,13,398,0,0,8,19,54,0,82,7,4,56,53,188,30,332,5,3,39,38,126,22,228,3,3,17,23,105,20,178,0,0,3,5,11,0,27,0,3,16,22,18,0,61,0,0,8,7,20,5,48,28,14,98,44,45,8,240,3,0,22,15,56,9,112,33,44,116,139,146,22,496,102
LGA23430,255,46,855,33,18,134,88,97,18,390,54,27,159,69,50,7,368,139,63,526,271,174,43,1218,25,11,134,115,136,38,455,294,131,981,402,274,72,2158,71,32,237,216,173,36,769,183,146,589,345,268,29,1563,718,582,1897,568,366,95,4214,587,492,2332,1190,1175,221,5998,30,12,141,99,92,6,377,51,29,155,269,419,45,977,96,15,235,171,178,127,819,2686,1705,9488,5160,4809,971,24818,21,4,53,29,53,3,158,16,0,31,13,23,0,86,282,84,1271,766,1675,135,4218,66,16,205,97,154,12,545,98,53,563,577,3404,128,4819,202,69,675,402,537,63,1955,242,81,1227,855,1179,169,3751,100,23,492,524,620,77,1836,138,45,451,344,554,89,1624,137,53,458,217,176,32,1071,313,131,1149,583,328,80,2596,75,18,261,197,280,49,883,844,260,2435,862,578,158,5133,122,61,463,379,507,74,1603,316,254,1006,662,626,74,2933,1143
LGA23670,342,46,873,22,11,130,74,105,30,375,36,19,162,74,63,8,367,128,29,384,209,157,35,935,37,6,88,82,132,19,365,220,79,752,383,273,35,1740,50,21,211,190,242,35,751,92,87,424,297,272,34,1205,579,512,1630,584,438,68,3811,482,433,2220,1455,1589,226,6406,20,9,109,88,79,8,314,54,28,184,258,511,32,1070,71,18,213,159,220,124,807,2180,1383,8383,5297,5898,950,24092,5,4,37,32,57,7,141,9,0,29,10,33,3,79,333,97,1194,742,2128,153,4651,67,14,153,104,208,13,555,98,33,538,544,3965,127,5309,228,53,773,454,715,81,2309,253,71,1270,986,1554,210,4355,88,16,411,409,645,82,1650,108,42,428,295,632,84,1584,149,47,435,227,216,31,1100,298,69,875,456,303,67,2074,78,15,211,148,267,33,747,693,182,2030,809,596,100,4409,99,46,400,334,574,68,1531,221,170,773,641,679,69,2553,944
LGA23810,269,31,423,0,0,12,25,47,8,84,3,3,16,27,24,3,65,0,0,28,54,86,6,185,0,3,7,30,70,9,121,4,16,88,75,112,11,308,3,9,22,50,109,24,218,29,55,222,319,398,42,1065,138,195,598,239,250,50,1468,149,171,864,576,918,143,2823,0,0,21,18,43,3,86,6,8,26,68,217,14,336,5,0,29,31,65,53,175,360,490,2209,1822,3291,483,8654,5,12,47,59,251,48,420,3,3,26,37,272,18,358,25,8,125,130,1005,49,1345,36,26,224,248,916,61,1510,3,6,62,120,1608,67,1871,0,4,22,26,180,17,251,18,16,159,207,772,92,1259,14,3,84,112,463,47,724,4,4,44,55,324,37,476,7,3,41,36,79,10,169,3,5,55,108,110,12,292,3,3,17,45,150,16,233,29,35,248,156,276,31,772,9,14,39,79,257,31,426,53,72,347,464,646,66,1645,212
LGA23940,11,4,22,0,0,0,4,3,0,5,0,0,0,0,3,0,3,0,0,0,0,7,0,10,0,0,0,0,3,0,3,0,0,8,7,8,0,27,0,0,0,3,15,0,15,0,0,12,16,16,3,51,7,24,51,19,23,4,125,13,13,60,52,76,14,222,0,0,0,0,3,0,3,0,0,5,0,16,3,20,0,0,3,5,3,12,18,25,59,196,163,265,61,780,3,8,86,105,311,39,550,0,0,0,0,9,0,13,0,0,10,13,70,7,108,0,3,3,0,11,0,16,0,0,3,0,62,3,74,0,0,6,7,16,3,36,3,0,6,18,40,13,76,0,0,0,6,25,6,36,0,0,3,4,34,4,52,0,0,3,0,3,4,10,0,0,3,4,6,0,15,0,0,0,0,3,0,3,0,0,12,9,17,0,42,0,0,0,3,21,0,26,0,4,10,30,31,6,84,8
LGA24130,102,22,267,7,7,41,65,69,11,202,12,12,42,18,11,6,95,10,15,98,76,45,4,253,0,0,19,20,48,8,102,72,42,236,100,95,18,570,7,13,53,43,70,8,199,60,57,192,157,115,23,599,192,222,602,171,176,33,1399,127,193,604,340,405,67,1737,10,7,46,30,40,9,146,13,3,45,56,121,9,257,16,18,49,42,48,26,195,580,638,2362,1446,1743,320,7086,18,15,90,85,113,20,339,11,0,8,6,25,0,47,54,13,203,142,561,55,1030,8,12,41,19,83,0,169,13,24,132,120,1412,73,1769,17,11,84,70,142,21,346,17,17,163,175,379,36,781,17,12,106,98,205,30,461,20,27,126,252,427,50,902,22,21,97,44,51,16,249,45,34,201,127,84,19,507,10,7,47,45,105,18,225,178,85,563,207,197,35,1272,16,22,89,76,170,26,400,117,89,324,343,315,36,1228,302
LGA24210,179,50,696,26,8,125,46,43,16,268,47,15,139,44,35,8,280,155,50,503,178,75,32,985,52,8,149,87,100,25,408,305,127,967,272,137,65,1873,51,19,211,125,121,28,552,138,76,340,130,112,32,814,588,373,1266,316,213,47,2814,575,352,1831,729,561,164,4214,23,7,107,55,46,14,249,61,17,171,157,260,27,696,88,21,266,97,80,91,639,2493,1200,7825,3036,2527,740,17821,11,6,40,12,26,3,97,15,3,26,7,16,0,74,264,63,799,353,546,72,2092,55,16,150,45,54,12,335,122,38,622,371,1691,81,2920,216,45,642,268,256,54,1480,285,79,1376,582,704,159,3181,117,23,552,341,440,88,1563,114,34,428,216,262,51,1101,184,39,415,141,113,23,920,416,122,1174,398,147,46,2306,100,24,344,162,202,40,883,943,256,2507,589,325,129,4752,107,46,442,236,280,54,1155,290,131,668,280,267,45,1692,992
LGA24250,57,12,134,0,0,3,9,5,0,22,0,0,0,3,0,0,5,0,0,0,3,6,0,7,0,0,3,5,9,3,24,4,3,32,19,16,5,78,0,0,8,12,23,4,42,6,7,19,23,18,4,76,23,44,91,39,32,6,226,9,10,81,66,61,5,233,3,0,3,3,4,0,18,0,0,5,13,31,3,53,3,3,3,10,9,12,42,56,79,343,295,367,82,1225,15,3,59,39,99,6,215,0,0,4,3,18,0,19,4,0,13,14,63,6,97,0,0,0,5,24,0,26,0,0,14,17,269,12,313,0,0,3,4,21,0,35,3,8,34,31,103,18,195,7,3,49,41,119,15,240,0,0,12,21,64,4,109,3,0,3,3,3,3,12,0,0,3,3,6,0,17,0,0,4,8,29,5,46,6,7,52,31,25,5,130,0,0,9,24,57,4,93,11,6,33,31,50,7,143,38
LGA24330,197,42,889,35,16,131,53,85,10,330,42,40,230,58,31,3,407,108,52,447,125,84,17,837,18,12,80,54,48,9,217,287,124,819,154,109,28,1522,66,26,255,116,102,12,581,247,164,490,155,102,19,1177,548,405,925,206,139,20,2236,464,285,1267,435,364,79,2885,46,34,182,68,69,8,409,54,28,144,125,154,17,525,51,21,175,79,56,61,445,2260,1274,6576,2273,1941,394,14720,17,3,39,14,28,5,100,4,3,28,6,14,0,61,167,36,621,265,460,52,1603,64,20,158,39,64,11,354,63,21,362,214,823,46,1524,99,34,330,115,143,19,743,259,43,962,454,454,79,2255,203,16,791,505,503,97,2112,139,36,460,256,371,65,1327,130,73,521,144,98,11,975,262,109,942,256,162,34,1773,44,13,179,109,99,15,462,720,223,1884,405,254,77,3557,164,49,495,230,226,33,1199,415,248,906,331,262,29,2188,911
LGA24410,251,31,606,16,4,86,57,62,11,234,33,26,105,63,42,6,272,81,31,262,155,121,24,669,24,10,95,96,107,13,344,176,80,607,294,248,28,1428,36,27,156,147,194,25,581,122,99,381,209,191,21,1032,530,469,1436,469,318,69,3293,401,399,1767,1074,1183,149,4968,17,17,100,54,80,6,273,42,25,147,190,346,21,769,40,17,160,105,125,87,530,1745,1298,6450,3830,4262,626,18207,7,0,41,24,43,5,122,9,0,27,9,25,4,72,186,71,681,434,1296,99,2770,48,21,130,64,122,3,387,65,34,374,415,2981,106,3964,117,38,417,285,427,33,1312,141,58,777,629,1013,119,2727,72,18,260,275,502,55,1180,56,17,263,200,392,50,967,86,44,327,186,176,20,841,212,66,630,341,205,38,1506,41,19,176,165,229,31,644,519,202,1625,628,524,81,3568,73,46,307,251,476,50,1197,245,186,708,514,530,47,2231,855
LGA24600,343,111,2665,62,18,217,61,55,10,430,149,44,391,54,30,7,679,420,108,912,170,106,31,1745,101,14,249,76,59,8,513,1228,263,2298,275,135,70,4267,138,36,467,131,93,40,907,362,147,590,103,74,19,1290,1230,315,1137,167,93,33,2972,894,343,1928,340,251,90,3847,138,69,390,126,80,14,811,107,41,281,144,145,18,740,163,20,401,109,68,79,847,5886,1577,12533,2792,1863,646,25296,29,3,53,17,13,10,126,35,9,82,9,11,3,155,281,45,786,183,213,50,1565,118,27,280,34,34,13,504,207,24,515,169,457,44,1414,221,38,563,138,114,26,1096,462,73,1692,507,391,99,3224,472,71,2516,1285,896,229,5465,195,36,585,198,224,52,1287,346,101,1009,176,117,28,1786,878,219,2171,382,211,80,3938,215,30,504,155,149,21,1075,2910,501,6111,580,272,176,10564,259,59,915,269,213,69,1786,632,254,1107,235,189,38,2469,2259
LGA24650,342,46,726,35,6,194,179,315,28,761,21,13,81,42,41,6,204,78,27,350,212,193,34,893,9,5,56,54,115,11,249,108,37,422,227,165,35,998,26,10,171,161,255,29,655,93,69,335,241,338,34,1112,285,316,1175,399,432,61,2666,246,260,1399,1095,1206,166,4375,6,4,61,67,97,18,261,10,7,65,167,331,29,611,24,8,133,128,189,99,576,1117,823,5473,3879,5160,769,17228,6,3,28,35,50,6,130,3,0,25,13,50,3,97,116,36,641,536,1638,118,3090,39,10,109,90,201,13,456,34,15,295,411,3022,175,3954,70,13,268,189,543,40,1119,132,41,707,615,1218,154,2866,55,14,253,315,646,83,1360,142,30,579,625,1543,189,3104,71,25,244,130,164,24,650,195,62,647,376,293,46,1615,28,9,110,106,247,23,519,291,76,1003,464,347,80,2264,52,22,263,273,513,58,1176,200,114,637,524,795,86,2352,447
LGA24780,204,30,342,0,3,14,12,44,11,88,0,3,9,3,10,3,35,0,0,19,32,42,4,102,0,0,7,20,40,9,84,8,8,111,55,75,14,273,4,5,45,54,148,27,278,25,31,130,126,133,22,466,63,168,558,219,202,30,1240,111,119,594,457,608,82,1969,3,0,9,14,26,0,56,0,4,14,46,149,15,227,5,0,18,32,64,49,162,244,373,1763,1366,2369,410,6517,17,11,154,167,585,114,1047,4,0,12,16,94,3,130,11,7,102,89,539,53,806,4,0,20,34,118,6,190,4,3,31,54,867,48,998,3,4,44,40,210,15,309,10,6,115,144,691,98,1060,3,3,68,107,376,50,608,3,0,27,51,288,44,410,0,4,30,11,55,4,109,8,7,40,73,60,9,199,0,0,17,32,90,13,156,20,27,247,107,137,26,566,8,5,66,82,267,41,464,46,43,205,253,313,42,894,101
LGA24850,113,25,238,0,0,13,34,80,7,141,0,0,5,15,11,3,38,3,3,23,34,50,13,132,0,0,8,5,39,6,67,16,9,84,66,81,10,273,0,6,34,41,73,15,166,27,43,106,134,138,19,469,63,115,323,159,145,13,825,55,80,326,381,440,59,1346,0,3,15,20,47,3,96,3,3,24,51,127,9,207,4,9,10,28,59,24,137,200,289,1187,1274,1847,282,5087,5,3,39,55,125,27,243,0,0,4,11,46,0,61,15,8,93,140,678,51,986,3,3,15,21,93,7,141,9,9,49,116,1235,70,1492,10,0,33,43,186,19,294,20,9,123,134,417,56,749,13,6,51,88,200,35,389,4,8,50,117,407,42,631,6,3,15,19,48,7,100,5,6,54,54,76,13,215,0,0,14,18,74,12,118,30,20,184,102,142,21,500,4,3,49,63,177,31,329,66,59,198,352,501,42,1220,101
LGA24900,156,23,240,0,0,0,11,31,0,45,0,0,10,3,12,0,20,0,0,4,9,16,0,34,0,0,10,9,24,3,45,0,3,52,32,53,0,146,0,0,11,23,36,15,88,6,6,31,39,43,9,136,40,76,210,91,100,11,527,35,64,264,255,297,57,958,4,0,10,4,13,3,32,0,0,10,30,92,8,137,0,0,11,16,43,27,102,106,177,762,738,1268,222,3281,15,16,136,189,487,70,920,0,0,0,0,11,0,13,10,9,86,100,565,59,840,0,0,10,19,60,5,90,3,0,19,39,529,30,625,3,0,13,14,77,5,107,0,5,48,62,274,38,425,0,3,26,69,246,39,376,0,3,4,23,163,22,219,0,0,7,5,17,0,36,0,3,15,20,22,3,62,0,0,14,12,45,6,71,5,3,98,57,74,5,247,0,0,14,26,66,16,128,14,20,49,77,108,20,285,50
LGA24970,235,64,1129,74,21,208,95,86,22,512,107,41,256,67,48,19,537,334,74,804,250,105,43,1607,97,14,217,103,76,21,530,697,170,1514,349,187,75,3001,109,43,360,175,155,34,872,227,136,527,202,149,37,1274,1246,544,1849,513,302,78,4529,841,449,2800,1105,883,196,6284,46,27,132,64,56,8,340,83,30,246,206,296,28,896,142,18,415,185,110,116,992,4892,1736,12112,4633,3472,922,27759,26,5,61,21,20,7,131,30,5,41,10,16,0,95,619,111,1625,656,1001,123,4134,159,35,295,67,73,19,643,219,46,800,471,1738,112,3386,502,78,1095,381,371,58,2491,576,111,2002,893,896,191,4659,238,29,919,706,620,121,2635,272,60,695,376,432,92,1936,369,82,764,214,157,45,1631,823,175,1754,480,212,77,3530,217,29,480,195,188,43,1158,2112,388,3882,757,424,189,7740,239,61,794,383,400,64,1948,502,246,1058,465,331,67,2663,2217
LGA25060,176,28,720,49,29,257,151,146,25,660,60,36,212,41,30,8,389,116,61,557,216,162,33,1146,17,9,130,90,97,22,350,350,143,1184,275,169,40,2171,47,29,248,147,136,25,643,240,169,644,258,189,30,1522,773,595,1619,387,271,67,3711,605,387,1902,676,538,137,4256,29,29,199,67,79,13,421,52,33,191,158,219,32,678,58,15,226,102,95,91,588,2726,1675,8999,3350,2916,685,20343,11,5,50,18,23,4,105,15,4,51,15,23,3,115,242,67,839,351,736,64,2297,54,23,178,75,82,5,416,94,44,574,399,2033,97,3241,100,52,458,164,275,34,1075,166,71,1068,531,708,113,2646,134,35,561,384,446,66,1620,154,67,654,473,649,89,2082,159,66,510,134,126,18,1018,326,149,1260,423,272,55,2484,37,18,265,158,227,28,731,894,286,2787,597,364,97,5029,105,50,450,254,334,52,1256,455,279,1159,561,463,65,2975,1241
LGA25150,70,22,142,3,0,13,31,49,5,104,3,0,14,8,7,3,39,4,0,27,39,44,3,115,0,0,14,12,33,5,63,26,17,91,69,61,13,279,8,3,35,29,61,9,142,29,25,106,91,139,18,400,102,105,357,141,151,21,887,68,89,322,258,329,41,1111,5,0,18,20,26,3,68,10,8,20,31,85,6,152,4,4,17,24,33,14,101,277,274,1211,970,1391,190,4305,12,3,49,60,162,30,315,3,0,10,16,54,7,80,14,10,88,106,402,28,647,3,0,18,14,88,5,125,3,3,49,72,980,44,1165,12,5,39,47,134,11,241,16,6,81,107,246,30,490,6,0,35,49,135,28,250,8,5,52,86,350,44,542,11,4,36,24,37,6,120,16,0,62,58,59,6,204,5,0,29,26,67,5,130,63,31,210,124,131,19,581,8,7,53,43,128,9,239,55,43,170,181,296,32,771,155
LGA25250,341,57,1501,56,24,223,120,132,24,574,101,85,415,72,68,11,758,155,82,604,229,179,39,1281,31,10,111,91,85,24,352,692,233,1662,315,206,53,3156,74,44,383,214,156,37,906,464,282,922,294,230,42,2227,1425,886,2202,457,313,97,5383,1111,608,2592,975,825,168,6286,117,51,423,101,89,24,812,123,42,312,205,300,39,1021,125,29,310,144,118,132,859,4973,2570,12556,4378,3794,902,29168,18,4,67,17,33,3,141,18,3,49,12,16,0,96,300,96,1038,432,875,101,2848,78,22,246,88,112,16,559,124,38,687,441,2345,111,3746,161,39,565,236,319,47,1362,345,87,1548,791,866,155,3794,249,54,1290,857,857,128,3429,261,79,812,505,660,111,2439,282,157,958,242,191,27,1857,377,182,1409,443,286,72,2767,78,22,233,169,168,42,717,1634,424,3968,762,477,137,7394,184,65,751,379,404,72,1859,852,424,1678,606,573,91,4217,2463
LGA25340,469,73,1031,4,5,50,56,73,14,212,14,9,53,40,28,3,161,20,19,116,130,89,29,398,11,13,90,120,200,32,469,102,83,500,347,291,61,1390,25,23,155,219,302,43,762,84,91,282,307,380,46,1192,454,522,1668,575,459,109,3786,405,431,1814,1388,1682,276,5991,26,16,123,110,149,25,447,26,19,135,228,477,36,919,27,32,149,152,197,125,690,1322,1395,6165,4973,6220,1120,21193,26,22,137,133,282,48,645,11,3,37,19,98,10,179,107,53,558,558,1691,99,3074,10,9,66,75,228,16,411,44,42,398,617,5072,228,6402,58,32,278,218,455,58,1098,70,74,674,697,1498,208,3221,33,38,310,422,938,109,1844,20,28,141,203,515,60,973,39,24,128,112,110,16,426,68,43,311,274,176,41,918,29,22,179,221,447,57,938,312,156,1257,701,595,120,3143,47,38,249,373,741,78,1532,159,157,568,746,1019,99,2757,685
LGA25430,48,10,123,3,0,3,7,14,0,24,7,13,20,13,6,0,51,3,3,7,6,12,0,32,3,4,8,3,13,0,27,41,13,73,27,12,8,178,0,4,10,14,13,7,48,17,20,73,36,53,12,213,106,88,181,46,34,7,462,80,88,241,175,185,41,795,10,11,28,17,6,5,70,4,3,15,13,35,0,78,6,12,21,10,14,10,77,308,273,835,489,580,132,2623,11,4,43,28,79,21,184,6,0,14,3,21,3,47,20,9,85,72,254,36,468,5,0,7,12,17,0,39,3,8,41,24,310,15,407,0,5,10,14,45,0,67,9,10,62,58,131,23,300,13,7,58,40,80,10,203,8,0,14,22,63,11,109,11,13,43,19,15,0,89,9,5,24,12,12,0,66,3,5,7,12,21,3,52,69,27,181,59,39,13,398,4,9,23,21,49,14,106,40,36,124,75,146,16,436,162
LGA25490,78,13,146,0,0,3,9,11,3,21,0,0,6,6,3,0,18,0,0,8,9,15,0,30,0,0,4,3,11,0,19,5,12,31,18,30,3,91,0,3,9,11,21,3,49,8,11,40,49,54,3,164,44,43,176,57,51,6,377,47,50,199,156,184,33,681,0,4,7,0,9,0,30,0,0,3,17,34,4,64,0,0,18,14,7,17,60,121,143,653,527,752,136,2326,19,9,148,227,547,95,1053,0,0,3,8,19,0,34,6,0,37,25,193,12,286,0,7,13,9,31,0,56,3,0,19,13,314,20,367,0,0,10,18,51,5,82,3,3,43,32,147,18,237,7,0,28,52,142,18,240,0,3,9,12,69,10,100,0,0,9,6,9,0,26,0,0,22,20,18,3,55,0,3,6,4,20,0,32,19,12,76,30,44,11,188,3,3,15,18,50,6,97,10,15,73,88,98,9,293,58
LGA25620,72,17,145,0,0,7,4,3,3,18,0,0,0,5,3,3,11,0,4,0,8,9,0,30,0,0,4,8,10,3,22,3,3,38,24,21,3,88,0,0,4,14,19,4,45,13,7,27,55,48,5,167,34,48,135,63,56,10,352,27,24,136,107,129,23,438,3,3,3,7,10,4,25,0,0,5,14,37,5,66,0,3,10,10,22,12,52,90,101,468,424,576,121,1779,12,9,60,71,170,37,353,0,0,0,7,14,0,18,0,0,24,25,160,13,229,0,0,4,10,34,0,52,0,0,14,26,399,21,472,4,3,5,16,40,3,68,3,0,30,39,107,20,199,7,3,36,40,132,26,235,0,4,11,14,77,7,116,0,0,5,11,4,8,26,3,4,3,15,11,0,42,0,0,10,17,12,0,38,7,3,82,40,42,4,181,0,3,10,25,58,11,108,24,12,63,94,115,10,323,49
LGA25710,98,14,252,12,9,42,40,47,9,158,22,9,77,26,18,3,153,29,14,134,84,56,8,337,10,3,51,41,37,12,154,111,60,434,187,112,28,935,14,20,77,82,71,12,276,89,82,284,159,117,10,737,398,393,1047,273,187,40,2338,317,276,1056,560,497,93,2795,19,17,84,49,60,3,229,27,16,69,112,193,15,433,22,7,101,68,54,35,285,1146,969,4088,2149,1975,382,10713,5,3,47,21,42,6,134,16,3,27,9,19,0,68,103,34,393,255,586,52,1424,29,7,77,35,86,3,248,29,38,283,290,2206,74,2919,34,30,220,130,241,25,678,45,35,373,316,446,68,1288,10,16,120,105,204,22,481,45,25,167,141,261,26,666,43,24,195,95,84,15,458,85,48,383,212,107,24,861,16,6,95,82,104,21,325,326,121,1073,415,262,59,2250,26,31,152,132,210,22,580,182,153,530,349,321,35,1567,619
LGA25810,47,5,93,0,0,0,3,3,0,9,0,0,3,0,4,0,8,0,0,4,6,6,0,13,0,0,0,4,3,3,11,3,7,19,7,16,0,46,0,0,6,6,15,5,23,6,4,16,38,52,3,117,11,21,99,33,34,7,207,14,19,130,116,159,44,488,0,0,8,8,14,0,30,3,0,4,5,22,3,38,0,0,3,4,12,9,33,45,67,357,315,503,102,1380,4,5,46,59,179,31,327,0,0,22,8,51,0,80,0,0,16,30,165,19,233,0,0,0,0,18,0,27,0,0,8,6,151,12,186,0,0,3,6,33,3,47,3,0,22,21,101,14,162,5,4,17,35,93,15,158,0,0,10,7,36,3,56,0,0,3,0,10,0,12,0,0,4,4,5,0,20,0,0,4,4,10,3,16,5,12,38,16,15,5,86,0,0,8,6,22,8,52,7,14,35,58,142,9,271,14
LGA25900,292,38,1159,77,17,225,71,61,17,461,129,64,410,94,60,12,772,242,104,787,238,150,33,1554,64,19,222,101,114,32,550,722,261,2052,411,245,66,3754,102,48,466,187,128,28,960,322,171,600,145,113,23,1376,884,445,1226,265,145,36,2997,812,400,1761,488,299,114,3862,107,51,367,122,98,16,752,83,42,228,176,243,14,786,116,23,331,130,83,90,778,4216,1816,10966,3378,2505,615,23499,22,11,83,24,24,0,156,39,13,84,15,21,3,175,308,78,894,240,359,47,1931,96,31,199,44,63,13,458,164,36,704,314,1257,67,2546,196,52,602,198,189,20,1261,269,84,1361,561,511,92,2874,183,35,907,642,702,80,2551,175,49,547,234,244,49,1304,285,107,921,245,156,45,1761,609,195,1762,477,261,77,3368,136,43,492,183,236,49,1144,1733,501,4637,806,453,161,8293,179,70,776,306,262,58,1654,539,239,1061,290,233,40,2413,1410
LGA25990,20,3,41,0,0,3,5,3,3,18,0,0,0,3,4,0,12,0,0,3,0,0,0,4,0,0,0,0,3,0,5,0,0,9,7,16,0,36,0,0,0,3,8,0,18,3,3,17,16,27,4,76,14,14,43,18,13,0,100,8,10,64,56,68,10,222,0,0,3,3,3,0,4,0,0,0,3,7,0,15,0,0,4,3,9,0,22,35,39,184,193,250,40,749,3,6,31,48,156,31,280,0,0,0,0,7,0,14,4,3,16,16,82,9,133,0,0,3,0,9,0,10,0,0,7,9,94,11,118,0,0,3,7,15,0,29,0,3,5,20,54,3,90,0,4,10,13,25,5,60,0,3,6,10,38,4,64,0,0,3,3,8,0,13,3,0,3,0,0,0,7,0,0,0,3,8,0,13,0,0,24,13,16,0,63,0,0,3,3,19,0,29,9,4,24,34,56,6,134,12
LGA26080,6,0,29,0,0,3,0,0,0,6,0,0,0,0,0,3,8,0,3,10,0,0,0,10,0,0,8,3,3,0,17,3,5,17,7,0,0,36,0,0,3,4,0,0,9,8,4,16,0,8,0,28,15,8,42,11,3,0,88,10,11,34,24,6,0,87,0,0,11,0,0,0,15,0,0,4,5,6,0,14,0,4,0,0,0,0,11,44,43,168,81,53,11,393,4,0,6,4,0,0,12,0,0,0,0,0,0,0,0,0,19,10,13,0,37,0,0,0,0,3,0,4,3,0,9,14,50,0,78,0,0,0,0,0,3,11,0,3,6,14,17,4,45,0,3,14,9,17,0,44,0,0,3,3,12,0,27,0,0,5,3,3,3,13,3,4,12,3,3,0,27,0,0,11,6,3,3,29,11,4,40,17,5,0,78,3,0,5,4,7,0,18,16,4,23,4,12,3,54,25
LGA26170,97,22,182,0,3,3,13,20,5,45,3,0,11,8,3,0,26,3,4,11,27,15,0,57,3,0,3,8,19,3,44,13,11,62,36,70,7,200,0,3,14,25,35,3,77,17,21,57,52,49,7,204,51,77,249,90,85,9,560,50,78,267,235,305,46,985,6,3,17,10,17,9,57,0,0,10,21,84,3,121,0,3,15,25,38,28,108,163,237,942,790,1225,227,3571,24,31,163,161,550,79,1006,0,0,5,9,43,10,67,3,5,58,70,379,26,539,12,6,24,18,94,10,163,4,3,28,51,669,24,782,5,0,10,23,120,12,172,3,3,71,76,285,41,479,6,3,39,59,163,30,296,0,5,10,36,170,20,242,3,3,16,13,15,0,56,3,3,24,41,29,0,93,3,0,5,19,46,5,80,28,13,149,66,107,17,384,0,5,22,31,93,12,164,21,30,90,106,127,15,386,70
LGA26260,75,7,123,0,0,5,7,9,0,22,0,0,3,0,12,0,20,0,0,9,6,16,3,37,0,0,0,3,12,3,20,8,5,38,17,18,6,96,0,0,8,5,22,3,42,11,9,38,40,57,0,148,32,45,159,55,69,9,374,27,53,248,156,217,31,735,0,0,6,3,10,3,25,0,4,3,12,46,3,69,4,0,9,9,16,12,49,96,134,644,449,765,136,2227,24,10,156,196,425,62,864,3,3,10,9,46,3,74,3,3,9,24,101,13,152,0,0,3,4,22,3,33,0,0,11,8,305,7,337,0,0,12,19,63,3,100,3,3,30,36,191,22,286,3,0,14,33,138,11,199,0,4,11,19,75,8,119,0,0,4,3,25,3,38,0,0,19,9,18,9,59,0,3,9,4,16,3,32,15,8,85,36,32,8,184,3,0,13,11,47,8,75,27,21,56,75,108,10,290,53
LGA26350,199,34,963,41,24,156,56,53,5,334,99,52,384,83,35,7,652,265,98,774,173,103,29,1444,63,15,262,104,97,19,561,722,212,2202,382,166,68,3750,93,59,430,156,112,24,881,240,119,502,100,68,16,1029,850,350,1242,255,116,40,2851,806,388,2150,469,280,106,4209,83,31,276,87,72,18,566,62,19,191,175,192,9,645,118,36,347,117,78,84,765,3970,1575,11450,2988,1946,571,22510,31,8,85,21,10,5,167,41,15,87,12,11,0,164,284,63,867,203,234,46,1693,98,24,209,27,40,9,413,134,43,688,264,809,51,1984,196,63,754,190,137,26,1368,349,95,1776,585,495,119,3415,180,31,883,479,535,83,2188,133,34,425,160,157,21,933,234,90,794,187,112,26,1439,728,239,2047,409,192,84,3697,159,47,661,239,239,42,1390,1789,447,5133,751,327,156,8602,175,85,754,245,225,60,1540,434,183,922,214,130,25,1909,1404
LGA26430,44,10,93,0,0,5,6,10,3,28,0,3,4,5,5,0,19,0,0,0,5,8,0,18,0,0,4,4,3,0,10,0,4,25,16,16,6,63,5,0,5,8,14,3,32,0,7,21,25,29,3,78,20,25,99,40,26,3,219,9,17,91,89,111,18,337,0,0,3,9,20,3,37,3,0,3,10,17,3,42,0,4,8,7,10,7,42,54,79,355,316,452,83,1337,15,8,83,118,188,45,460,0,0,0,3,13,0,20,7,3,26,18,106,10,167,3,0,7,4,20,0,36,0,3,5,17,203,10,240,0,0,8,7,33,3,49,0,0,12,13,73,9,113,3,3,16,35,65,11,127,3,3,11,14,72,4,104,0,3,4,10,7,0,27,3,0,4,4,11,0,28,0,0,6,3,9,3,23,12,5,53,29,23,6,123,5,0,15,16,29,3,62,8,11,36,47,73,4,176,29
LGA26490,101,24,282,0,0,13,8,16,4,47,6,3,31,9,6,0,56,13,5,54,25,19,4,118,9,3,16,19,47,6,98,38,23,154,68,66,10,359,9,5,32,34,37,4,116,28,34,137,80,69,3,344,163,130,465,130,80,16,985,121,117,508,258,211,38,1252,6,4,32,22,18,4,98,7,3,32,45,88,7,185,10,10,51,25,24,19,134,440,375,1873,997,1025,190,4901,11,11,87,54,114,19,291,3,0,4,3,18,0,38,37,14,143,95,235,13,541,6,3,27,19,41,6,100,10,13,142,128,942,32,1264,14,6,97,58,85,9,267,14,14,225,155,257,33,698,21,6,145,118,237,34,565,9,0,44,30,110,22,214,11,3,57,20,30,0,114,23,11,113,68,41,10,277,14,3,40,32,80,10,180,101,40,397,143,132,24,831,11,7,58,63,94,10,245,63,55,239,148,160,13,678,247
LGA26610,82,16,147,0,0,4,10,18,0,30,0,0,0,3,8,0,15,0,3,14,14,9,3,41,0,0,7,0,10,3,19,3,9,39,11,29,4,91,0,0,7,8,39,7,63,3,6,30,43,42,5,127,24,66,195,60,84,5,441,26,32,197,157,204,32,648,0,0,4,8,9,0,18,0,0,3,16,64,0,87,0,0,12,14,30,18,78,67,124,611,454,843,145,2242,4,6,84,138,333,70,642,0,0,3,3,15,0,16,4,3,33,37,218,32,322,0,0,6,5,36,3,49,3,3,15,11,313,15,365,0,0,13,19,80,7,123,3,0,40,60,195,33,332,3,0,23,42,134,22,225,3,0,5,17,106,15,152,0,0,9,9,21,0,29,0,3,20,30,18,8,74,0,0,9,3,22,3,35,5,11,88,23,46,7,182,0,0,15,11,64,5,96,5,9,52,82,108,11,266,24
LGA26670,20,8,42,0,0,7,3,3,0,16,0,0,0,3,0,0,3,0,0,3,3,3,3,12,0,0,0,0,0,0,0,0,0,9,4,8,0,27,0,0,0,0,3,0,8,6,6,9,12,15,0,44,8,26,49,25,12,8,132,13,7,66,79,93,3,259,0,0,0,0,5,0,9,0,0,0,3,13,0,18,0,0,4,3,5,10,28,28,41,215,193,277,58,813,7,4,51,57,185,26,333,0,0,0,0,4,0,4,3,0,17,4,54,3,79,0,0,3,6,32,0,39,0,0,4,17,131,18,176,0,0,3,4,22,0,29,0,0,14,14,50,11,93,4,0,8,11,35,8,69,0,0,5,3,35,3,53,0,0,0,0,0,0,11,3,0,4,3,3,3,17,0,0,0,4,3,0,10,0,0,27,5,15,0,54,0,0,4,4,8,5,22,10,6,18,21,44,3,107,12
LGA26700,133,12,217,0,0,6,7,18,3,39,0,3,8,7,11,0,33,0,0,17,19,23,0,60,0,0,12,18,16,5,45,7,10,69,38,55,8,187,0,0,16,26,44,14,98,22,27,93,91,91,12,339,58,93,289,88,99,16,645,80,116,450,346,402,64,1453,0,0,17,16,12,0,43,9,6,17,29,86,3,142,3,0,13,15,24,17,81,200,275,1159,926,1309,185,4052,9,14,95,105,234,35,485,0,0,5,0,22,0,29,17,17,96,115,454,31,726,3,0,7,8,42,0,63,0,3,24,44,585,28,682,0,0,23,20,68,5,115,8,3,68,93,358,26,560,3,3,37,81,230,18,370,0,0,18,26,156,18,221,0,4,16,19,29,3,70,8,4,30,47,33,3,121,0,4,18,24,39,6,88,22,10,150,57,89,11,343,4,6,23,44,133,15,224,40,36,150,192,226,22,667,86
LGA26730,147,19,287,0,0,3,14,18,3,42,0,3,10,8,20,0,39,6,0,18,21,31,5,81,0,0,12,11,29,0,57,4,10,96,40,53,3,205,0,3,22,21,60,7,111,13,28,84,95,83,11,315,96,89,394,95,132,11,820,96,149,569,358,447,71,1683,3,3,16,17,29,3,70,0,3,15,50,137,13,213,3,4,17,14,32,26,94,242,317,1475,957,1590,225,4805,8,0,41,48,130,8,236,0,0,0,9,31,0,47,23,15,141,95,449,41,766,9,8,37,27,89,3,179,3,3,27,57,751,36,873,7,4,29,28,149,22,233,8,13,104,131,443,36,734,3,3,82,94,285,42,506,5,0,22,30,149,12,220,0,8,16,13,48,0,90,8,7,50,65,49,6,181,0,7,21,18,66,7,115,25,20,240,85,88,9,472,3,3,36,44,115,12,206,15,44,150,160,184,21,576,149
LGA26810,138,16,222,3,3,13,8,32,7,62,0,0,7,0,5,3,21,0,0,10,23,31,4,73,0,0,6,15,35,3,66,13,5,95,50,55,13,224,0,3,20,28,59,7,116,35,29,115,112,128,12,423,48,124,422,127,166,26,922,105,119,479,356,512,78,1644,3,3,15,17,26,3,62,3,3,23,56,134,8,223,0,3,19,25,42,31,124,233,334,1410,1083,1860,296,5218,16,8,156,222,608,88,1109,9,3,31,51,302,12,402,3,11,44,73,437,25,590,5,6,39,50,169,10,279,0,7,61,77,963,66,1162,0,0,11,29,97,17,156,7,9,63,101,426,52,659,3,8,45,54,289,30,433,3,3,25,29,166,27,260,3,3,16,5,29,8,62,0,3,26,45,42,3,124,0,0,13,18,74,4,113,19,19,185,83,125,20,444,3,3,26,39,113,26,215,71,51,267,286,365,31,1075,88
LGA26890,10,0,19,0,0,0,4,4,0,11,0,0,3,0,4,0,6,0,0,0,0,3,0,5,0,0,0,3,0,0,7,0,4,3,5,9,0,18,0,0,3,3,3,0,8,0,0,6,15,15,3,41,4,14,41,17,15,0,85,4,7,44,39,45,15,151,0,0,6,0,0,0,7,0,0,0,0,8,0,15,0,0,3,4,4,3,8,16,33,148,125,185,33,540,3,9,51,86,205,22,369,0,0,0,0,0,0,0,3,0,0,0,29,0,31,0,0,0,0,0,0,0,0,0,0,3,39,0,44,0,0,4,3,11,0,12,0,0,3,3,24,3,33,0,0,3,7,18,0,29,0,0,0,3,12,3,18,0,0,3,0,4,0,6,0,0,3,0,4,0,12,0,0,0,3,0,0,7,0,6,4,6,7,0,27,0,0,3,6,4,4,10,3,0,14,17,26,4,67,6
LGA26980,232,58,1096,69,15,170,67,64,11,401,84,40,250,66,50,9,492,277,82,687,218,104,24,1389,81,22,194,112,84,17,505,630,167,1471,360,218,58,2898,118,45,333,175,134,27,842,236,198,624,210,168,40,1473,1125,713,2056,503,306,71,4769,866,631,2972,1136,841,204,6641,37,17,149,70,53,7,335,89,58,289,230,277,37,968,108,35,303,131,96,85,758,4383,2205,11894,4384,3273,768,26906,15,9,47,19,27,3,122,26,5,52,9,12,0,104,398,99,1165,465,716,62,2910,122,27,272,50,88,13,575,180,41,678,451,1822,83,3266,363,75,912,348,296,43,2044,469,103,1718,760,821,133,4008,215,36,869,646,605,107,2474,199,63,570,287,337,57,1518,300,86,725,199,188,29,1524,694,222,1602,520,203,60,3300,168,37,430,206,204,24,1075,1699,398,3779,808,488,130,7299,243,74,656,357,379,54,1773,519,337,1213,451,412,74,2997,1881
LGA27070,398,77,1114,48,9,171,177,206,39,654,39,16,118,77,64,10,317,100,33,409,240,239,43,1063,14,8,72,101,163,24,374,189,59,609,344,267,54,1520,65,24,253,219,301,59,921,113,97,522,369,416,58,1574,477,490,1527,636,572,97,3809,548,401,2543,1708,2012,305,7514,14,3,70,79,87,17,265,39,13,158,264,579,54,1107,70,14,218,184,229,187,894,2116,1279,8277,5888,7171,1328,26066,31,8,73,46,84,16,258,11,3,15,8,40,0,78,285,64,973,843,2299,237,4705,76,7,165,117,249,27,642,83,20,463,629,4329,251,5776,137,32,385,301,606,67,1528,323,70,1252,1021,1696,275,4647,161,32,514,649,820,142,2316,248,43,721,813,1298,206,3330,166,24,342,212,228,39,1004,271,62,847,443,391,80,2096,40,12,169,179,338,41,780,573,119,1518,678,508,107,3510,137,40,497,358,702,101,1839,291,170,977,794,1023,125,3378,847
LGA27170,195,14,314,0,0,11,12,48,9,84,0,0,13,4,13,3,31,3,3,26,30,57,7,134,0,0,7,18,46,9,84,13,10,88,46,68,9,233,6,7,24,36,79,9,159,27,31,158,195,171,17,599,103,119,355,145,153,22,895,110,135,539,414,609,62,1869,0,0,11,16,20,0,48,3,3,9,68,141,11,234,0,3,22,23,36,31,111,281,335,1437,1272,2131,238,5698,3,5,19,23,64,7,125,0,0,3,4,14,0,23,32,19,146,174,767,42,1184,5,0,8,18,58,3,95,8,13,53,98,915,34,1114,0,0,18,38,155,10,227,5,8,103,172,564,47,904,9,0,59,78,330,23,494,3,0,33,73,258,30,393,0,0,22,21,45,3,91,7,13,45,75,78,14,226,0,0,14,28,79,8,136,24,27,203,114,147,12,528,12,5,37,55,195,16,323,61,62,318,461,564,37,1506,157
LGA27260,506,71,1330,127,21,282,234,389,63,1116,116,20,221,68,51,16,492,359,61,758,326,258,55,1811,71,8,140,102,145,33,506,506,104,915,362,243,52,2190,143,23,319,242,298,54,1075,182,120,584,435,463,37,1819,649,420,1502,642,556,93,3874,687,412,2581,1907,1660,264,7510,40,18,171,107,149,18,500,52,28,158,218,422,32,901,110,23,278,196,230,188,1012,3750,1359,9907,6291,6914,1226,29454,30,0,86,79,117,28,344,20,0,32,20,67,4,137,470,67,1270,871,2195,164,5035,220,22,300,149,266,38,996,187,31,604,582,3271,209,4887,307,45,602,343,736,99,2127,625,82,1443,1016,1580,235,4983,269,42,751,798,1007,145,3005,577,92,1233,1212,2129,289,5529,493,60,619,216,231,55,1673,957,131,1520,604,441,102,3754,161,20,273,198,324,52,1032,1543,256,2409,748,555,138,5652,298,40,614,470,722,110,2262,547,225,1113,1009,1169,112,4184,1144
LGA27350,232,22,1150,45,17,127,36,32,3,255,118,79,473,92,38,11,807,162,90,556,151,80,20,1048,26,12,164,54,48,10,313,836,268,2023,269,138,37,3565,70,31,365,104,92,13,666,442,185,672,121,75,18,1507,1079,452,1149,185,89,28,2986,907,423,1932,365,241,72,3944,92,55,367,75,53,13,654,115,24,224,106,165,17,653,83,40,296,86,52,52,610,4363,1805,10548,2350,1688,388,21135,15,13,69,18,20,7,139,22,9,60,7,10,0,109,195,88,722,189,228,46,1472,64,18,202,32,45,3,364,112,29,566,182,781,42,1713,102,33,463,124,118,16,854,188,70,1345,477,413,67,2563,168,31,1065,475,569,72,2370,110,38,390,116,136,14,803,241,135,948,219,104,34,1675,402,190,1386,298,159,43,2470,68,25,392,109,111,18,725,1841,457,4642,573,315,99,7928,129,50,646,178,194,25,1231,724,286,1187,224,188,23,2628,1820
LGA27450,404,57,936,12,5,66,88,108,14,301,23,19,107,70,46,4,268,17,15,148,156,147,17,510,15,4,78,108,149,29,381,133,89,564,385,341,57,1564,14,28,123,193,290,41,700,103,102,352,362,289,37,1239,507,599,1718,680,565,85,4165,350,452,1735,1591,1808,237,6172,41,24,130,102,112,17,417,39,23,145,271,559,33,1071,29,16,155,160,232,147,739,1448,1507,6524,5559,6856,1022,22906,33,13,156,184,378,64,829,10,0,20,11,64,7,114,139,78,689,712,2425,148,4199,20,16,113,98,268,19,526,43,35,329,527,5621,185,6730,42,33,348,320,742,63,1545,85,63,643,723,1631,177,3314,42,16,296,361,760,86,1559,39,32,209,239,734,70,1319,53,36,233,185,208,16,733,81,52,374,322,245,40,1108,19,16,131,171,313,37,688,323,166,1387,777,718,112,3488,38,45,225,328,733,74,1434,180,170,647,731,824,83,2637,817
LGA27630,17,4,28,0,0,0,0,0,0,4,0,0,0,0,0,0,0,0,0,0,5,6,0,11,0,0,0,0,0,0,0,0,0,13,6,11,0,33,0,0,3,0,3,3,10,3,3,3,5,15,0,36,11,18,71,26,25,0,143,6,16,64,77,125,21,308,0,0,0,0,3,0,0,0,0,4,3,10,0,22,0,0,0,3,4,0,10,17,38,195,170,286,42,756,3,10,35,74,225,29,371,0,0,0,0,0,0,3,0,0,4,4,16,3,30,0,0,3,3,23,0,22,0,0,0,10,67,5,78,0,0,4,11,25,3,37,0,0,19,0,47,4,67,0,0,0,16,24,3,43,0,0,0,0,44,3,49,0,0,0,3,3,0,11,0,0,3,5,6,0,13,0,0,0,0,0,3,5,0,0,20,10,13,3,50,0,0,3,4,13,3,21,3,3,13,11,35,0,67,11
LGA29399,10,0,49,0,0,6,0,3,0,9,0,0,0,0,0,0,0,0,0,0,0,0,0,0,0,0,3,0,0,0,4,3,0,0,0,0,0,5,0,0,3,0,0,3,3,0,0,0,0,0,0,0,0,0,4,0,3,0,12,4,0,8,3,0,0,13,0,0,0,3,0,0,4,0,0,0,0,0,0,0,0,0,0,0,0,0,3,12,6,42,26,32,8,119,0,0,3,0,5,0,11,0,0,0,0,0,0,3,0,0,0,0,0,0,0,0,0,0,0,0,0,0,0,0,0,0,7,3,9,0,0,0,0,0,0,3,0,0,0,3,6,0,14,3,3,30,17,35,0,93,0,0,8,5,16,0,38,0,0,0,0,0,0,3,0,0,0,0,0,0,0,0,0,6,0,5,0,16,3,0,4,0,4,0,10,0,0,3,0,0,4,7,0,0,0,0,3,0,4,0
LGA29499,22,3,84,3,0,8,5,3,0,15,3,3,0,0,0,0,9,4,0,6,0,4,0,11,0,0,3,0,3,0,9,8,0,35,6,3,3,50,0,0,7,7,5,3,24,0,3,15,5,3,0,29,20,3,27,4,0,3,64,14,12,33,27,28,3,118,0,0,16,3,0,0,20,0,0,7,4,12,3,31,0,0,11,4,4,4,29,57,35,248,89,113,30,572,0,0,14,3,10,3,36,0,0,3,0,3,0,11,3,0,22,4,41,6,74,4,0,3,0,9,0,14,0,0,12,8,103,8,134,5,0,7,4,9,0,25,0,0,25,10,31,0,70,11,3,49,24,42,10,143,3,3,17,13,22,9,63,3,3,3,3,4,0,21,6,0,17,8,6,0,38,0,0,8,3,7,0,21,14,3,66,11,10,8,121,3,3,9,13,17,3,52,6,5,21,5,18,0,68,24
LGA29799,0,0,0,0,0,0,0,0,0,0,0,0,0,0,0,0,0,0,0,0,0,0,0,0,0,0,0,0,0,0,0,0,0,0,0,0,0,0,0,0,0,0,0,0,0,0,0,0,0,0,0,0,0,0,0,0,0,0,0,0,0,0,0,0,0,0,0,0,0,0,0,0,0,0,0,0,0,0,0,0,0,0,0,0,0,0,0,0,0,0,0,0,0,0,0,0,0,0,0,0,0,0,0,0,0,3,0,7,0,0,0,0,0,0,4,0,0,0,0,0,0,0,0,0,0,0,3,0,3,0,0,0,0,0,0,0,0,0,0,0,0,0,0,0,0,0,0,0,0,0,0,0,0,3,3,0,8,0,0,0,0,0,0,0,0,0,0,0,0,0,0,0,0,0,0,0,0,0,0,0,0,0,0,0,0,0,0,0,0,0,0,0,0,0,0,0,0,0,0,0
