LGA_CODE_2016,M_NatPhyl_Scn_15_24,M_NatPhyl_Scn_25_34,M_NatPhyl_Scn_35_44,M_NatPhyl_Scn_45_54,M_NatPhyl_Scn_55_64,M_NatPhyl_Scn_65_74,M_NatPhyl_Scn_75_84,M_NatPhyl_Scn_85ov,M_NatPhyl_Scn_Tot,M_InfoTech_15_24,M_InfoTech_25_34,M_InfoTech_35_44,M_InfoTech_45_54,M_InfoTech_55_64,M_InfoTech_65_74,M_InfoTech_75_84,M_InfoTech_85ov,M_InfoTech_Tot,M_Eng_RelTec_15_24,M_Eng_RelTec_25_34,M_Eng_RelTec_35_44,M_Eng_RelTec_45_54,M_Eng_RelTec_55_64,M_Eng_RelTec_65_74,M_Eng_RelTec_75_84,M_Eng_RelTec_85ov,M_Eng_RelTec_Tot,M_ArchtBldng_15_24,M_ArchtBldng_25_34,M_ArchtBldng_35_44,M_ArchtBldng_45_54,M_ArchtBldng_55_64,M_ArchtBldng_65_74,M_ArchtBldng_75_84,M_ArchtBldng_85ov,M_ArchtBldng_Tot,M_Ag_Envir_Rltd_Sts_15_24,M_Ag_Envir_Rltd_Sts_25_34,M_Ag_Envir_Rltd_Sts_35_44,M_Ag_Envir_Rltd_Sts_45_54,M_Ag_Envir_Rltd_Sts_55_64,M_Ag_Envir_Rltd_Sts_65_74,M_Ag_Envir_Rltd_Sts_75_84,M_Ag_Envir_Rltd_Sts_85ov,M_Ag_Envir_Rltd_Sts_Tot,M_Health_15_24,M_Health_25_34,M_Health_35_44,M_Health_45_54,M_Health_55_64,M_Health_65_74,M_Health_75_84,M_Health_85ov,M_Health_Tot,M_Educ_15_24,M_Educ_25_34,M_Educ_35_44,M_Educ_45_54,M_Educ_55_64,M_Educ_65_74,M_Educ_75_84,M_Educ_85_years_and_over,M_Educ_Tot,M_Mgnt_Com_15_24,M_Mgnt_Com_25_34,M_Mgnt_Com_35_44,M_Mgnt_Com_45_54,M_Mgnt_Com_55_64,M_Mgnt_Com_65_74,M_Mgnt_Com_75_84,M_Mgnt_Com_85ov,M_Mgnt_Com_Tot,M_Society_Cult_15_24,M_Society_Cult_25_34,M_Society_Cult_35_44,M_Society_Cult_45_54,M_Society_Cult_55_64,M_Society_Cult_65_74,M_Society_Cult_75_84,M_Society_Cult_85ov,M_Society_Cult_Tot,M_Creative_Arts_15_24,M_Creative_Arts_25_34,M_Creative_Arts_35_44,M_Creative_Arts_45_54,M_Creative_Arts_55_64,M_Creative_Arts_65_74,M_Creative_Arts_75_84,M_Creative_Arts_85ov,M_Creative_Arts_Tot,M_Fd_Hosp_Psnl_Svcs_15_24,M_Fd_Hosp_Psnl_Svcs_25_34,M_Fd_Hosp_Psnl_Svcs_35_44,M_Fd_Hosp_Psnl_Svcs_45_54,M_Fd_Hosp_Psnl_Svcs_55_64,M_Fd_Hosp_Psnl_Svcs_65_74,M_Fd_Hosp_Psnl_Svcs_75_84,M_Fd_Hosp_Psnl_Svcs_85ov,M_Fd_Hosp_Psnl_Svcs_Tot,M_MixFld_Prgm_15_24,M_MixFld_Prgm_25_34,M_MixFld_Prgm_35_44,M_MixFld_Prgm_45_54,M_MixFld_Prgm_55_64,M_MixFld_Prgm_65_74,M_MixFld_Prgm_75_84,M_MixFld_Prgm_85ov,M_MixFld_Prgm_Tot,M_FldStd_InadDes_15_24,M_FldStd_InadDes_25_34,M_FldStd_InadDes_35_44,M_FldStd_InadDes_45_54,M_FldStd_InadDes_55_64,M_FldStd_InadDes_65_74,M_FldStd_InadDes_75_84,M_FldStd_InadDes_85ov,M_FldStd_InadDes_Tot,M_FldStd_NS_15_24,M_FldStd_NS_25_34,M_FldStd_NS_35_44,M_FldStd_NS_45_54,M_FldStd_NS_55_64,M_FldStd_NS_65_74,M_FldStd_NS_75_84,M_FldStd_NS_85ov,M_FldStd_NS_Tot,M_Tot_15_24,M_Tot_25_34,M_Tot_35_44,M_Tot_45_54,M_Tot_55_64,M_Tot_65_74,M_Tot_75_84,M_Tot_85_years_and_over,M_Tot_Tot,F_NatPhyl_Scn_15_24,F_NatPhyl_Scn_25_34,F_NatPhyl_Scn_35_44,F_NatPhyl_Scn_45_54,F_NatPhyl_Scn_55_64,F_NatPhyl_Scn_65_74,F_NatPhyl_Scn_75_84,F_NatPhyl_Scn_85ov,F_NatPhyl_Scn_Tot,F_InfoTech_15_24,F_InfoTech_25_34,F_InfoTech_35_44,F_InfoTech_45_54,F_InfoTech_55_64,F_InfoTech_65_74,F_InfoTech_75_84,F_InfoTech_85ov,F_InfoTech_Tot,F_Eng_RelTec_15_24,F_Eng_RelTec_25_34,F_Eng_RelTec_35_44,F_Eng_RelTec_45_54,F_Eng_RelTec_55_64,F_Eng_RelTec_65_74,F_Eng_RelTec_75_84,F_Eng_RelTec_85ov,F_Eng_RelTec_Tot,F_ArchtBldng_15_24,F_ArchtBldng_25_34,F_ArchtBldng_35_44,F_ArchtBldng_45_54,F_ArchtBldng_55_64,F_ArchtBldng_65_74,F_ArchtBldng_75_84,F_ArchtBldng_85ov,F_ArchtBldng_Tot,F_Ag_Envir_Rltd_Sts_15_24,F_Ag_Envir_Rltd_Sts_25_34,F_Ag_Envir_Rltd_Sts_35_44,F_Ag_Envir_Rltd_Sts_45_54,F_Ag_Envir_Rltd_Sts_55_64,F_Ag_Envir_Rltd_Sts_65_74,F_Ag_Envir_Rltd_Sts_75_84,F_Ag_Envir_Rltd_Sts_85ov,F_Ag_Envir_Rltd_Sts_Tot,F_Health_15_24,F_Health_25_34,F_Health_35_44,F_Health_45_54,F_Health_55_64,F_Health_65_74,F_Health_75_84,F_Health_85ov,F_Health_Tot,F_Educ_15_24,F_Educ_25_34,F_Educ_35_44,F_Educ_45_54,F_Educ_55_64,F_Educ_65_74,F_Educ_75_84,F_Educ_85ov,F_Educ_Tot,F_Mgnt_Com_15_24,F_Mgnt_Com_25_34
LGA20110,0,10,10,14,20,19,3,0,73,6,0,14,8,9,10,0,0,45,50,85,130,178,210,175,76,20,925,33,52,72,69,92,47,27,6,389,11,26,31,47,56,27,4,0,208,4,12,17,25,39,14,11,0,128,5,10,30,20,48,40,9,5,169,4,29,43,52,56,43,19,9,253,5,15,20,22,36,35,3,0,139,4,12,12,8,11,5,5,0,65,13,27,36,37,16,17,5,3,154,0,0,0,0,0,4,0,3,7,0,4,6,9,9,6,0,3,40,45,47,59,105,115,96,69,34,574,175,334,484,607,709,529,238,84,3165,3,15,16,11,15,13,0,0,66,0,0,3,8,8,0,0,0,21,0,9,14,11,10,7,8,3,65,0,3,9,4,3,4,0,0,25,6,21,17,28,13,3,3,0,90,23,56,82,125,130,78,30,6,537,6,39,71,71,105,94,34,11,437,13,61
LGA20260,0,5,11,8,7,3,0,0,40,4,7,6,0,3,0,0,0,22,29,98,69,97,138,112,44,7,594,15,44,39,40,44,28,16,8,227,8,34,65,52,66,31,18,0,285,0,7,13,31,31,21,9,4,112,3,12,7,19,35,28,10,3,115,23,36,29,36,28,20,0,4,189,12,14,33,48,35,24,5,0,175,3,10,4,0,4,9,0,0,31,11,16,18,17,13,9,3,0,97,0,0,0,0,0,0,0,0,5,3,6,8,6,6,4,0,0,35,91,231,251,194,179,123,94,13,1172,199,525,555,564,586,421,202,46,3097,0,8,11,6,5,3,0,0,30,0,0,3,3,3,0,0,0,17,3,4,13,8,4,3,3,3,41,0,0,0,0,0,0,0,0,12,15,14,24,10,6,7,0,0,75,20,61,53,112,114,91,26,9,487,7,50,39,45,93,75,18,11,332,20,55
LGA20570,39,82,113,90,92,78,17,4,506,83,353,241,136,72,32,0,0,911,341,962,867,1052,960,784,365,109,5432,353,762,512,411,361,238,128,43,2810,61,154,134,150,100,85,52,14,750,80,275,262,249,258,132,52,15,1328,52,234,243,224,324,303,102,24,1498,226,592,678,646,461,245,99,14,2962,155,299,315,272,241,180,66,9,1536,169,170,141,101,85,55,14,3,748,107,255,207,146,118,60,34,16,946,8,10,4,8,4,11,3,3,52,14,53,80,78,54,42,17,7,352,581,497,473,468,450,495,361,181,3498,2271,4699,4269,4021,3577,2745,1323,431,23330,53,114,120,75,53,20,9,0,444,9,53,55,39,31,9,0,0,193,23,70,75,64,38,27,46,19,356,18,42,34,25,14,9,0,0,147,31,68,73,58,21,4,3,0,267,291,995,822,871,808,484,224,78,4563,172,639,658,600,648,485,207,63,3459,398,1021
LGA20660,114,245,299,293,303,221,73,22,1563,110,565,679,334,181,56,4,0,1938,303,1222,1378,1392,1287,1191,609,219,7594,252,737,576,583,426,313,195,68,3140,43,113,145,125,70,45,16,6,560,80,372,387,298,262,180,83,24,1696,21,198,243,228,322,272,91,39,1407,318,1275,1433,1109,847,560,163,52,5754,230,508,560,512,511,271,105,23,2716,189,353,351,185,118,62,34,3,1296,91,215,189,157,104,65,40,17,874,6,7,14,10,6,11,8,5,62,32,83,107,101,76,46,19,8,472,370,482,491,473,424,394,326,200,3158,2161,6376,6851,5796,4936,3666,1758,681,32229,115,346,384,248,207,84,27,8,1425,9,136,212,117,60,26,5,0,566,34,171,205,130,83,65,63,23,766,26,102,121,70,34,9,0,0,364,33,60,73,39,29,12,0,0,248,308,1280,1206,957,905,504,206,83,5454,128,742,815,852,1002,617,202,52,4403,398,1537
LGA20740,6,6,29,20,39,46,12,3,158,6,28,23,25,13,18,0,0,117,60,228,251,351,458,499,272,84,2204,70,225,209,236,305,190,88,35,1365,11,55,79,73,49,45,15,6,336,6,40,46,57,61,47,20,4,283,6,50,64,63,110,114,36,6,459,22,79,88,111,139,150,48,16,654,19,35,54,72,98,85,25,3,392,10,22,28,33,35,31,10,3,173,23,95,68,73,53,27,16,3,352,3,0,0,4,4,0,3,4,22,0,6,19,20,24,22,10,7,112,160,128,125,236,243,283,215,93,1486,411,1009,1088,1369,1627,1567,772,270,8100,3,22,32,23,21,17,8,4,122,0,6,13,6,18,9,0,0,50,0,10,23,19,24,17,17,3,112,4,7,20,8,12,4,0,0,58,13,31,47,33,22,7,0,0,155,42,177,170,259,267,237,85,37,1280,23,129,165,158,257,243,98,14,1094,39,237
LGA20830,13,35,26,23,42,38,11,3,190,26,56,52,30,31,18,3,0,219,201,572,550,752,682,585,250,61,3652,178,371,249,268,219,146,80,19,1526,39,146,161,157,103,60,21,9,698,12,51,61,76,91,50,25,3,364,9,65,76,89,170,141,45,3,604,42,165,196,177,180,158,48,11,981,57,87,79,108,114,88,38,4,581,14,39,48,23,35,21,9,4,186,31,72,81,64,46,46,29,4,374,3,3,0,0,3,0,3,0,21,9,28,27,32,31,30,10,5,163,273,198,213,297,287,292,191,76,1833,915,1890,1825,2093,2035,1675,751,202,11386,13,40,57,41,36,6,3,0,197,0,10,18,24,24,9,0,0,78,16,25,38,38,27,17,14,4,182,13,29,21,11,10,4,0,0,86,30,66,69,54,35,17,3,3,278,122,365,316,355,395,272,89,36,1949,44,259,286,285,371,248,102,18,1610,139,456
LGA20910,64,99,178,279,274,207,78,33,1211,49,182,385,369,189,53,8,0,1237,96,431,619,1065,923,807,457,242,4645,146,356,353,445,360,238,108,53,2056,24,41,81,94,68,38,22,10,365,45,166,256,337,279,186,87,53,1414,18,66,121,177,229,164,74,26,882,263,792,1586,1957,1279,813,322,126,7150,139,279,481,592,561,419,139,33,2631,131,207,191,196,136,87,28,13,990,39,98,111,102,76,44,27,6,511,6,0,4,0,3,0,3,0,21,20,44,76,86,52,42,17,16,358,313,282,377,468,380,293,239,148,2508,1354,3037,4823,6176,4813,3388,1617,756,25977,74,130,257,289,184,84,31,17,1074,10,50,144,154,99,25,4,0,480,14,62,136,126,85,49,73,36,595,33,83,94,124,65,24,3,3,429,23,25,47,43,19,11,7,0,172,130,564,727,1000,813,508,299,171,4211,58,314,488,822,1026,715,301,93,3819,247,961
LGA21010,0,3,3,9,21,8,5,0,49,7,5,6,4,5,6,0,0,33,57,141,134,188,200,179,90,33,1025,37,56,54,51,90,48,18,11,367,12,33,41,51,61,45,25,5,280,4,16,12,14,31,25,6,3,117,0,14,15,23,31,49,23,4,164,10,30,30,49,47,52,22,0,230,17,20,18,27,36,22,10,3,140,5,11,3,5,5,3,5,0,42,15,22,20,20,20,7,8,4,117,0,0,0,0,0,9,0,0,5,5,0,3,3,3,5,0,3,28,86,62,71,103,129,129,81,33,693,247,420,412,554,677,593,282,100,3293,0,4,10,13,10,5,0,0,49,0,3,5,9,7,4,0,0,22,0,10,14,15,10,11,7,0,72,0,3,3,5,3,3,0,0,23,9,24,19,19,11,6,0,0,96,28,75,88,107,146,86,44,21,600,13,56,47,75,118,74,28,10,428,45,82
LGA21110,221,381,356,481,513,362,135,68,2521,248,929,828,658,329,89,10,0,3098,453,1409,1035,1534,1311,1051,555,277,7628,214,579,409,512,382,283,149,56,2584,30,154,79,113,76,55,33,11,553,139,597,713,792,682,436,284,118,3762,37,259,187,229,328,275,121,46,1480,732,2455,2621,2981,1969,1143,429,168,12505,296,854,863,1060,971,722,281,106,5149,350,636,318,258,168,109,50,4,1896,124,281,175,163,87,47,22,14,913,22,15,3,6,5,4,6,0,64,63,119,120,131,105,55,33,4,638,620,729,568,646,506,388,305,184,3947,3556,9397,8279,9577,7455,5024,2407,1054,46746,254,460,442,557,366,182,77,49,2396,46,294,334,322,158,44,5,0,1203,78,321,276,273,128,60,80,32,1242,93,232,194,171,98,42,6,8,846,37,78,62,84,59,18,6,7,354,405,1589,1487,1720,1447,947,592,305,8493,131,701,720,1166,1442,1163,494,215,6025,847,2802
LGA21180,132,247,191,160,120,59,15,3,930,297,1066,810,309,151,21,3,0,2660,706,2156,2049,2169,2126,1341,480,143,11175,445,847,655,538,367,264,127,30,3274,20,90,72,68,54,33,6,0,357,154,361,282,210,116,65,24,3,1212,63,195,171,176,203,132,53,9,996,840,2314,1496,892,635,281,53,18,6527,357,677,543,389,282,150,37,9,2438,156,359,208,120,69,31,11,0,954,216,747,346,239,130,75,34,10,1795,31,40,17,17,30,27,21,3,188,53,180,138,118,89,73,25,5,680,1231,1469,1063,1020,924,825,527,214,7271,4696,10750,8038,6431,5290,3383,1412,448,40447,217,396,302,183,90,24,7,0,1220,51,378,294,134,47,11,5,0,914,63,230,215,203,164,113,69,24,1079,46,136,60,40,25,8,8,0,322,26,60,59,32,26,3,0,0,202,446,1269,801,610,446,197,74,26,3881,275,795,671,643,498,297,68,19,3264,849,2892
LGA21270,0,0,0,0,8,0,0,0,11,0,3,3,4,4,0,0,0,15,22,49,36,64,53,51,25,14,308,10,22,15,20,29,19,8,0,133,16,29,40,63,57,21,9,4,232,3,7,5,7,6,0,3,4,33,0,12,11,11,20,12,4,5,70,0,21,8,12,22,7,3,0,78,0,3,8,4,4,6,4,0,28,3,6,0,3,0,0,0,0,11,0,3,8,13,10,3,0,0,40,0,0,0,0,0,0,0,0,3,0,3,0,0,0,4,0,0,14,26,28,23,52,74,68,53,35,359,78,174,166,252,295,194,104,62,1325,3,0,3,3,3,0,0,0,16,0,0,0,0,3,0,0,0,5,0,0,0,6,0,5,0,0,12,0,0,0,0,0,0,0,0,4,3,13,6,5,3,0,0,0,35,10,37,38,55,67,31,26,10,273,9,36,28,41,51,24,11,3,194,3,27
LGA21370,0,8,20,20,9,14,3,3,82,22,27,20,11,11,0,0,0,83,169,375,394,494,470,366,176,49,2504,82,180,146,186,182,113,48,24,958,49,134,166,188,138,65,27,12,779,10,52,43,37,62,27,9,3,252,6,48,46,53,86,69,23,3,336,24,93,129,111,115,87,28,9,599,27,44,52,40,59,43,12,4,280,15,18,18,4,5,3,9,0,76,42,71,60,70,70,46,14,8,381,0,3,0,0,3,7,4,0,14,8,6,21,19,19,11,7,0,87,228,147,197,260,266,272,247,106,1719,681,1214,1315,1490,1492,1126,606,221,8150,3,17,35,26,16,3,0,0,110,0,8,16,9,6,0,0,0,35,4,23,16,25,26,18,11,8,138,4,12,6,8,3,0,0,0,28,26,54,51,33,18,9,0,0,196,77,263,254,308,295,162,87,32,1478,42,169,158,173,184,130,76,16,950,75,237
LGA21450,19,62,84,81,62,45,14,3,369,64,247,290,120,47,24,6,0,796,388,1271,1361,1548,1148,704,306,77,6807,424,956,658,512,356,209,114,16,3247,55,167,211,148,82,50,16,0,723,33,119,125,119,86,41,20,3,549,22,122,112,118,148,119,32,3,687,172,566,622,462,331,203,41,11,2414,120,255,260,192,145,113,18,9,1116,72,157,87,52,49,34,9,0,464,75,245,179,157,80,41,24,0,791,6,4,9,7,0,4,3,0,35,9,62,78,46,37,19,13,4,280,525,455,498,508,414,333,211,91,3032,1995,4697,4571,4061,2987,1944,822,231,21310,47,173,131,77,49,22,9,0,504,6,76,66,38,17,8,0,0,215,20,87,77,88,45,34,25,13,384,24,54,39,26,16,7,0,0,164,40,105,99,66,29,13,0,0,354,258,783,659,606,466,272,90,31,3162,122,614,624,467,436,219,60,12,2552,357,1220
LGA21610,115,250,328,289,210,108,35,14,1348,331,1292,1646,557,204,53,4,0,4095,1150,3589,4637,4688,3546,1972,803,185,20566,1021,1930,1401,1258,914,481,240,54,7286,104,321,284,223,113,65,30,3,1147,174,529,526,420,254,116,37,13,2055,79,278,318,304,323,200,95,19,1618,759,2724,2775,1980,1177,539,187,42,10185,580,957,949,648,499,227,70,15,3945,272,482,328,170,94,56,11,6,1427,231,816,621,409,251,104,52,14,2494,38,30,20,17,15,10,11,5,153,57,195,251,243,150,63,39,5,1010,1526,1534,1469,1345,1105,834,567,257,8630,6436,14929,15547,12546,8865,4825,2182,638,65959,246,667,610,285,146,51,16,0,2017,65,594,557,167,84,11,3,0,1481,95,361,401,319,218,120,83,27,1628,51,152,101,71,28,10,0,0,415,69,138,129,75,46,19,4,0,485,714,2382,2080,1598,1064,516,203,57,8608,413,1505,1570,1197,920,439,176,40,6251,1138,4485
LGA21670,0,5,4,3,12,5,4,0,34,0,8,7,8,6,0,0,0,31,43,89,130,192,191,200,86,27,974,21,41,34,40,65,54,38,8,298,6,32,21,37,24,18,12,0,150,3,8,6,16,19,19,3,0,66,0,17,8,14,22,38,12,3,123,15,31,26,27,38,20,3,4,158,12,17,26,34,33,25,4,0,152,4,3,8,10,7,7,0,0,36,9,24,21,22,28,10,4,3,123,0,0,0,0,0,3,3,0,12,3,9,12,10,9,8,0,0,50,78,39,75,94,104,127,86,28,633,205,318,368,513,551,538,264,75,2826,0,7,10,3,0,3,0,0,22,0,0,4,3,6,3,0,0,22,0,7,10,16,11,10,4,3,56,0,4,0,0,0,0,0,0,11,3,9,10,11,6,6,0,0,54,18,47,50,96,117,80,37,8,446,14,43,41,38,63,70,10,5,290,21,67
LGA21750,3,6,12,16,18,22,6,0,85,8,20,10,14,6,10,0,0,63,74,204,201,236,263,180,76,20,1251,64,128,99,94,106,71,25,8,591,26,85,94,81,76,28,16,3,407,10,15,25,36,40,25,7,4,160,0,20,22,19,77,54,19,0,228,31,58,91,55,63,47,11,6,369,16,23,27,54,55,32,9,7,227,12,28,13,14,12,18,0,0,96,23,59,53,49,31,17,8,0,239,3,0,3,0,0,0,0,0,13,3,14,15,23,13,5,9,3,82,117,128,100,139,147,152,111,41,928,397,782,768,819,921,667,288,97,4744,4,9,21,9,8,5,0,3,61,0,3,3,0,3,0,0,0,17,11,29,5,12,7,3,5,3,73,5,4,4,3,3,6,0,0,27,20,27,43,28,11,8,3,0,147,38,126,108,154,169,116,58,16,793,21,79,88,98,142,126,32,9,588,56,157
LGA21830,0,3,11,10,12,5,0,0,45,4,5,3,6,0,3,0,0,29,84,138,137,216,162,112,43,14,906,39,68,38,61,61,32,23,4,343,43,62,124,130,81,41,14,6,501,0,14,17,11,22,9,3,0,82,0,19,24,22,39,28,16,0,155,14,30,36,45,36,31,9,10,196,3,13,16,26,23,27,8,0,115,8,11,3,4,7,6,0,0,33,16,26,27,28,19,7,3,0,131,0,0,0,0,0,0,0,0,3,0,0,7,6,10,3,0,0,39,118,68,79,141,121,132,106,34,804,324,467,536,714,594,450,230,75,3386,3,11,21,7,6,7,0,0,50,0,3,3,3,3,3,0,0,13,0,9,13,10,12,4,0,3,54,0,0,3,3,0,0,0,0,13,13,42,46,28,17,3,5,0,153,34,94,89,124,152,81,35,14,621,14,57,63,88,119,73,34,11,461,24,67
LGA21890,140,463,430,319,214,93,20,7,1687,186,1027,749,380,143,26,3,0,2510,426,1665,1314,1256,939,585,334,149,6672,232,786,647,479,309,172,127,35,2788,30,165,159,112,80,27,6,4,582,118,523,410,294,177,67,32,12,1622,41,306,331,288,271,134,51,9,1428,532,2136,1578,1055,502,172,58,22,6062,282,963,861,663,471,207,52,16,3524,280,1106,763,357,175,55,22,3,2756,147,552,343,201,114,53,34,5,1448,24,18,11,5,18,6,16,7,108,50,186,168,132,62,44,16,10,663,768,1270,974,751,569,462,476,270,5537,3262,11173,8740,6287,4044,2103,1234,553,37386,194,577,472,291,114,34,8,4,1694,48,315,228,135,33,8,0,0,763,76,290,235,136,85,58,80,20,972,35,245,207,117,33,5,0,0,637,43,133,126,65,29,3,3,0,402,402,1658,1146,822,510,189,95,33,4854,170,938,865,873,673,273,100,38,3932,697,2504
LGA22110,3,17,15,23,30,44,17,8,156,13,32,26,15,25,17,3,3,134,154,327,354,553,644,795,337,82,3253,88,213,216,233,303,247,140,28,1473,25,95,111,127,123,98,29,7,624,12,47,44,62,96,53,22,10,344,13,41,58,73,163,179,52,3,576,42,100,117,108,150,181,68,19,777,24,50,75,90,134,98,30,0,500,19,18,21,23,27,40,11,5,162,26,99,99,86,87,62,19,3,492,4,0,0,0,3,11,6,3,24,3,24,26,34,46,33,13,3,173,297,203,229,320,376,506,305,146,2379,732,1266,1386,1750,2201,2369,1046,318,11064,4,24,37,13,32,14,3,5,134,3,7,13,17,12,7,0,0,56,7,23,24,32,29,25,31,15,183,3,12,9,16,16,3,3,0,60,23,54,65,52,37,11,4,0,238,85,259,255,349,441,325,150,50,1908,49,177,178,207,360,324,95,30,1428,83,240
LGA22170,42,83,98,111,116,68,23,14,551,107,279,422,209,116,33,11,0,1178,394,1513,1707,1951,1794,1199,601,184,9339,467,1254,922,773,582,368,206,59,4638,84,222,199,155,78,29,16,12,784,76,249,255,194,164,88,29,10,1050,45,223,212,203,220,197,74,28,1201,229,833,941,773,615,381,139,43,3955,213,412,392,353,303,161,55,12,1910,125,268,204,120,85,59,21,7,882,113,284,282,221,178,104,32,10,1225,19,14,3,11,8,6,9,0,68,31,69,94,91,79,37,24,10,429,687,740,744,769,647,556,420,222,4792,2634,6437,6484,5927,5001,3282,1644,602,32016,84,174,192,131,63,27,12,4,683,9,69,89,61,46,22,3,0,308,43,112,121,119,91,70,42,23,624,16,66,61,47,29,6,3,0,230,44,99,80,71,22,10,6,0,340,311,1223,1027,940,820,410,181,58,4969,211,815,755,687,635,424,137,45,3709,506,1510
LGA22250,0,3,4,0,4,7,3,0,18,0,7,3,4,4,0,0,0,11,49,91,91,121,142,111,35,6,642,20,40,30,32,49,40,16,0,229,27,46,66,80,39,27,6,0,293,4,7,14,12,8,5,3,0,53,0,3,9,11,28,19,7,3,80,10,18,33,21,27,17,3,0,133,0,9,15,13,17,8,0,0,68,3,9,4,0,0,4,3,0,21,4,11,11,20,10,6,3,0,77,0,0,0,0,0,0,0,0,6,0,3,8,3,3,3,0,0,24,63,41,56,68,93,101,85,36,538,189,292,336,389,425,336,172,54,2196,0,5,3,6,3,0,0,0,20,0,0,3,0,4,0,0,0,10,0,3,3,6,6,6,0,3,33,0,4,3,0,0,0,0,0,10,0,13,12,14,4,3,0,0,43,23,56,61,77,80,61,28,8,388,9,40,44,52,53,57,21,5,281,22,68
LGA22310,134,293,297,367,290,184,57,27,1659,198,1083,1037,601,296,64,12,3,3296,322,1314,1196,1408,1276,882,501,274,7177,168,641,483,445,368,230,125,51,2516,30,110,91,86,52,21,16,3,410,84,426,421,405,341,210,111,52,2052,23,170,226,259,288,189,68,12,1238,614,2370,2303,1805,1153,582,168,82,9080,228,781,769,707,601,388,96,39,3606,239,464,408,259,205,89,35,19,1711,126,434,275,185,100,60,26,20,1230,22,4,7,5,8,6,3,3,58,30,96,131,127,82,45,22,12,544,490,742,594,536,417,336,267,185,3567,2699,8946,8243,7205,5478,3274,1503,786,38139,146,440,455,321,219,98,42,12,1731,56,437,367,243,108,24,0,5,1249,69,339,219,198,143,119,125,59,1277,53,197,137,109,70,22,6,4,597,24,59,72,45,25,9,5,0,231,278,1316,1125,1023,799,417,278,120,5352,139,741,823,1066,1134,743,252,104,4995,797,2838
LGA22410,3,10,3,9,11,3,0,3,51,4,5,4,11,14,4,0,0,44,98,189,262,331,284,172,68,21,1427,45,84,67,96,103,71,34,9,507,21,51,68,91,61,53,10,4,368,6,15,20,27,42,9,7,0,133,5,13,25,34,42,43,14,3,177,16,33,40,71,62,44,13,0,275,9,11,27,23,23,30,3,0,135,16,6,6,6,8,11,0,3,55,13,31,33,23,32,18,7,3,162,4,5,0,0,3,0,0,0,11,0,9,9,9,13,12,3,0,52,145,86,108,152,176,165,105,39,987,391,557,675,884,882,644,273,87,4399,3,6,9,4,14,0,0,0,46,3,4,9,4,5,0,0,0,22,3,8,9,16,8,11,7,0,57,0,3,4,0,0,0,0,0,12,14,24,25,27,18,12,0,0,120,33,118,96,180,199,113,43,23,811,25,57,97,93,98,72,28,12,482,27,111
LGA22490,6,6,10,12,24,7,0,0,68,12,21,28,20,17,6,0,0,106,85,254,407,405,327,214,74,13,1789,74,174,187,132,96,45,12,4,737,8,48,65,74,65,52,10,0,328,10,17,35,32,59,19,8,0,180,3,31,56,43,57,62,8,0,264,12,57,122,114,80,47,8,0,445,17,40,51,55,46,38,5,0,252,17,23,11,12,13,6,4,0,77,12,23,51,33,21,17,6,0,152,0,0,0,3,0,0,0,0,3,3,7,11,19,27,14,0,0,89,132,67,114,142,104,103,53,11,734,397,762,1149,1103,941,639,198,35,5229,7,17,25,30,8,4,0,0,101,0,7,8,12,7,3,0,0,37,5,8,13,22,12,6,3,0,72,0,8,8,10,3,0,0,0,29,11,34,37,21,23,9,0,0,137,40,165,171,190,169,79,30,4,846,23,112,144,117,118,70,15,3,604,38,185
LGA22620,25,77,84,98,77,75,24,7,473,103,278,193,112,71,25,3,0,785,427,1166,1066,1256,1263,959,444,133,6699,361,809,566,551,484,339,161,39,3311,73,179,221,244,199,105,44,12,1074,96,267,256,266,266,119,42,14,1314,71,227,237,218,324,301,129,26,1530,172,549,608,518,443,271,76,21,2652,181,271,301,299,287,195,63,7,1611,76,138,113,59,79,53,24,6,551,106,261,185,172,121,73,35,13,972,10,3,9,4,4,15,5,0,53,10,45,87,71,70,38,27,8,358,650,557,496,608,643,616,457,248,4270,2360,4818,4427,4479,4331,3186,1526,543,25667,41,99,135,66,73,24,7,9,454,14,36,56,47,43,20,3,0,226,22,81,88,103,66,45,28,16,444,16,39,47,22,19,4,0,4,157,33,98,105,66,40,11,3,0,363,376,1081,917,928,1008,546,243,81,5189,160,647,676,636,680,481,170,69,3514,314,1018
LGA22670,120,228,198,139,102,68,23,8,883,238,1028,740,255,97,39,6,0,2403,552,1863,1603,1473,1351,989,519,130,8481,285,539,411,314,266,254,134,33,2238,23,88,75,66,50,36,13,5,353,104,367,193,154,80,47,21,11,977,19,142,142,129,129,112,53,18,740,677,2151,1219,653,377,242,92,23,5443,272,572,411,317,268,130,37,15,2017,124,261,146,71,48,29,11,0,688,196,709,290,189,101,67,24,6,1589,41,42,25,18,20,19,14,3,180,54,145,126,78,89,30,28,8,550,908,1179,856,766,640,590,449,177,5566,3612,9302,6431,4620,3629,2654,1421,428,32096,177,384,260,142,77,32,11,5,1083,62,429,248,107,31,8,0,0,879,55,283,177,137,135,89,70,19,960,28,70,35,22,10,5,4,0,174,18,48,44,28,19,6,0,0,158,335,1115,638,367,300,217,117,38,3131,136,472,451,352,328,235,105,42,2121,744,2623
LGA22750,152,249,323,245,289,211,79,16,1566,200,545,455,280,180,55,3,4,1727,848,2358,2405,2853,2886,2358,1129,392,15223,815,1982,1414,1115,968,675,368,121,7457,98,274,359,287,219,175,100,27,1530,160,625,561,522,485,230,81,35,2712,77,379,463,424,631,559,240,59,2836,433,1369,1462,1341,1164,719,233,68,6787,454,717,662,651,553,390,142,40,3597,236,403,328,182,171,101,33,7,1462,256,599,418,341,238,142,93,20,2102,21,15,8,15,17,13,18,10,109,44,138,192,166,147,77,40,24,830,1286,1428,1330,1302,1153,1145,878,474,9001,5090,11084,10388,9706,9096,6840,3424,1302,56928,186,370,420,259,165,70,23,6,1501,33,129,136,83,55,28,0,0,468,80,241,223,187,129,101,106,54,1123,86,212,151,105,56,17,6,5,640,80,140,163,122,68,21,12,11,609,711,2271,1938,1883,1833,1031,497,175,10343,289,1350,1408,1297,1570,1115,435,120,7578,769,2340
LGA22830,20,32,45,43,40,28,14,0,216,19,90,62,18,11,3,0,0,205,251,656,684,717,655,403,196,55,3623,177,296,223,273,212,144,64,16,1402,49,138,155,173,117,68,28,11,729,25,167,116,131,87,60,13,3,599,25,106,82,96,146,115,50,14,625,88,287,279,251,245,110,23,12,1300,84,148,145,126,103,69,19,7,702,27,46,25,24,19,26,4,3,171,79,143,105,81,70,65,17,5,560,6,3,3,7,6,7,3,3,46,4,30,36,42,22,15,10,0,169,443,501,454,495,440,419,270,100,3135,1308,2645,2414,2477,2172,1532,709,224,13489,28,53,65,47,22,10,0,0,224,6,31,18,11,12,6,0,0,76,13,30,53,30,36,26,16,3,210,13,16,20,10,8,0,0,0,63,22,75,68,42,25,10,7,0,246,171,536,427,449,434,192,110,42,2362,97,309,304,317,330,194,62,28,1629,175,556
LGA22910,0,6,11,17,23,26,5,3,92,4,7,16,13,12,4,0,0,62,39,91,119,194,215,198,94,18,961,41,69,63,77,73,56,25,5,405,7,35,60,59,67,29,15,8,272,4,8,21,38,48,24,11,0,153,0,15,34,38,60,49,22,5,216,12,32,66,78,86,58,19,4,346,4,20,41,62,77,61,16,4,287,16,11,35,43,36,34,7,0,186,9,38,42,35,34,32,4,0,192,0,0,0,0,4,3,0,0,6,0,6,8,13,18,21,8,0,71,103,65,74,121,152,137,93,37,778,237,403,595,782,908,734,313,82,4049,0,3,25,19,16,6,0,0,75,0,3,5,5,10,0,0,0,22,0,9,3,11,8,15,6,0,51,3,3,15,9,3,10,0,0,40,4,19,17,34,13,3,4,0,103,20,60,99,134,189,108,44,12,670,7,42,77,93,164,119,26,7,535,17,85
LGA22980,0,4,3,0,10,0,0,0,18,3,9,3,3,7,0,0,0,17,22,39,47,66,69,33,26,3,309,11,12,8,15,22,21,11,3,101,17,30,44,32,28,6,3,0,164,7,6,3,6,8,4,0,3,40,0,4,5,8,20,8,0,0,46,5,10,18,11,14,5,0,0,65,3,7,7,10,9,5,3,0,48,0,3,0,0,0,4,0,0,12,3,12,4,9,8,0,0,0,46,0,0,0,0,0,0,0,0,3,3,3,0,0,0,3,0,0,8,21,14,22,31,49,43,35,17,229,96,159,172,193,241,142,82,28,1118,0,6,3,3,0,0,0,0,12,0,0,0,3,3,3,0,0,8,0,0,4,5,3,3,0,0,20,0,0,0,0,0,0,0,0,3,6,13,10,9,0,0,0,0,34,14,43,34,57,66,29,18,3,265,8,15,19,25,29,15,8,3,133,12,28
LGA23110,39,110,162,138,138,81,20,11,695,88,443,414,215,91,9,3,0,1263,265,1041,1114,1289,1138,646,323,116,5926,183,541,411,395,273,144,88,29,2068,16,65,86,68,35,18,7,0,291,34,186,196,132,118,54,16,7,748,27,154,148,128,189,105,31,4,782,240,965,1132,797,446,185,49,25,3832,157,318,387,281,229,113,27,10,1521,98,273,220,116,87,35,15,3,849,64,232,148,114,63,36,25,10,691,12,4,8,7,3,12,10,0,55,22,52,84,65,55,27,7,3,309,360,486,482,434,396,307,287,143,2895,1594,4869,4995,4185,3253,1767,905,353,21927,63,201,226,147,69,23,7,0,732,27,161,168,75,29,14,0,0,469,15,139,160,90,53,37,44,24,571,23,80,82,66,21,4,3,4,286,9,50,52,43,19,4,0,0,176,154,708,610,544,337,183,59,23,2621,87,522,532,541,499,250,61,22,2513,286,1306
LGA23190,0,15,14,14,13,13,3,0,75,10,26,9,7,7,0,0,0,60,93,225,168,183,194,114,46,15,1043,70,107,66,97,86,58,19,6,518,38,73,94,99,84,53,15,9,475,9,36,28,45,45,19,7,0,183,7,33,23,36,51,40,22,3,222,17,82,92,83,79,35,14,6,407,32,44,36,35,47,17,10,0,216,3,4,20,7,4,3,4,0,47,18,54,46,36,18,7,6,0,194,3,0,3,3,0,0,3,0,8,3,10,10,8,14,10,0,0,53,97,99,75,100,92,93,84,43,686,395,805,693,754,735,474,231,93,4183,10,20,25,7,7,3,0,0,73,0,8,0,9,0,5,0,0,23,3,6,10,3,10,3,3,4,47,6,4,5,3,0,0,0,0,20,18,27,29,21,11,7,3,0,112,58,197,162,172,209,117,49,28,988,24,108,99,81,113,92,40,23,567,67,172
LGA23270,110,177,176,172,134,52,17,0,840,213,811,798,272,104,21,0,0,2221,770,2271,2301,2595,2045,1181,452,104,11726,631,1368,796,709,422,235,102,34,4297,43,152,131,113,80,40,17,5,580,99,295,258,222,170,61,29,7,1146,55,231,206,205,219,141,52,9,1117,599,1830,1491,995,695,265,67,25,5964,420,734,533,464,287,125,35,8,2609,179,284,180,101,61,34,14,3,860,145,593,349,268,126,87,36,9,1612,28,23,9,21,16,17,10,3,130,45,167,152,134,87,37,21,5,644,1218,1287,1082,1008,776,608,349,107,6436,4560,10228,8462,7271,5230,2906,1203,320,40177,185,400,297,182,92,22,9,0,1195,37,377,275,111,50,14,0,0,862,48,255,223,181,117,62,48,8,954,47,112,57,39,15,9,0,0,278,34,81,66,37,17,12,4,0,251,420,1336,964,743,603,240,109,27,4451,325,1093,1016,807,517,267,84,21,4126,753,2518
LGA23350,0,9,20,20,30,21,3,5,102,3,9,17,6,12,11,0,0,57,61,148,193,269,214,187,64,14,1150,37,55,71,96,105,53,33,3,451,16,26,59,71,45,34,15,6,266,5,7,26,38,67,21,9,0,180,3,13,42,38,67,56,14,6,237,8,26,72,75,103,45,20,0,345,13,20,29,39,56,50,3,0,211,8,14,8,16,20,16,3,3,75,7,25,48,32,36,25,8,3,180,5,0,0,0,0,0,0,0,9,0,3,9,6,12,12,3,3,52,85,113,124,141,131,109,88,34,829,246,473,710,850,893,649,259,78,4149,4,4,28,20,24,6,3,0,100,0,0,8,7,5,6,0,3,24,5,7,17,12,14,12,9,0,78,0,9,3,6,0,0,0,0,16,8,22,27,29,18,4,0,0,108,24,87,138,182,191,134,53,17,827,11,61,102,106,181,111,35,6,608,38,100
LGA23430,69,202,283,248,197,112,55,27,1189,140,703,851,452,185,62,7,0,2398,389,1492,1835,2147,1789,1302,747,232,9935,326,882,841,765,554,316,214,65,3962,57,176,208,152,93,46,17,11,762,85,372,312,278,152,99,30,13,1351,41,257,287,274,300,196,85,32,1466,391,1529,1851,1370,1024,525,195,68,6951,237,472,600,471,323,204,75,24,2402,194,355,341,195,134,59,26,3,1305,142,390,310,228,119,97,51,11,1343,17,15,7,11,8,12,9,7,80,31,118,142,123,101,54,30,15,614,504,654,685,651,567,519,508,319,4404,2624,7601,8558,7359,5537,3600,2055,829,38159,111,327,426,286,131,55,20,7,1368,22,248,282,161,63,19,0,0,804,47,193,218,190,134,93,82,43,1004,31,133,125,72,24,8,7,3,406,23,54,83,50,29,0,3,0,252,306,1361,1218,1063,814,439,238,87,5527,154,877,1015,1026,936,514,192,48,4757,502,2148
LGA23670,85,201,212,231,205,137,54,21,1146,178,730,878,470,227,80,13,0,2566,483,1716,2044,2559,2286,1550,812,220,11661,425,1067,812,811,681,404,247,41,4486,77,187,156,124,99,43,20,4,706,122,349,256,251,190,77,32,15,1293,39,194,204,202,274,220,98,24,1261,394,1436,1457,1258,1138,581,195,63,6514,274,461,427,395,326,199,84,24,2187,206,361,232,128,105,50,18,13,1116,119,312,260,264,158,86,48,8,1252,12,11,8,7,8,9,4,4,60,22,88,102,122,85,59,27,11,507,489,545,551,561,532,432,361,201,3673,2914,7635,7611,7374,6314,3919,2002,636,38408,131,352,359,272,151,59,21,8,1353,13,224,314,160,89,30,3,0,829,39,164,231,193,138,76,84,39,966,40,92,82,46,25,9,6,0,295,33,82,83,56,36,10,9,0,305,428,1389,1092,1000,876,494,217,57,5549,199,887,832,872,847,483,187,49,4364,599,2193
LGA23810,30,47,35,35,45,51,15,3,258,53,129,89,43,28,12,3,0,357,392,1038,963,1413,1355,965,396,118,6641,216,475,372,350,395,215,127,41,2192,36,111,87,99,55,27,17,6,443,35,126,99,109,130,51,23,3,588,21,84,77,89,147,98,35,7,555,112,260,273,243,202,143,54,16,1299,84,155,150,161,157,68,31,4,820,52,73,48,29,43,25,3,8,276,56,138,105,100,68,51,30,4,549,3,4,3,4,3,9,4,0,30,10,25,38,52,56,26,7,4,226,526,438,424,508,545,505,338,157,3436,1619,3105,2777,3236,3218,2257,1097,371,17676,43,77,48,44,33,12,0,0,264,8,22,29,11,13,5,0,0,97,18,36,59,64,36,33,20,14,286,14,27,24,23,0,6,3,4,91,19,52,51,31,14,13,0,3,189,217,566,375,399,484,307,125,31,2506,91,308,310,366,399,213,75,24,1794,262,697
LGA23940,0,3,4,5,5,3,0,0,19,0,0,0,5,0,0,0,0,4,15,35,54,91,130,64,35,10,426,7,20,18,22,33,26,7,3,135,15,48,63,88,77,29,5,0,320,0,4,4,3,9,5,0,0,30,0,3,8,4,14,13,3,3,49,3,11,19,18,24,13,3,0,91,3,6,3,15,12,16,0,0,59,0,0,3,5,4,4,0,0,14,0,6,4,7,4,7,0,0,40,0,0,0,0,0,0,0,0,3,0,0,4,3,3,10,4,0,26,54,32,59,81,96,96,57,21,489,106,175,242,342,403,282,131,34,1722,0,4,3,3,3,0,0,0,14,0,0,0,6,0,3,0,0,8,0,0,5,10,0,0,3,0,21,0,0,3,3,0,0,0,0,8,4,24,20,16,10,0,3,0,75,11,29,41,58,62,35,15,7,253,5,20,23,43,43,33,18,6,195,10,32
LGA24130,10,26,74,67,92,64,12,0,342,16,41,86,71,38,20,0,0,277,157,410,646,771,748,584,219,59,3584,134,311,296,295,193,123,51,11,1413,26,66,117,110,83,50,25,12,488,18,50,63,100,67,53,17,3,370,11,40,117,97,167,141,38,5,617,48,140,341,375,284,197,52,13,1447,48,85,133,177,167,112,47,3,758,42,63,94,65,44,38,8,0,353,38,50,94,81,63,37,10,5,379,3,3,0,0,3,0,3,0,19,9,20,48,56,33,15,9,0,191,269,138,230,302,272,256,150,46,1667,823,1447,2328,2569,2251,1684,645,158,11909,11,44,116,79,49,31,3,4,336,0,5,26,33,18,3,0,0,92,3,28,74,53,30,20,9,3,225,3,30,37,32,18,8,0,3,137,32,35,83,46,28,18,5,0,248,88,261,413,449,362,246,84,30,1936,48,212,358,374,413,275,78,21,1772,87,311
LGA24210,126,134,181,273,294,207,120,24,1360,128,505,692,514,249,82,12,0,2179,232,854,1074,1513,1289,1252,816,260,7291,198,464,422,561,341,276,259,63,2577,33,62,67,58,56,44,24,15,356,79,337,349,277,250,165,102,33,1605,21,104,116,164,211,184,124,30,967,438,1445,1361,1369,1136,747,336,93,6925,167,338,335,418,366,252,111,31,2020,133,240,164,121,106,58,24,9,862,77,204,169,177,126,62,51,4,876,13,10,0,14,13,16,14,3,85,26,54,68,106,62,37,34,6,395,321,343,332,382,340,339,392,226,2669,2002,5090,5328,5953,4835,3729,2425,798,30162,126,216,279,307,195,95,39,5,1267,21,183,328,204,98,27,9,0,872,30,151,226,193,128,80,91,36,944,34,107,78,69,28,15,5,0,336,16,44,40,41,26,9,5,0,180,278,878,793,864,783,536,271,75,4484,88,404,519,783,804,671,298,64,3626,459,1726
LGA24250,0,0,0,4,7,14,0,0,33,0,5,10,6,9,6,0,0,33,11,56,85,124,148,149,45,18,639,31,60,65,59,73,52,29,3,376,22,28,31,30,21,18,4,4,163,3,3,12,14,16,16,3,3,84,3,15,21,13,27,22,7,0,95,9,16,32,33,43,44,6,3,181,7,13,8,13,33,23,6,0,109,3,7,3,9,3,0,4,0,35,6,17,22,24,17,13,6,0,106,0,0,0,0,0,0,0,0,4,0,0,3,7,13,4,3,0,28,56,41,48,62,82,74,39,12,403,152,261,345,399,482,434,155,47,2281,3,3,13,0,10,4,0,0,35,3,0,3,5,3,3,0,0,16,0,3,0,8,5,3,4,0,27,0,3,4,3,3,0,0,0,9,11,16,17,12,7,3,0,0,67,11,40,65,65,76,71,33,0,355,8,50,47,48,79,67,15,3,313,15,46
LGA24330,78,248,242,125,69,40,9,0,807,177,862,567,194,90,9,0,0,1897,327,1132,819,658,537,266,126,56,3929,87,422,362,195,143,61,38,14,1322,20,66,82,41,37,13,0,0,263,67,418,234,150,81,37,13,3,995,28,198,170,143,148,58,13,3,765,421,1735,1238,534,277,78,12,10,4294,177,613,531,321,200,87,11,3,1950,207,574,373,206,72,20,0,0,1458,92,408,243,125,57,21,10,0,956,20,6,11,0,11,7,0,3,61,35,119,100,70,41,13,3,5,383,521,851,617,443,328,236,185,110,3284,2256,7646,5588,3203,2081,948,422,211,22360,96,313,252,100,50,14,3,0,837,31,237,159,92,27,0,0,0,548,52,209,129,68,40,26,21,16,568,16,141,99,37,24,3,0,0,330,14,71,40,29,7,0,0,0,176,167,1057,535,330,211,80,24,17,2416,78,526,480,376,298,102,35,13,1910,515,1931
LGA24410,51,126,167,153,149,107,54,9,822,84,478,569,288,128,44,11,0,1596,292,1190,1363,1479,1245,967,544,169,7242,326,818,662,672,461,275,194,57,3467,53,134,176,113,73,42,16,6,618,79,211,208,184,145,64,33,13,933,17,231,226,214,246,183,92,22,1238,245,994,1124,875,720,442,174,46,4625,157,431,383,378,317,216,74,17,1985,161,293,227,118,79,62,26,9,982,66,246,232,143,90,53,22,17,869,11,6,9,8,3,4,3,0,54,13,72,82,78,66,50,21,10,390,357,385,410,432,348,269,245,158,2607,1918,5614,5841,5140,4084,2780,1511,541,27429,76,234,244,155,97,53,14,3,873,15,151,139,78,56,19,0,0,450,29,148,152,100,61,64,37,15,604,35,79,88,39,17,13,5,0,275,36,82,79,52,20,8,5,3,291,272,1037,910,896,750,405,234,66,4572,139,769,704,761,725,544,220,58,3924,330,1479
LGA24600,591,804,310,173,159,115,54,13,2223,450,2292,908,227,114,27,3,0,4028,1169,2910,899,482,398,285,132,41,6320,254,795,272,182,146,95,39,16,1789,82,123,62,40,18,24,12,0,366,133,897,376,189,209,127,62,26,2021,61,271,150,105,133,120,39,13,886,1805,4197,1516,834,557,343,93,29,9362,540,1634,676,452,412,329,117,36,4194,479,1258,429,191,111,54,10,8,2540,296,803,258,98,41,20,6,0,1515,180,37,7,8,11,8,0,3,249,122,222,99,78,60,28,9,8,622,2008,2799,1287,742,572,443,190,125,8153,8177,19035,7234,3804,2940,2005,766,307,44272,734,957,314,143,92,54,24,13,2338,222,865,297,114,38,10,0,3,1553,482,1016,216,89,39,28,10,14,1894,349,591,151,74,41,24,3,0,1230,109,137,41,29,12,6,0,0,333,371,1981,623,350,399,233,116,41,4115,187,706,350,272,416,279,111,46,2374,2841,5295
LGA24650,58,105,144,101,62,37,9,0,517,121,540,718,179,71,13,0,0,1647,465,1564,2065,1753,1384,822,237,42,8335,461,1019,778,480,272,154,62,12,3249,29,111,79,79,44,28,10,0,380,70,216,223,166,107,56,14,3,853,28,181,182,128,143,73,17,3,750,349,1174,1437,704,412,175,33,9,4287,223,408,421,284,186,79,32,6,1645,120,214,155,63,27,19,12,0,611,130,341,274,174,89,55,19,6,1091,14,17,8,6,9,12,10,0,78,18,91,137,95,62,26,12,3,439,819,1101,1024,767,565,402,184,39,4903,2898,7088,7653,4982,3438,1947,649,129,28787,91,251,258,127,44,14,0,0,787,20,209,269,69,26,7,3,0,602,37,149,220,130,89,48,18,18,715,32,73,81,32,8,0,0,0,228,26,53,73,27,8,0,0,0,194,276,944,895,599,366,152,38,14,3274,173,849,857,519,297,136,32,5,2872,565,1953
LGA24780,3,38,31,40,46,10,4,0,167,28,50,38,14,11,6,6,0,152,227,562,459,499,504,385,159,37,2839,80,261,188,217,203,130,54,16,1151,45,140,204,205,138,56,25,5,828,17,74,85,84,97,47,11,3,413,18,66,94,103,117,80,28,5,517,93,206,234,208,189,77,26,5,1037,70,131,118,106,85,41,20,3,578,34,52,36,19,17,16,0,0,182,58,114,89,101,81,39,20,3,505,10,11,5,11,3,7,3,0,47,15,18,23,23,24,13,5,7,128,413,397,324,398,422,405,269,117,2742,1102,2115,1931,2033,1942,1311,635,210,11274,6,32,46,31,18,0,4,0,144,5,6,7,5,6,0,0,0,39,13,24,20,29,16,18,11,3,132,10,17,10,6,0,4,0,0,54,17,50,60,40,30,3,4,0,205,114,389,276,352,358,206,90,29,1812,77,269,290,303,238,161,53,14,1405,206,460
LGA24850,14,15,17,31,23,21,8,0,130,13,53,58,35,18,5,0,0,189,160,538,574,702,591,356,115,39,3071,153,326,222,200,153,97,49,8,1203,27,83,68,59,47,34,8,3,326,14,47,41,39,46,29,12,3,236,3,54,62,61,72,51,25,0,322,66,170,194,216,156,75,15,9,901,75,83,85,89,72,51,27,0,481,27,37,28,13,22,13,3,0,139,35,75,68,68,40,28,12,4,323,5,3,3,4,3,3,3,0,21,6,54,39,33,28,20,3,0,185,327,282,261,321,313,219,134,62,1927,929,1811,1717,1877,1576,1004,420,125,9461,19,41,44,40,31,13,0,0,184,9,15,18,22,9,4,0,0,70,6,23,42,35,18,16,12,3,155,7,13,14,13,0,5,0,0,59,25,43,39,42,18,6,3,0,180,97,288,232,285,211,124,65,15,1311,50,193,187,201,170,97,38,10,946,114,412
LGA24900,3,10,20,13,22,12,3,0,85,3,17,16,3,10,0,0,0,50,129,257,291,356,345,287,144,47,1844,75,118,99,115,137,108,72,11,741,28,125,117,153,118,45,24,7,631,13,32,28,30,32,14,6,0,144,5,25,32,23,50,56,21,4,224,27,75,89,83,91,59,23,9,444,20,24,25,38,37,33,6,0,187,4,8,14,5,17,7,3,4,54,31,52,57,57,46,25,15,3,288,0,0,0,8,0,4,3,0,18,3,9,17,10,9,15,7,3,78,207,139,150,195,259,278,226,89,1544,555,883,949,1095,1172,947,552,185,6339,7,9,35,16,13,3,0,0,90,0,5,5,8,9,3,0,0,34,6,7,20,16,16,11,12,7,92,0,3,6,4,0,0,0,0,21,13,52,48,39,25,9,3,0,187,73,179,155,185,200,178,75,26,1072,29,115,109,143,146,130,40,12,713,59,188
LGA24970,258,464,390,471,372,287,136,55,2431,361,1508,1640,755,367,97,8,0,4739,698,2128,1890,2323,1865,1483,1000,349,11735,245,594,507,537,392,292,253,82,2910,31,130,111,109,74,59,25,10,549,164,630,426,363,254,165,77,19,2109,56,223,191,260,316,220,148,36,1441,1191,3039,2292,1848,1245,733,399,118,10862,324,699,575,573,476,289,143,34,3123,278,480,284,178,133,77,41,14,1493,164,530,274,245,127,75,57,12,1480,71,11,8,14,9,15,9,4,144,65,126,122,122,79,59,45,22,645,821,840,698,626,513,460,519,357,4830,4734,11403,9412,8408,6226,4324,2864,1115,48491,315,577,604,515,296,132,50,13,2502,83,522,636,376,181,38,3,0,1843,130,496,390,365,208,136,128,45,1898,62,148,134,92,41,10,11,3,502,46,70,68,57,39,22,8,0,314,427,1537,1145,1028,870,579,371,90,6047,252,758,835,1068,948,729,399,105,5090,1334,3735
LGA25060,133,267,214,248,195,114,24,7,1223,92,612,531,287,119,21,0,0,1666,339,1247,1229,1322,1079,842,473,168,6704,219,723,579,525,279,178,128,36,2662,32,90,91,93,70,22,16,3,413,79,410,319,284,227,112,35,5,1473,34,209,167,208,318,193,67,19,1214,374,1555,1538,1264,852,324,93,30,6033,212,579,442,425,375,177,47,21,2279,187,491,273,128,73,41,10,0,1215,80,247,192,154,100,75,31,15,893,11,6,10,10,8,14,11,3,79,39,129,106,93,56,48,16,7,501,470,754,609,552,435,432,359,185,3791,2314,7316,6313,5594,4182,2592,1322,507,30139,163,364,337,230,115,47,4,8,1264,22,221,182,110,49,14,0,0,600,47,227,165,109,39,53,59,26,716,43,165,91,69,40,5,3,0,409,28,67,62,40,15,5,3,0,219,275,1231,823,750,598,271,132,42,4115,121,751,669,906,918,394,135,33,3937,483,1959
LGA25150,0,22,26,37,22,31,7,0,143,22,46,62,33,23,7,0,0,196,131,339,432,564,502,326,97,19,2397,126,272,188,157,128,80,37,9,995,19,70,71,83,43,33,11,6,337,10,29,28,50,45,18,10,0,190,5,41,54,52,86,65,15,3,319,34,120,162,182,143,84,15,3,750,43,59,77,68,69,46,14,3,378,22,41,24,29,26,21,0,0,167,18,44,45,42,29,20,0,0,200,0,0,0,3,4,3,3,0,13,4,17,31,29,17,11,3,3,113,162,121,152,208,186,194,90,46,1152,603,1213,1351,1523,1326,942,311,94,7361,11,31,63,27,15,11,0,0,154,0,18,24,24,9,0,0,0,77,14,28,27,36,10,19,8,3,139,7,16,17,9,7,0,0,0,52,19,55,48,24,20,4,0,0,169,53,184,215,244,181,133,39,14,1067,46,187,221,198,186,112,35,14,988,77,302
LGA25250,195,570,468,298,204,84,18,9,1848,223,1288,1005,356,125,29,0,0,3021,519,2201,1694,1431,1057,623,438,234,8187,334,1109,738,532,321,184,134,46,3407,45,201,167,119,70,31,8,0,646,111,613,426,271,160,72,16,11,1678,54,412,334,296,293,161,53,23,1624,548,2738,1837,1033,536,168,70,27,6954,312,1320,1023,689,457,200,56,21,4080,361,1434,793,363,134,63,19,9,3179,161,688,334,220,85,46,38,13,1584,25,22,16,14,6,11,14,7,118,77,228,228,121,71,40,14,17,794,749,1414,1020,690,525,435,428,258,5518,3717,14242,10089,6419,4049,2137,1311,673,42632,278,746,543,300,129,32,7,0,2037,45,344,269,98,51,11,3,3,822,70,411,252,94,75,54,80,41,1067,69,352,208,79,26,11,0,0,741,45,171,120,60,28,7,3,0,443,394,1934,1236,724,491,194,81,43,5103,179,1198,981,908,834,297,114,27,4540,650,2805
LGA25340,38,81,120,146,159,211,106,37,891,68,134,210,195,114,75,9,0,803,489,1104,1534,2001,1978,1970,1214,389,10684,495,1199,1105,1129,994,697,430,111,6157,112,252,330,308,184,97,43,17,1344,44,189,270,376,347,239,146,50,1662,30,154,286,293,478,463,186,44,1924,184,443,907,1031,930,969,442,115,5016,195,273,331,420,424,434,159,55,2299,128,161,190,178,138,115,71,18,1007,112,268,290,337,223,147,69,19,1462,12,9,3,10,10,14,20,13,78,19,50,70,99,86,75,37,18,455,656,488,609,782,775,878,768,372,5335,2586,4808,6256,7299,6841,6369,3707,1253,39122,40,105,196,135,122,88,24,13,716,3,21,54,65,57,38,4,0,236,25,62,103,101,73,74,79,48,572,18,62,92,86,38,32,11,3,345,56,102,173,112,77,33,10,4,568,260,954,1151,1387,1282,935,522,151,6637,155,699,939,1012,1241,1057,424,77,5605,330,1026
LGA25430,3,8,27,30,26,40,19,0,159,3,14,14,24,16,15,0,0,98,49,121,139,207,258,237,116,37,1166,26,59,58,92,109,60,38,6,450,3,20,49,53,51,26,12,5,229,4,15,29,43,71,30,19,6,217,8,10,52,54,86,109,40,7,363,24,34,56,59,82,63,19,9,346,12,28,66,86,101,95,29,8,425,11,22,68,65,58,35,3,4,256,11,18,15,31,32,13,3,3,134,0,3,0,0,0,0,0,0,12,3,3,10,13,12,13,13,0,74,157,318,273,246,219,163,96,48,1521,306,688,855,1006,1140,898,405,139,5436,3,13,32,32,23,14,4,3,113,3,4,4,6,12,0,0,0,35,6,14,20,7,16,8,3,0,71,0,6,17,27,9,8,0,0,64,5,16,36,32,23,14,4,0,130,22,76,120,206,217,134,58,15,852,10,50,111,121,205,187,68,10,761,33,65
LGA25490,3,3,17,15,13,12,5,0,78,0,3,12,4,0,0,0,0,27,52,127,165,182,157,100,41,15,836,34,125,98,64,73,40,21,6,460,61,86,135,113,102,48,14,0,561,0,13,27,21,34,17,4,3,118,5,20,28,32,45,21,7,0,156,9,42,58,57,55,39,14,0,285,10,21,27,42,43,28,13,0,183,6,12,15,8,14,6,0,0,61,20,33,32,37,25,6,3,0,161,0,0,0,4,0,4,0,0,11,0,3,15,7,16,3,3,0,52,111,75,97,125,125,123,70,38,769,321,569,725,708,707,462,192,73,3752,3,17,15,26,11,3,0,0,75,0,5,0,9,0,0,0,0,17,0,7,16,12,9,6,3,0,58,0,5,6,3,5,0,0,0,20,36,32,52,40,20,3,4,0,188,32,100,137,160,180,105,28,15,757,19,69,105,104,119,91,20,6,532,24,110
LGA25620,0,7,8,12,17,30,4,0,73,3,10,8,11,7,4,0,0,48,30,101,139,222,268,242,75,17,1093,30,72,94,94,86,69,36,9,498,20,37,58,52,42,26,13,3,255,4,12,14,21,27,20,9,0,107,7,26,21,17,55,43,10,0,175,3,26,33,56,52,61,12,6,250,11,18,21,35,37,33,9,0,158,9,11,11,12,11,17,0,0,63,7,23,24,23,35,11,3,3,139,0,0,0,0,3,3,3,0,8,4,7,11,13,11,7,0,3,57,84,55,92,104,152,152,60,25,716,206,398,538,684,796,710,245,69,3649,3,6,14,23,12,10,0,0,72,0,0,4,3,9,3,0,0,17,0,11,11,16,13,9,11,0,54,0,7,10,3,3,0,0,0,26,14,20,33,29,18,4,0,0,123,21,60,92,97,129,82,29,10,527,15,67,65,69,106,87,32,7,436,21,72
LGA25710,31,71,135,167,172,116,41,5,733,40,94,198,145,103,36,0,0,616,182,475,727,1085,1038,691,238,53,4482,247,451,435,542,371,169,72,17,2298,39,85,103,91,65,22,16,4,419,33,99,135,145,152,66,32,6,670,23,80,133,133,213,151,51,5,795,134,325,555,692,627,310,53,8,2707,80,166,232,254,216,148,38,6,1148,116,131,120,112,57,55,14,3,603,39,57,69,106,45,21,9,0,350,0,3,0,3,3,4,0,0,13,8,26,43,63,43,28,5,0,213,236,158,202,279,211,182,102,38,1414,1212,2224,3090,3812,3314,1988,665,155,16453,49,79,169,148,96,38,11,0,591,3,24,68,56,26,9,0,0,180,3,33,66,53,33,28,16,8,239,15,40,47,44,16,5,0,0,169,26,42,65,50,32,7,7,3,226,172,416,572,706,518,234,83,23,2716,90,299,478,568,668,375,81,18,2574,167,426
LGA25810,0,10,10,3,7,14,0,0,47,0,9,5,3,5,0,0,0,29,48,82,98,128,128,152,59,9,696,26,42,28,48,59,42,19,5,268,14,45,49,56,63,44,7,4,276,0,14,9,12,26,7,4,6,80,0,9,11,12,33,34,4,3,109,17,28,19,26,34,20,3,4,146,13,23,26,38,29,19,4,0,155,0,7,5,3,8,3,3,0,35,11,30,20,11,19,15,7,0,105,4,0,0,0,0,3,3,0,15,0,4,6,4,3,8,5,0,34,70,57,44,79,90,85,67,28,512,202,346,331,433,492,445,190,61,2493,0,7,9,4,5,0,0,0,25,0,0,0,3,0,3,0,0,16,0,0,6,7,9,3,9,0,32,0,0,0,3,0,0,0,0,8,11,20,16,13,4,3,0,0,71,13,74,53,78,107,62,18,5,406,12,31,45,46,77,41,25,8,296,22,47
LGA25900,76,285,245,193,165,127,27,22,1140,78,760,644,273,136,36,8,4,1942,171,1344,889,660,611,479,217,85,4452,114,898,436,356,218,125,57,15,2223,26,121,92,66,45,22,14,3,390,69,463,398,280,218,131,62,23,1635,18,253,188,154,200,119,44,12,987,307,2503,1893,1238,690,419,103,35,7185,178,964,834,580,573,367,104,24,3625,218,888,516,325,210,92,27,3,2273,117,420,242,157,82,33,8,6,1066,17,9,11,3,10,3,4,3,48,30,129,128,105,58,35,12,5,514,489,1527,1005,799,623,456,245,100,5242,1906,10575,7517,5190,3833,2456,928,324,32730,96,408,329,142,103,63,17,9,1161,14,217,209,106,61,17,0,0,626,30,296,186,109,41,41,42,21,777,54,294,166,143,53,22,4,0,741,15,89,61,33,20,3,0,0,223,186,1452,770,566,507,292,137,48,3952,78,760,473,459,555,417,115,35,2888,487,3042
LGA25990,0,3,7,0,12,3,3,0,30,0,3,3,3,8,0,0,0,18,19,35,67,87,108,77,19,9,420,5,22,29,12,37,33,11,0,158,10,25,41,46,46,31,3,0,200,0,5,4,8,14,10,5,0,40,0,6,3,7,19,30,0,0,62,3,8,21,18,19,16,9,0,88,0,7,5,12,21,6,5,0,59,3,9,3,8,5,4,0,0,32,4,8,12,4,9,11,3,0,45,0,0,0,0,0,5,0,0,5,0,0,3,4,3,4,0,0,15,37,82,111,153,141,135,61,16,745,92,211,301,380,424,366,122,32,1926,0,5,3,8,0,3,0,0,22,0,0,0,3,5,0,0,0,12,0,9,8,6,6,0,6,0,29,3,0,0,0,0,0,0,0,8,8,22,13,11,5,5,0,0,62,12,37,40,52,67,45,7,6,272,7,15,30,23,52,43,12,3,180,7,31
LGA26080,0,0,3,5,11,13,6,0,32,0,3,4,4,5,0,0,0,11,8,3,11,17,25,52,14,9,140,3,7,14,19,32,7,11,3,90,0,3,3,3,10,5,3,0,32,0,8,3,8,8,14,11,8,50,0,3,7,6,13,30,13,0,74,0,3,12,18,35,38,18,3,125,0,0,3,8,23,22,15,0,77,0,4,4,4,10,7,5,0,31,0,3,4,3,4,0,0,0,16,3,0,0,0,0,0,0,0,4,0,0,3,3,3,3,3,0,10,10,8,9,21,25,23,27,8,127,28,51,80,106,193,226,117,37,831,0,3,3,3,6,0,0,0,22,0,0,0,0,0,0,0,0,3,0,0,0,0,0,5,0,0,9,0,3,3,0,4,0,0,0,9,0,0,0,0,0,4,3,0,12,0,13,21,31,32,43,37,10,188,6,7,11,24,57,54,28,6,194,0,7
LGA26170,6,8,21,23,23,36,12,4,131,7,18,20,23,16,5,3,0,94,77,251,308,439,416,337,133,40,2001,69,164,135,154,144,103,51,13,838,52,104,139,141,85,42,23,7,591,3,19,31,37,54,33,14,3,207,0,17,37,49,90,85,26,4,314,20,48,86,104,113,99,27,5,514,18,32,41,54,76,56,17,4,303,5,22,15,17,30,15,5,0,116,25,38,52,51,36,25,6,4,237,0,3,0,3,0,7,4,0,23,3,8,25,16,27,21,9,4,107,175,127,134,222,219,248,146,46,1322,474,864,1051,1335,1332,1118,478,133,6786,7,20,31,16,28,10,0,0,127,0,7,5,13,10,5,0,0,38,4,19,20,15,20,15,7,9,105,0,9,12,15,9,3,0,0,55,20,45,66,46,36,17,3,0,222,44,166,174,210,271,182,73,16,1134,23,120,160,139,237,164,61,15,918,53,183
LGA26260,3,8,12,17,14,11,7,0,62,4,20,12,6,10,7,0,0,52,80,118,112,157,169,132,47,23,840,43,78,70,71,62,57,24,12,409,50,79,114,134,123,76,23,7,607,6,26,21,38,32,25,6,3,147,9,19,21,36,48,42,14,0,188,19,41,59,60,52,28,8,4,271,18,12,18,24,49,27,5,6,168,4,4,4,5,6,6,0,3,43,21,36,26,12,18,10,6,0,135,3,3,0,0,0,0,0,0,8,0,5,11,14,10,8,3,0,54,77,55,65,94,109,104,80,40,628,338,505,551,657,709,522,222,93,3603,0,9,13,13,5,8,3,0,53,0,0,0,0,0,0,0,0,8,3,7,9,15,7,0,3,0,47,0,0,0,3,3,3,0,0,11,19,39,49,32,22,4,3,3,175,40,143,97,159,204,110,47,19,820,18,64,87,103,123,73,28,19,512,33,101
LGA26350,110,346,220,181,183,185,53,25,1305,162,895,535,253,128,44,0,0,2015,248,1249,613,559,443,452,278,133,3976,142,667,342,249,206,166,83,35,1888,23,105,43,48,46,20,21,4,322,85,567,394,338,358,311,166,59,2287,25,214,92,126,149,103,50,23,782,594,2802,1897,1485,915,639,267,90,8683,204,983,634,639,575,459,210,39,3741,265,806,357,169,122,66,29,13,1830,113,349,175,121,68,34,19,3,882,7,12,3,9,3,5,0,0,44,46,113,88,86,53,37,16,10,457,503,1147,617,485,376,342,269,118,3851,2532,10246,6015,4750,3638,2863,1471,554,32066,137,403,234,178,134,86,34,14,1225,53,269,174,92,64,28,0,0,674,46,271,140,71,62,40,66,25,732,70,317,140,105,67,34,18,3,756,22,60,38,36,27,11,3,3,210,263,1491,735,710,687,482,318,118,4810,86,661,376,508,637,541,240,81,3138,905,3127
LGA26430,0,3,8,4,14,14,9,0,53,0,4,10,10,5,3,0,0,32,32,94,80,101,145,147,60,19,684,14,48,39,38,59,56,19,9,280,8,32,46,51,50,41,23,3,256,8,13,15,8,15,9,7,0,72,3,5,10,19,30,25,8,3,100,3,20,23,38,48,43,7,11,185,0,11,9,31,27,30,8,0,124,3,5,9,3,6,0,4,0,31,4,12,25,17,17,3,4,0,74,0,0,0,3,0,0,0,0,10,3,10,7,4,5,6,4,0,43,67,40,40,64,106,89,76,32,516,143,291,320,395,543,459,235,78,2458,0,6,10,3,13,0,0,0,40,0,0,0,0,4,0,0,0,3,0,5,3,3,13,9,0,4,38,0,0,0,3,3,0,0,0,11,9,30,30,22,16,0,5,0,116,14,57,55,82,100,64,35,8,406,9,30,60,33,92,83,29,6,339,16,55
LGA26490,5,34,46,65,49,55,20,6,270,8,22,58,42,16,9,0,0,154,52,196,307,370,370,304,129,37,1758,64,250,301,270,195,93,44,13,1236,17,58,84,99,66,45,31,0,405,15,78,96,87,80,44,14,7,415,10,72,82,75,148,132,39,7,575,17,122,261,228,215,165,55,15,1077,43,63,94,101,107,92,33,5,540,27,58,80,44,37,16,10,0,269,15,50,55,59,18,26,4,0,238,3,0,0,0,4,4,0,0,14,7,12,31,27,21,9,3,0,108,129,94,148,137,161,139,77,36,921,419,1106,1646,1600,1498,1137,453,124,7981,17,45,56,39,31,17,3,3,216,0,4,10,14,9,9,0,0,52,3,12,34,14,24,11,10,7,112,0,23,26,26,13,10,0,0,92,5,33,47,25,19,9,0,0,137,50,281,329,283,282,170,69,29,1495,14,181,218,245,349,241,66,19,1330,42,232
LGA26610,0,4,7,5,3,3,0,0,29,3,20,14,3,0,8,0,0,50,104,203,155,202,197,131,39,10,1031,47,92,44,62,84,34,15,3,392,41,97,107,92,73,34,10,4,472,12,29,26,21,25,15,0,0,122,7,32,29,37,37,27,11,0,174,18,80,70,53,50,22,5,0,303,14,35,34,39,30,11,4,0,165,10,5,9,3,7,3,0,0,36,17,31,26,30,28,13,6,4,158,3,0,0,3,3,0,3,0,11,3,9,6,7,12,7,7,3,59,216,201,179,226,211,184,122,50,1390,488,845,711,780,761,493,236,88,4401,3,9,8,4,5,6,0,0,42,0,4,4,3,6,0,0,0,18,3,10,8,5,8,3,3,6,44,3,4,0,4,0,0,0,0,15,12,23,22,21,11,12,3,0,105,26,129,114,119,142,80,42,6,666,29,122,96,88,96,77,28,23,552,72,156
LGA26670,0,0,0,9,4,3,0,0,17,4,0,3,0,4,5,0,0,23,14,56,69,97,107,98,28,10,474,10,16,18,32,41,24,19,0,160,10,25,29,43,37,20,11,3,171,5,6,6,9,8,3,4,0,46,3,0,3,13,24,18,4,0,75,9,11,18,22,29,15,4,4,102,10,3,8,8,13,15,3,0,53,0,3,7,3,6,4,0,0,20,3,3,10,15,15,15,0,0,65,0,0,0,0,0,0,0,0,0,0,3,5,5,3,4,5,0,19,45,18,41,40,49,49,33,13,289,111,161,216,294,335,264,111,29,1517,0,0,3,0,8,0,6,0,17,0,0,0,3,0,0,0,0,3,0,0,3,0,4,5,0,0,16,0,0,3,0,0,0,0,0,4,3,13,18,8,7,0,0,0,52,4,30,41,71,71,58,19,4,286,9,24,28,26,36,37,16,3,183,12,41
LGA26700,8,17,33,28,37,17,8,5,156,13,23,20,14,14,5,0,0,98,104,241,275,350,337,257,115,33,1716,84,151,151,146,161,111,41,19,860,21,64,109,105,81,40,19,3,440,14,70,60,63,82,37,12,7,339,12,37,54,74,93,82,35,9,399,28,81,120,116,109,63,32,8,556,34,48,62,68,72,48,16,4,347,17,16,13,11,24,11,3,0,99,30,64,61,62,40,29,10,0,293,3,3,0,3,0,3,7,0,16,3,7,24,12,14,13,3,0,78,158,99,153,158,181,186,156,101,1191,540,919,1141,1212,1256,895,453,189,6590,14,18,29,24,19,8,0,6,125,0,6,5,7,3,3,0,0,23,5,8,19,20,21,13,10,3,101,0,13,13,10,4,3,0,0,38,18,31,48,24,26,7,6,0,155,85,247,243,274,302,158,75,29,1402,36,136,146,151,191,169,73,14,910,65,188
LGA26730,13,29,32,19,28,18,8,0,155,10,30,34,23,14,3,0,0,115,119,317,316,302,263,220,116,37,1697,122,272,189,163,153,88,40,12,1040,28,73,77,69,42,25,14,3,325,17,66,80,86,108,38,14,7,419,23,69,80,88,108,80,32,13,483,53,156,172,197,145,85,22,3,827,54,93,82,60,86,51,17,4,444,27,31,45,24,19,19,5,0,171,36,74,84,63,42,36,7,3,350,5,5,3,7,4,0,3,0,25,5,18,29,24,16,12,3,3,109,210,150,143,204,195,187,138,76,1301,721,1386,1368,1334,1222,865,418,166,7468,16,29,51,30,18,6,3,0,154,0,5,5,6,13,5,0,0,37,4,20,24,24,9,12,9,3,106,3,3,16,9,0,0,0,0,34,19,32,31,15,14,6,3,0,122,101,338,268,310,302,156,86,25,1583,40,196,198,210,208,148,54,26,1069,108,287
LGA26810,19,24,23,19,27,28,7,0,144,6,38,49,10,15,5,3,0,132,224,505,540,685,693,502,214,62,3423,95,275,200,200,235,157,69,17,1254,41,124,135,129,111,55,27,4,640,21,60,59,65,77,38,17,3,330,8,61,63,73,100,85,23,6,417,37,114,162,120,147,75,26,6,677,42,72,84,82,98,49,21,3,441,24,29,18,9,19,27,3,3,126,36,91,84,75,67,41,9,6,408,0,3,0,3,3,8,4,0,19,6,24,23,26,27,24,10,0,140,386,505,484,374,381,315,221,74,2741,956,1910,1908,1874,1997,1400,661,189,10893,9,28,26,25,26,13,0,0,128,4,7,9,10,12,5,0,0,57,17,27,23,24,22,16,12,9,144,0,12,6,4,4,3,0,0,34,34,72,74,60,30,13,3,0,282,71,327,264,284,393,223,94,24,1680,47,210,222,235,293,185,61,22,1273,81,319
LGA26890,0,3,0,4,0,0,0,0,11,0,0,0,0,0,0,0,0,5,21,27,23,27,33,20,9,0,160,8,12,10,3,13,12,8,0,64,20,40,32,37,44,25,10,3,200,0,3,0,4,9,0,0,0,14,0,3,7,3,5,6,3,0,34,3,12,15,7,20,10,0,0,63,0,3,0,0,3,8,0,0,15,0,3,0,0,0,0,0,0,6,0,4,7,7,3,0,0,0,21,0,0,0,0,0,0,0,0,0,0,0,3,3,3,0,0,0,12,20,10,15,20,26,27,25,5,137,68,115,105,126,158,106,53,13,748,0,6,4,0,0,0,0,0,12,0,0,0,3,0,0,0,0,4,0,0,0,5,0,0,0,0,8,0,0,0,0,0,0,0,0,0,7,15,7,11,3,3,0,0,52,10,26,13,34,49,25,3,3,169,5,27,18,32,25,20,17,4,143,8,29
LGA26980,166,258,313,398,285,266,102,43,1823,306,1273,1354,635,318,94,10,7,3993,407,1466,1508,1765,1517,1229,859,350,9103,216,514,566,611,433,279,256,70,2948,50,99,124,146,78,55,35,9,591,138,519,408,341,261,139,74,37,1922,38,209,218,302,335,255,163,45,1562,900,2617,2163,1876,1172,732,364,124,9952,276,594,643,640,560,372,160,55,3306,293,507,354,217,148,76,37,22,1649,138,389,242,208,115,73,43,6,1213,38,20,9,10,9,9,13,3,100,52,111,128,93,88,62,32,22,589,599,615,480,509,429,384,401,267,3681,3593,9188,8508,7744,5757,4033,2551,1071,42431,169,385,496,394,199,110,53,25,1824,72,391,477,259,121,18,6,0,1347,69,287,321,242,159,98,95,50,1321,42,163,131,103,54,11,5,3,514,40,66,64,57,34,16,9,3,288,454,1581,1260,1305,1087,698,449,172,7011,148,757,881,1078,1057,822,445,141,5320,1002,3144
LGA27070,131,265,260,182,113,75,17,5,1059,222,1153,1073,297,105,22,3,0,2880,656,2658,2644,2325,1899,1095,430,108,11817,539,1528,1042,754,440,276,132,34,4750,46,192,158,108,76,41,6,3,633,112,453,380,282,205,76,35,5,1541,50,259,202,198,214,134,49,8,1111,596,2172,1767,1006,619,266,53,13,6491,320,704,590,461,277,141,33,9,2531,180,375,228,97,75,43,12,4,1014,178,719,410,265,143,74,39,7,1836,37,29,20,20,13,13,10,6,145,42,207,206,136,90,47,24,7,758,936,1175,972,779,666,624,391,117,5666,4047,11902,9950,6905,4926,2941,1241,327,42233,189,550,346,185,86,30,13,0,1388,57,460,342,99,34,11,0,0,1006,54,276,270,140,141,85,58,14,1047,37,131,79,51,12,0,3,0,321,37,86,88,45,22,8,0,0,279,481,1882,1381,846,609,257,82,25,5563,265,1330,1019,736,497,233,76,24,4181,778,3186
LGA27170,6,20,25,35,31,20,4,0,142,21,73,56,40,29,9,0,0,232,234,586,494,538,457,309,118,46,2786,118,233,167,158,136,104,44,14,965,20,65,69,56,44,30,11,0,295,34,102,90,78,66,39,6,7,419,11,63,73,81,95,85,24,7,437,98,217,233,238,204,100,24,6,1115,75,113,102,85,69,33,12,0,490,24,42,27,15,16,10,4,0,139,41,97,96,64,48,30,8,4,381,4,4,5,0,4,0,0,0,22,6,31,30,27,22,19,11,3,150,270,215,214,194,217,139,110,54,1411,971,1856,1683,1607,1428,930,380,139,8988,7,35,54,19,18,4,0,0,132,0,15,19,9,17,6,0,0,79,13,34,29,31,15,19,9,6,155,9,22,11,8,3,0,3,0,47,10,38,28,19,9,6,0,0,122,132,380,276,293,280,151,70,33,1618,46,219,197,195,188,112,39,7,1002,153,505
LGA27260,96,270,375,225,168,91,22,7,1259,226,2008,2432,477,131,30,8,3,5303,703,2916,3248,2874,2037,1101,389,91,13347,514,1121,895,602,399,220,102,16,3876,33,190,183,164,73,33,10,3,692,112,394,440,335,184,82,20,3,1564,47,216,242,214,210,123,46,13,1110,600,3286,3081,1388,747,331,63,9,9509,315,782,709,545,311,141,34,3,2838,192,387,244,105,46,27,6,3,1010,205,1038,580,279,121,74,24,9,2326,19,29,20,12,12,11,7,0,112,44,216,219,155,122,52,16,4,834,1198,1802,1525,1028,693,539,289,100,7173,4311,14657,14183,8395,5256,2845,1031,263,50953,181,703,545,214,107,40,9,0,1796,94,1159,682,144,60,17,3,0,2159,66,590,438,216,118,67,33,15,1540,42,175,98,57,17,8,0,0,397,47,144,108,49,26,9,3,0,384,463,1913,1399,924,654,258,90,27,5729,209,1151,1131,765,488,235,63,25,4069,795,4644
LGA27350,112,374,230,198,137,133,35,5,1233,66,571,433,216,109,24,0,0,1420,174,1190,622,471,337,245,129,41,3198,105,819,386,254,154,114,41,12,1884,31,155,72,69,41,27,8,0,397,84,711,358,221,181,102,38,10,1702,22,276,176,142,145,124,41,11,941,310,2354,1241,756,428,242,56,15,5394,205,1357,773,507,438,321,93,16,3709,263,1263,546,283,147,85,17,6,2603,86,330,191,100,54,23,6,4,795,16,4,5,0,10,10,3,0,47,39,168,113,84,57,31,5,5,497,515,1291,706,550,424,300,155,75,4012,2015,10844,5861,3846,2661,1769,631,208,27832,131,424,216,149,95,65,19,3,1103,19,123,119,60,37,11,0,0,368,43,231,130,47,39,24,29,7,551,64,419,178,97,40,23,4,0,821,19,108,58,29,26,7,0,0,257,268,1632,676,433,399,245,82,28,3757,67,675,366,345,465,371,105,32,2430,416,2492
LGA27450,48,129,189,184,179,161,45,12,953,100,287,349,234,153,44,9,0,1181,505,1725,1907,2427,2191,1576,621,157,11105,662,1537,1091,1156,847,532,229,59,6107,122,344,415,336,219,90,44,7,1572,84,186,192,220,239,116,50,12,1089,34,206,267,252,405,344,105,35,1655,219,634,887,821,746,513,146,33,4003,215,370,404,414,392,292,91,26,2205,177,289,288,181,171,105,21,3,1237,101,230,267,244,174,93,44,7,1161,8,4,3,8,10,11,10,3,57,24,69,120,120,91,76,22,8,522,640,566,622,723,636,609,376,179,4350,2931,6576,7005,7321,6459,4565,1809,532,37194,78,207,252,201,122,57,15,3,954,3,46,84,76,74,25,5,0,317,35,92,122,135,89,84,50,31,650,30,79,82,59,38,17,0,0,305,68,155,180,129,68,32,8,0,648,376,1191,1120,1248,1043,600,216,75,5864,165,891,941,884,1034,697,170,41,4823,424,1428
LGA27630,0,3,0,4,0,0,0,0,6,3,3,4,0,3,0,0,0,14,22,42,39,68,79,63,27,10,365,9,27,16,25,29,13,11,0,127,13,46,41,64,31,19,11,0,227,3,3,3,9,10,7,3,0,47,3,8,6,3,14,12,8,0,58,7,16,14,15,27,12,0,0,89,9,8,11,16,18,11,4,0,65,3,0,0,4,4,0,0,0,9,5,9,3,8,4,9,0,0,40,0,0,0,0,0,0,0,0,0,0,0,0,0,3,3,0,3,14,52,40,32,41,49,57,44,34,350,124,207,168,256,280,203,108,59,1405,3,0,3,0,0,0,0,0,9,0,0,0,3,0,0,0,0,9,0,0,0,3,7,3,0,0,14,0,0,0,0,0,0,0,0,4,3,11,9,8,3,0,0,0,38,9,45,49,74,67,21,19,3,283,8,33,22,28,38,44,13,3,193,6,20
LGA29399,0,0,3,0,0,3,0,0,10,0,3,0,0,0,0,0,0,5,4,15,11,6,5,4,0,0,48,0,0,3,7,5,0,5,0,24,0,0,0,0,3,4,0,0,5,0,0,0,0,3,3,0,0,12,0,3,0,0,0,4,0,0,6,4,3,7,9,0,0,0,0,25,3,4,4,0,3,0,0,0,19,3,3,0,0,0,0,0,0,9,3,3,3,0,0,0,0,0,8,0,0,0,0,0,0,0,0,0,3,3,0,0,0,0,0,0,8,25,29,22,12,19,4,0,0,109,46,69,61,41,37,26,12,0,295,0,0,0,0,0,0,0,0,4,0,0,3,0,0,0,0,0,3,0,3,3,0,0,0,0,0,3,0,3,0,0,0,0,0,0,0,3,0,3,0,0,0,0,0,3,0,4,3,4,3,0,0,0,18,3,3,6,4,3,3,0,0,29,10,16
LGA29499,3,21,8,12,4,7,3,0,58,9,28,11,6,3,3,0,0,58,28,111,54,54,48,38,10,0,348,20,59,38,29,21,9,4,0,175,0,19,13,7,9,3,0,0,50,5,31,18,7,7,0,0,0,70,4,11,9,7,19,6,0,0,53,28,80,49,30,18,13,3,0,223,12,41,22,18,24,9,0,0,128,4,28,20,13,3,0,0,0,63,12,19,20,18,9,0,0,0,73,0,0,0,0,0,0,0,0,3,3,6,10,6,3,0,0,0,35,177,314,350,244,145,70,16,3,1329,297,769,620,444,313,166,39,3,2654,15,23,11,0,7,4,0,0,60,3,6,4,3,0,0,0,0,23,8,15,11,3,0,0,0,0,43,6,6,3,4,0,0,0,0,21,9,12,3,3,0,0,0,0,27,28,57,21,25,29,10,0,0,176,11,28,21,16,17,14,0,0,107,54,96
LGA29799,0,0,0,0,0,0,0,0,0,0,0,0,0,0,0,0,0,0,0,3,0,4,7,0,0,0,15,0,0,0,0,0,0,0,0,0,0,0,0,0,0,0,0,0,0,0,0,0,0,0,0,0,0,0,0,0,0,0,0,0,0,0,0,0,0,0,0,0,0,0,0,0,0,0,0,0,0,0,0,0,0,0,0,0,0,0,0,0,0,0,0,0,0,0,0,0,0,0,0,0,0,0,0,0,0,0,0,0,0,0,0,0,0,0,0,0,0,0,0,0,0,3,0,0,0,3,0,4,3,5,10,0,0,0,20,0,0,0,0,0,0,0,0,0,0,0,0,0,0,0,0,0,0,0,0,0,0,0,0,0,0,0,0,0,0,0,0,0,0,0,0,0,0,0,0,0,0,0,0,0,0,0,0,0,0,0,0,0,0,0,0,0,0,0,0,0,0,0,0,0
