LGA_CODE_2016,F_China_0_4,F_China_5_14,F_China_15_24,F_China_25_44,F_China_45_54,F_China_55_64,F_China_65_74,F_China_75_84,F_China_85ov,F_China_Tot,F_Croatia_0_4,F_Croatia_5_14,F_Croatia_15_24,F_Croatia_25_44,F_Croatia_45_54,F_Croatia_55_64,F_Croatia_65_74,F_Croatia_75_84,F_Croatia_85ov,F_Croatia_Tot,F_Egypt_0_4,F_Egypt_5_14,F_Egypt_15_24,F_Egypt_25_44,F_Egypt_45_54,F_Egypt_55_64,F_Egypt_65_74,F_Egypt_75_84,F_Egypt_85ov,F_Egypt_Tot,F_England_0_4,F_England_5_14,F_England_15_24,F_England_25_44,F_England_45_54,F_England_55_64,F_England_65_74,F_England_75_84,F_England_85ov,F_England_Tot,F_Fiji_0_4,F_Fiji_5_14,F_Fiji_15_24,F_Fiji_25_44,F_Fiji_45_54,F_Fiji_55_64,F_Fiji_65_74,F_Fiji_75_84,F_Fiji_85ov,F_Fiji_Tot,F_France_0_4,F_France_5_14,F_France_15_24,F_France_25_44,F_France_45_54,F_France_55_64,F_France_65_74,F_France_75_84,F_France_85ov,F_France_Tot,F_Germany_0_4,F_Germany_5_14,F_Germany_15_24,F_Germany_25_44,F_Germany_45_54,F_Germany_55_64,F_Germany_65_74,F_Germany_75_84,F_Germany_85ov,F_Germany_Tot,F_Greece_0_4,F_Greece_5_14,F_Greece_15_24,F_Greece_25_44,F_Greece_45_54,F_Greece_55_64,F_Greece_65_74,F_Greece_75_84,F_Greece_85ov,F_Greece_Tot,F_Hong_Kong_0_4,F_Hong_Kong_5_14,F_Hong_Kong_15_24,F_Hong_Kong_25_44,F_Hong_Kong_45_54,F_Hong_Kong_55_64,F_Hong_Kong_65_74,F_Hong_Kong_75_84,F_Hong_Kong_85ov,F_Hong_Kong_Tot,F_India_0_4,F_India_5_14,F_India_15_24,F_India_25_44,F_India_45_54,F_India_55_64,F_India_65_74,F_India_75_84,F_India_85ov,F_India_Tot,F_Indonesia_0_4,F_Indonesia_5_14,F_Indonesia_15_24,F_Indonesia_25_44,F_Indonesia_45_54,F_Indonesia_55_64,F_Indonesia_65_74,F_Indonesia_75_84,F_Indonesia_85ov,F_Indonesia_Tot,F_Iran_0_4,F_Iran_5_14,F_Iran_15_24,F_Iran_25_44,F_Iran_45_54,F_Iran_55_64,F_Iran_65_74,F_Iran_75_84,F_Iran_85ov,F_Iran_Tot,F_Iraq_0_4,F_Iraq_5_14,F_Iraq_15_24,F_Iraq_25_44,F_Iraq_45_54,F_Iraq_55_64,F_Iraq_65_74,F_Iraq_75_84,F_Iraq_85ov,F_Iraq_Tot,F_Ireland_0_4,F_Ireland_5_14,F_Ireland_15_24,F_Ireland_25_44,F_Ireland_45_54,F_Ireland_55_64,F_Ireland_65_74,F_Ireland_75_84,F_Ireland_85ov,F_Ireland_Tot,F_Italy_0_4,F_Italy_5_14,F_Italy_15_24,F_Italy_25_44,F_Italy_45_54,F_Italy_55_64,F_Italy_65_74,F_Italy_75_84,F_Italy_85ov,F_Italy_Tot,F_Japan_0_4,F_Japan_5_14,F_Japan_15_24,F_Japan_25_44,F_Japan_45_54,F_Japan_55_64,F_Japan_65_74,F_Japan_75_84,F_Japan_85ov,F_Japan_Tot,F_Korea_South_0_4,F_Korea_South_5_14,F_Korea_South_15_24,F_Korea_South_25_44,F_Korea_South_45_54,F_Korea_South_55_64,F_Korea_South_65_74,F_Korea_South_75_84,F_Korea_South_85ov,F_Korea_South_Tot,F_Lebanon_0_4,F_Lebanon_5_14,F_Lebanon_15_24,F_Lebanon_25_44,F_Lebanon_45_54,F_Lebanon_55_64,F_Lebanon_65_74,F_Lebanon_75_84,F_Lebanon_85ov,F_Lebanon_Tot,F_Malaysia_0_4,F_Malaysia_5_14,F_Malaysia_15_24,F_Malaysia_25_44,F_Malaysia_45_54,F_Malaysia_55_64,F_Malaysia_65_74,F_Malaysia_75_84,F_Malaysia_85ov,F_Malaysia_Tot,F_Malta_0_4,F_Malta_5_14,F_Malta_15_24,F_Malta_25_44,F_Malta_45_54,F_Malta_55_64,F_Malta_65_74,F_Malta_75_84,F_Malta_85ov,F_Malta_Tot
LGA20110,0,0,0,3,4,0,0,0,0,8,0,0,0,0,0,0,3,0,0,10,0,0,0,0,0,0,0,0,0,5,0,3,3,19,25,49,78,27,18,225,0,0,0,0,0,0,0,0,0,0,0,0,0,0,3,0,0,0,0,7,0,0,0,6,3,12,27,7,7,62,0,0,0,0,0,0,3,0,0,7,0,0,0,3,0,0,0,0,0,8,0,0,4,11,0,0,0,0,0,14,0,0,0,0,0,0,0,0,0,3,0,0,0,0,0,0,0,0,0,0,0,0,0,0,0,0,0,0,0,0,0,0,0,0,3,3,0,0,0,10,0,0,0,5,4,17,33,52,28,144,0,0,0,3,0,0,0,0,0,6,0,0,0,3,0,0,0,0,0,4,0,0,0,0,0,0,0,0,0,0,0,0,0,6,3,3,0,0,0,14,0,0,0,0,0,3,0,0,0,3
LGA20260,0,0,0,3,5,0,0,0,0,6,0,0,0,0,3,0,0,0,0,8,0,0,0,0,0,0,0,0,0,0,0,0,0,10,12,16,36,21,11,98,0,0,0,0,0,0,0,0,0,3,0,0,0,0,0,0,0,0,0,3,0,0,0,3,6,4,4,0,3,22,0,0,0,0,0,0,0,0,0,4,0,0,3,0,0,0,0,0,0,4,0,3,3,24,0,0,0,0,0,31,0,0,0,0,0,0,0,3,0,4,0,0,0,0,0,0,0,0,0,0,0,0,0,0,0,0,0,0,0,0,0,0,0,0,0,0,4,0,0,7,0,0,0,0,4,3,0,0,0,12,0,0,0,0,0,0,0,0,0,0,0,0,0,0,0,0,0,0,0,3,0,0,0,0,0,0,0,0,0,3,0,0,0,0,0,0,0,0,0,4,0,0,0,0,0,0,0,0,0,5
LGA20570,0,20,114,161,35,25,8,0,0,376,0,0,0,3,11,7,11,10,6,51,0,7,3,7,0,0,0,0,0,12,11,48,33,140,159,216,263,160,70,1100,0,0,6,15,3,10,0,3,0,37,0,3,0,8,5,5,4,0,0,22,0,3,6,11,13,19,57,23,19,160,0,0,0,0,0,7,7,11,0,29,0,0,0,8,8,6,3,0,0,24,7,26,24,261,22,16,13,3,0,386,0,3,7,14,0,0,7,0,0,32,0,3,7,16,0,3,5,0,0,31,0,0,0,8,6,0,0,0,0,14,0,0,6,15,5,14,12,5,3,64,0,0,0,5,7,7,16,24,22,80,0,5,0,30,12,4,0,3,0,58,0,3,3,19,0,0,0,0,0,25,0,0,0,4,3,0,0,0,0,3,0,15,9,34,19,18,6,3,0,103,0,0,0,0,0,7,19,6,0,33
LGA20660,14,69,262,919,307,192,91,44,14,1921,0,0,0,7,34,44,49,43,18,194,0,3,4,18,6,25,42,15,4,124,12,71,74,329,250,290,291,179,101,1593,0,0,4,23,7,4,4,0,0,42,0,6,7,26,13,6,13,0,3,68,0,3,12,54,32,24,107,54,34,323,0,4,7,23,55,119,155,128,49,537,3,8,15,87,26,45,21,10,0,221,16,53,66,559,93,61,53,20,4,931,0,8,18,72,20,10,8,3,3,135,3,16,25,176,25,24,7,4,0,274,0,3,3,26,12,4,0,0,0,48,0,5,4,61,27,27,30,24,3,175,0,5,8,31,50,174,303,325,155,1055,3,10,15,93,35,10,6,3,7,172,0,16,10,67,16,6,0,0,0,121,0,3,3,35,46,41,27,21,3,192,0,13,49,206,92,115,61,19,4,558,0,0,0,3,5,35,49,16,3,107
LGA20740,0,0,0,23,6,7,3,0,0,42,0,0,0,0,0,0,0,0,0,6,0,0,0,0,3,0,3,3,0,10,4,10,6,54,114,203,269,151,66,879,0,0,0,3,0,0,0,0,0,9,0,0,0,3,3,0,3,0,0,14,0,0,3,13,9,14,29,19,7,104,0,0,0,0,3,4,11,9,0,29,0,0,0,6,0,4,4,0,0,14,3,0,3,30,6,6,7,0,0,61,0,0,0,9,0,3,3,0,0,12,0,0,0,0,0,0,0,0,0,0,0,0,0,0,0,0,0,0,0,0,0,0,0,0,4,4,13,9,4,42,0,0,0,0,0,16,30,27,13,89,0,0,0,3,7,0,3,0,0,16,0,0,0,3,0,0,0,0,0,0,0,0,0,0,0,0,0,0,0,0,0,0,0,9,5,3,4,0,0,27,0,0,0,0,0,5,13,3,0,29
LGA20830,0,3,4,18,15,5,0,0,0,48,0,0,0,0,3,8,9,0,0,20,0,0,0,0,0,0,9,0,0,9,3,26,21,90,155,211,237,147,46,935,0,0,0,7,3,4,0,0,0,16,0,0,0,3,3,0,0,0,0,8,0,0,3,9,11,14,42,19,10,114,0,0,0,0,0,3,3,4,0,14,0,0,3,3,3,0,0,0,0,7,4,4,3,45,8,0,7,3,0,75,0,0,0,3,4,0,0,0,0,8,0,0,0,3,3,0,0,0,0,4,0,0,0,0,0,0,0,0,0,0,0,4,0,9,3,8,8,4,3,37,0,0,0,0,5,13,20,32,12,78,0,5,0,11,0,0,0,0,0,15,0,0,0,8,0,0,0,0,0,5,0,0,0,0,0,0,0,0,0,0,0,0,0,11,9,3,3,0,0,29,0,0,3,0,0,3,9,3,0,27
LGA20910,14,65,165,387,237,114,46,28,9,1066,0,0,0,11,25,14,22,11,4,90,0,0,3,5,17,19,39,15,13,112,46,338,180,582,599,391,348,209,124,2815,0,0,0,18,8,6,4,0,0,35,3,21,13,48,25,11,10,5,4,137,0,10,29,72,80,45,92,56,41,421,0,6,3,16,39,61,105,109,27,369,3,18,26,27,20,21,11,5,0,132,9,14,20,159,67,53,36,28,16,398,0,4,0,32,10,5,5,3,0,61,0,0,0,29,4,12,3,3,0,56,0,0,0,0,7,3,0,0,0,13,3,22,12,102,58,27,24,24,14,290,3,3,5,32,28,50,91,99,68,381,8,35,12,71,40,14,13,3,3,187,0,4,4,30,8,7,0,0,0,59,0,0,5,11,15,14,7,7,0,60,0,4,18,71,51,54,21,10,0,235,0,0,0,0,3,7,17,4,3,42
LGA21010,0,3,0,5,0,0,0,0,0,17,0,0,0,0,0,0,0,0,0,0,0,0,0,0,0,0,0,0,0,0,0,5,3,12,26,27,56,25,11,174,0,0,0,3,0,0,0,0,0,4,0,0,0,0,0,0,0,0,0,0,0,0,0,3,3,12,25,4,6,53,0,0,0,0,0,0,0,0,0,3,0,0,0,3,0,0,0,0,0,3,0,3,0,14,3,0,0,0,0,23,0,0,0,0,0,0,0,0,0,0,0,0,0,0,0,0,0,0,0,0,0,0,0,0,0,0,0,0,0,0,0,0,0,0,4,0,0,3,0,11,0,0,0,0,0,0,4,3,3,17,0,0,0,0,0,0,0,0,0,3,0,0,0,0,0,0,0,0,0,0,0,0,0,0,0,0,0,0,0,0,0,0,0,0,5,0,0,3,0,8,0,0,0,0,0,0,3,0,0,3
LGA21110,62,455,1187,2388,1214,648,273,179,60,6458,0,0,0,11,19,24,15,24,14,111,0,11,5,18,17,23,34,12,9,120,40,222,185,479,440,345,307,177,143,2334,0,3,3,41,25,14,9,3,0,92,3,18,17,75,27,13,11,7,0,176,3,16,20,64,38,35,121,43,36,386,0,13,10,20,74,124,245,314,88,888,9,70,101,261,186,173,83,37,3,938,45,115,144,1040,175,120,112,35,20,1805,3,15,64,221,40,43,30,11,3,433,0,8,19,184,35,25,23,3,0,299,10,8,13,39,4,4,0,3,0,80,0,11,6,82,42,37,26,21,17,244,0,7,10,48,49,93,229,227,122,787,3,11,34,122,68,17,26,6,7,289,0,31,77,201,74,18,11,0,0,409,0,3,0,11,19,16,13,3,3,67,7,46,190,583,362,348,227,77,18,1854,0,0,0,8,6,17,16,5,7,53
LGA21180,7,41,112,558,249,171,72,52,32,1294,0,0,12,67,162,254,372,270,63,1188,3,30,32,86,73,103,90,56,20,504,6,46,20,114,144,186,165,92,39,812,0,13,18,133,70,51,35,9,0,332,0,3,3,7,10,4,15,7,0,52,0,3,22,26,23,48,232,79,51,483,0,12,10,44,85,198,359,346,94,1152,0,0,34,163,23,31,11,3,0,266,90,210,418,2419,320,278,171,56,29,3992,8,7,18,152,22,18,8,4,0,222,3,34,19,107,15,9,7,8,0,194,3,23,25,88,31,17,9,3,0,211,0,13,3,19,10,15,21,12,3,89,0,15,20,46,135,337,488,426,162,1616,0,3,11,39,7,4,0,0,0,73,0,3,6,57,4,7,3,0,0,80,0,3,21,107,97,99,27,24,4,376,32,62,47,201,50,64,28,4,0,488,0,4,10,58,130,579,896,473,152,2296
LGA21270,0,0,0,3,0,0,0,0,0,3,0,0,0,0,0,0,0,0,0,0,0,0,0,0,0,0,0,0,0,0,0,0,0,3,9,12,17,3,0,41,0,0,0,0,0,0,0,0,0,0,0,0,0,0,0,0,0,0,0,0,0,0,0,0,0,3,3,0,0,7,0,0,0,0,0,0,0,0,0,0,0,0,0,0,0,0,0,0,0,0,0,3,0,9,0,0,0,0,0,17,0,0,0,0,0,0,0,0,0,0,0,0,0,0,0,0,0,0,0,0,0,0,0,0,0,0,0,0,0,0,0,0,0,0,3,0,0,0,0,4,0,0,0,0,0,0,0,0,0,0,0,0,0,0,0,0,0,0,0,0,0,0,0,0,0,0,0,0,0,0,0,0,0,0,0,0,0,0,0,0,0,0,0,0,3,0,0,0,0,6,0,0,0,0,0,0,0,0,0,0
LGA21370,0,0,3,17,3,3,0,0,0,22,0,0,0,0,0,0,0,3,0,3,0,0,0,3,0,0,0,0,0,7,0,0,4,20,56,88,114,58,26,377,0,3,0,3,3,0,0,0,0,9,0,0,0,0,0,4,0,0,0,6,0,0,0,9,3,6,15,5,3,39,0,0,0,0,0,0,6,0,0,8,0,0,0,0,0,0,0,0,0,8,0,0,6,30,0,0,0,3,3,39,0,0,0,4,0,0,0,0,0,7,0,0,0,0,0,0,0,0,0,3,0,0,0,0,0,0,0,0,0,0,0,3,0,6,0,0,4,7,0,18,0,0,0,3,3,13,31,23,9,79,0,0,0,3,0,0,0,0,0,3,0,0,3,3,0,0,0,0,0,11,0,0,0,0,0,0,0,0,0,3,0,0,4,3,0,0,0,0,0,15,0,0,0,0,0,4,4,0,0,9
LGA21450,0,6,16,80,32,15,9,3,0,167,0,0,3,15,19,16,22,12,0,78,0,24,12,37,9,3,13,3,0,109,4,72,104,323,464,414,406,209,85,2076,0,3,6,41,15,11,5,0,0,85,0,0,0,9,6,14,0,3,0,29,0,0,8,26,27,48,66,24,12,220,0,0,0,0,6,11,11,6,3,32,0,0,3,21,9,7,0,0,0,35,18,39,40,542,53,55,36,5,6,803,4,3,0,40,12,3,6,3,3,77,0,0,3,12,3,3,0,0,0,27,0,0,0,5,0,0,0,0,0,14,0,12,0,32,20,8,10,16,3,103,0,0,0,6,18,30,38,37,20,140,0,7,0,18,3,0,3,0,0,33,0,0,5,18,3,0,0,0,0,30,0,3,3,11,3,4,3,0,0,21,0,10,11,38,17,12,6,6,4,113,0,0,0,0,0,14,19,5,4,43
LGA21610,21,94,204,1139,439,313,135,56,17,2429,0,0,13,119,131,140,109,67,24,597,5,56,60,156,95,89,71,43,19,592,18,192,181,651,915,875,806,504,214,4344,0,28,79,466,214,136,63,29,7,1009,0,6,6,29,26,16,14,3,3,96,0,3,37,72,63,77,139,81,40,518,0,9,11,40,48,85,112,75,13,389,3,11,17,105,46,48,9,3,0,237,92,603,692,5103,977,689,321,143,47,8673,5,36,34,237,78,50,25,7,7,487,4,82,101,161,41,24,5,0,0,434,0,30,19,142,46,30,16,10,3,304,3,20,3,54,39,58,54,33,10,283,0,8,8,33,80,172,245,166,64,780,0,9,7,55,7,3,3,0,0,81,3,27,19,125,38,7,4,0,3,223,0,9,16,117,94,72,21,9,4,347,5,68,89,299,163,153,54,18,4,849,0,0,0,8,14,36,82,33,5,183
LGA21670,0,0,0,3,4,0,0,0,0,8,0,0,0,0,0,0,0,0,0,4,0,0,0,0,0,0,0,0,0,0,0,3,0,3,30,64,84,41,18,245,0,0,0,5,0,0,0,0,0,9,0,0,0,0,0,0,0,0,0,0,0,0,0,3,0,7,9,3,3,21,0,0,0,0,0,0,0,0,0,3,0,0,0,0,0,0,0,0,0,0,0,0,0,11,0,3,0,0,0,12,0,0,0,0,0,0,3,0,0,3,0,0,0,0,0,0,0,0,0,0,0,0,0,0,0,0,0,0,0,0,0,0,0,0,0,0,7,0,0,5,0,0,0,3,0,0,3,0,0,8,0,0,0,0,0,0,0,0,0,0,0,0,0,0,0,0,0,0,0,0,0,0,0,0,0,0,0,0,0,0,0,0,0,0,3,0,0,0,0,5,0,0,0,0,0,3,0,0,0,3
LGA21750,0,3,5,20,6,6,0,0,0,37,0,0,0,0,0,0,0,3,0,4,0,0,0,0,0,0,0,0,0,3,0,4,0,27,32,67,61,40,17,250,0,0,0,4,0,0,0,0,0,3,0,0,0,3,0,0,0,0,0,7,0,0,0,9,5,4,11,5,3,40,0,0,0,0,0,5,3,0,0,12,0,0,0,0,0,0,0,0,0,0,4,6,0,19,0,7,0,0,0,30,0,0,0,3,3,0,0,0,0,3,0,0,3,0,3,0,0,0,0,4,0,0,0,0,0,0,0,0,0,0,0,0,0,3,0,0,0,0,0,9,0,0,0,0,0,3,14,8,10,28,0,0,0,6,0,0,0,0,0,7,0,0,0,0,0,0,0,0,0,0,0,0,0,0,0,0,0,0,0,0,0,0,0,7,0,0,4,0,0,12,0,0,0,0,0,0,3,0,0,3
LGA21830,0,0,4,6,0,0,0,0,0,7,0,0,0,0,0,0,0,0,0,5,0,0,0,0,0,0,0,0,0,0,0,3,0,17,13,26,37,29,5,131,0,0,0,0,3,0,0,0,0,3,0,0,0,4,0,0,0,0,0,6,0,0,0,0,7,3,3,0,0,10,0,0,0,0,0,0,0,0,0,0,0,0,0,0,0,0,0,0,0,0,0,0,0,3,0,0,0,0,0,5,0,0,0,0,4,0,0,0,0,3,0,0,0,0,0,0,0,0,0,0,0,0,0,0,0,0,0,0,0,0,0,0,0,3,0,0,0,3,0,8,0,0,0,0,0,0,0,0,5,3,0,0,0,0,0,0,0,0,0,0,0,0,0,0,0,0,0,0,0,0,0,0,0,0,0,0,0,0,0,0,0,0,0,0,0,0,0,0,0,3,0,0,0,0,0,0,0,0,0,7
LGA21890,15,58,520,1129,359,332,97,67,24,2603,0,0,3,22,27,43,46,47,8,201,0,4,6,27,19,35,35,28,23,184,15,63,70,493,258,162,127,53,46,1286,0,0,7,37,19,19,11,10,0,100,0,3,8,69,15,9,5,3,3,116,0,8,14,89,30,19,38,15,13,234,0,17,30,114,161,349,778,789,222,2461,3,9,42,88,11,18,11,0,0,179,59,78,225,1315,97,67,38,18,11,1899,4,3,22,113,19,8,6,7,0,188,5,17,16,169,23,11,0,0,0,248,3,16,6,82,21,16,3,8,0,153,0,5,3,124,25,24,10,4,5,204,0,11,22,114,142,360,936,1251,506,3344,3,3,20,155,36,10,6,0,3,235,0,3,7,64,10,0,7,3,0,92,0,3,9,125,144,152,96,38,19,587,3,17,62,229,44,68,34,7,3,464,0,0,0,15,9,40,56,44,20,180
LGA22110,0,3,3,14,11,3,3,0,0,39,0,0,0,0,0,4,0,0,0,9,0,0,0,3,0,3,0,3,0,10,0,13,15,54,88,196,301,186,49,894,0,0,0,3,5,6,3,0,0,18,0,0,0,3,0,3,3,0,0,12,0,0,3,16,4,23,54,33,8,141,0,0,0,0,0,8,4,3,0,14,0,0,0,3,3,0,0,0,0,9,0,5,3,36,3,3,3,7,0,57,0,0,0,10,3,0,5,0,0,15,0,0,0,0,0,0,0,0,0,0,0,0,0,3,0,0,0,0,0,3,0,4,0,3,4,8,10,0,4,36,0,0,0,0,4,12,18,30,10,76,0,0,0,0,0,0,3,0,0,9,0,0,0,10,0,0,0,0,0,12,0,0,0,0,0,0,0,0,0,0,0,0,3,15,0,5,3,0,0,24,0,0,0,0,4,6,8,3,0,21
LGA22170,4,28,84,237,79,69,17,11,5,540,0,0,3,33,37,26,27,20,6,151,0,3,3,8,14,17,27,13,8,89,10,117,132,510,709,788,783,536,246,3835,0,4,20,65,39,11,6,5,3,161,0,5,0,10,14,10,6,8,3,54,0,8,20,46,59,68,106,52,26,381,0,11,5,12,22,36,57,62,17,221,0,0,31,31,9,12,11,0,0,88,9,69,58,433,106,77,47,24,12,836,0,9,7,49,23,13,5,0,3,102,0,0,0,15,5,7,0,0,0,29,0,0,0,4,3,0,3,0,0,12,0,8,3,55,26,40,49,30,13,211,0,3,0,24,25,65,71,43,21,262,3,4,0,35,12,3,3,0,0,57,0,0,0,35,3,0,0,0,0,41,0,0,0,16,23,12,3,3,0,58,0,8,16,63,37,54,16,0,0,199,0,0,0,0,6,10,11,11,4,47
LGA22250,0,0,0,3,0,0,0,0,0,3,0,0,0,0,0,0,0,0,0,4,0,0,0,0,0,0,0,0,0,0,0,0,0,0,20,23,20,19,3,84,0,0,0,0,0,0,0,0,0,0,0,0,0,0,0,0,0,0,0,0,0,0,0,0,0,0,7,0,3,12,0,0,0,0,0,0,0,0,0,4,0,0,0,0,0,0,0,0,0,0,0,0,0,9,0,0,3,0,0,19,0,0,0,0,0,0,0,0,0,0,0,0,0,0,0,0,0,0,0,0,0,0,0,0,0,0,0,0,0,0,0,0,0,3,0,0,0,0,0,3,0,0,0,0,0,0,5,0,0,5,0,0,0,0,0,0,0,0,0,0,0,0,0,0,0,0,0,0,0,0,0,0,0,0,0,0,0,0,0,0,0,0,0,0,0,0,0,0,0,3,0,0,0,0,0,0,4,0,0,4
LGA22310,27,112,1320,1709,487,294,113,70,15,4138,0,0,0,16,20,15,19,16,5,95,0,4,3,9,17,30,41,28,24,161,28,118,100,455,338,261,251,157,135,1834,0,0,0,27,16,15,9,4,3,69,3,39,20,102,25,20,39,18,14,285,0,11,23,72,40,27,137,67,77,446,0,9,11,36,79,148,360,392,77,1110,9,16,59,99,48,35,21,7,0,295,97,213,217,1867,179,110,93,52,22,2851,0,3,38,175,24,13,10,5,0,280,4,5,5,70,12,7,0,0,0,92,0,3,0,5,7,0,4,0,3,22,3,9,10,174,44,25,21,15,12,308,3,12,4,53,44,70,131,152,85,541,12,45,33,234,64,22,21,6,3,443,4,35,62,216,54,9,9,5,0,391,0,0,0,14,12,13,14,16,0,70,3,16,85,276,98,75,47,26,5,622,0,0,0,3,3,10,17,7,3,47
LGA22410,0,0,0,0,3,0,0,0,0,7,0,0,0,0,0,0,3,0,0,6,0,0,0,3,0,0,0,0,0,3,0,6,0,15,33,61,67,44,14,236,0,0,0,4,0,0,0,0,0,3,0,0,0,0,0,0,0,0,0,0,0,0,0,4,0,3,18,5,0,31,0,0,0,0,0,0,4,0,0,3,0,0,0,0,0,0,0,0,0,0,0,0,0,14,4,0,0,0,0,19,0,0,0,0,3,0,0,0,0,9,0,0,0,0,0,0,0,0,0,0,0,0,0,0,0,0,0,0,0,0,0,0,0,0,0,0,0,0,0,6,0,0,0,0,3,0,0,0,0,6,0,0,0,3,0,0,0,0,0,3,0,0,0,0,0,0,0,0,0,0,0,0,0,0,0,0,0,0,0,0,0,0,0,3,0,0,0,0,0,8,0,0,0,0,0,0,0,4,0,10
LGA22490,0,0,0,0,0,0,0,0,0,3,0,0,0,0,3,6,5,0,3,13,0,0,0,0,0,0,0,0,0,0,0,6,7,46,83,103,82,43,8,384,0,0,0,0,0,0,0,0,0,0,0,0,0,3,4,0,0,0,0,6,0,0,0,3,15,10,19,13,7,61,0,0,0,0,0,0,0,0,0,3,0,0,0,3,0,0,0,0,0,8,0,3,0,0,3,0,0,0,0,7,0,0,0,0,0,0,0,0,0,4,0,0,0,0,0,0,0,0,0,0,0,0,0,0,0,0,0,0,0,0,0,0,0,7,0,5,7,0,0,16,0,0,0,0,0,3,3,6,0,17,0,0,0,3,3,0,0,0,0,7,0,0,0,3,0,0,0,0,0,3,0,0,0,3,0,0,0,0,0,3,0,0,0,0,4,6,0,0,0,11,0,0,0,0,3,0,3,0,0,13
LGA22620,0,11,31,85,36,11,8,0,0,178,0,0,0,3,3,3,8,3,0,15,0,0,3,13,6,0,0,0,0,31,3,28,21,101,175,220,201,141,68,960,0,0,3,17,9,6,0,0,0,35,0,0,0,4,3,0,0,0,0,13,0,0,3,11,13,17,41,21,13,125,0,0,0,0,0,7,4,11,4,26,0,0,4,7,3,3,0,0,0,19,10,20,31,212,18,16,10,3,3,330,0,0,7,21,12,7,3,0,0,54,3,9,3,5,0,0,0,0,0,28,0,0,0,4,0,0,0,0,0,15,0,4,6,21,4,9,13,7,3,61,0,0,0,4,6,16,22,15,6,63,0,0,0,10,8,3,0,0,0,23,0,3,3,15,0,0,0,0,0,28,0,0,0,4,4,0,0,0,0,10,0,5,6,17,22,13,9,3,0,76,0,0,0,3,0,4,5,6,0,20
LGA22670,21,52,249,998,438,362,168,140,88,2517,0,0,13,76,57,101,92,77,23,438,7,28,11,31,20,48,36,26,13,212,3,31,14,65,102,140,236,180,79,853,3,5,25,129,81,47,30,20,6,341,0,0,5,11,4,0,3,4,3,36,0,3,36,19,15,29,77,78,29,283,0,20,14,58,80,150,340,205,46,909,0,9,25,112,29,32,15,0,0,210,113,356,563,3239,439,369,254,137,64,5531,6,21,36,195,48,32,16,3,0,358,9,99,96,153,27,17,5,0,0,396,0,16,13,59,31,17,11,0,3,142,3,11,0,13,6,16,13,8,6,87,0,3,8,16,43,108,274,337,153,942,0,9,4,44,15,5,3,0,3,88,7,3,25,133,16,4,0,0,0,191,0,7,23,80,68,56,47,17,9,312,32,71,80,282,82,67,40,11,3,668,0,0,0,0,5,17,58,44,18,144
LGA22750,8,41,140,381,95,77,36,12,7,791,0,3,12,65,99,121,199,163,39,697,0,3,8,14,3,10,14,3,0,49,22,159,131,505,667,842,902,584,291,4095,0,0,6,26,18,4,3,3,0,66,0,4,11,28,6,11,10,9,3,70,0,6,9,58,32,116,271,127,101,721,0,0,0,8,22,38,83,59,21,224,3,10,21,36,5,12,7,0,0,91,21,65,87,623,48,58,22,17,16,956,0,7,20,66,29,10,16,4,4,149,3,40,32,104,18,13,3,0,0,213,4,21,3,51,12,3,3,0,0,100,6,17,9,74,44,44,44,29,11,261,0,5,6,15,61,129,218,251,108,797,3,10,3,52,14,6,5,3,3,102,0,3,11,53,3,0,0,0,0,74,0,3,0,3,14,8,3,3,0,36,3,8,39,105,44,47,10,4,3,267,0,0,0,4,3,33,69,23,6,142
LGA22830,0,5,13,41,16,4,8,0,0,84,0,0,0,0,3,4,9,0,0,12,0,5,0,0,0,0,0,0,0,12,0,9,14,60,54,107,113,60,23,440,0,4,4,16,0,0,0,0,0,21,0,0,0,0,0,3,0,0,0,8,0,0,3,12,4,13,22,8,3,61,0,0,3,3,3,4,26,33,8,84,0,0,5,20,0,0,0,0,0,28,13,37,39,375,41,37,14,3,0,565,0,0,0,11,0,0,0,3,0,21,3,23,10,20,0,0,0,0,0,55,3,11,43,126,36,5,4,0,0,226,0,4,0,9,6,3,4,7,0,33,0,0,0,6,19,72,130,126,71,425,0,0,0,7,0,0,0,0,0,6,0,0,0,11,0,0,0,0,0,17,0,0,0,0,0,0,0,0,0,6,0,3,11,67,13,14,3,0,0,105,0,0,0,0,0,0,6,0,0,4
LGA22910,0,0,0,4,0,0,3,0,0,10,0,0,0,0,3,3,3,7,0,16,0,0,0,0,0,3,0,0,4,7,0,7,8,30,54,85,88,53,19,341,0,0,0,0,0,0,0,0,0,0,0,0,0,7,0,3,3,0,0,14,0,0,0,11,3,4,22,15,9,63,0,0,0,0,0,0,5,3,3,6,0,0,0,3,0,0,0,0,0,3,0,0,0,6,0,3,4,3,0,24,0,0,0,0,0,0,3,3,0,6,0,0,0,0,0,0,0,0,0,0,0,0,0,0,0,0,0,0,0,0,0,0,0,3,0,4,3,0,0,15,0,0,0,4,0,3,5,8,0,20,0,0,0,0,0,0,0,0,0,3,0,0,0,0,0,0,0,0,0,3,0,0,0,0,0,0,0,0,0,0,0,0,0,4,3,3,0,0,0,10,0,0,0,0,0,3,6,3,0,16
LGA22980,0,0,0,3,0,0,0,0,0,4,0,0,0,0,0,0,0,0,0,0,0,0,0,0,0,0,0,0,0,0,0,0,0,7,9,20,17,5,9,64,0,0,0,0,0,0,0,0,0,0,0,0,0,0,0,0,0,0,0,0,0,0,0,0,0,0,3,0,0,5,0,0,0,0,0,0,0,0,0,0,0,0,0,0,0,0,0,0,0,0,0,0,0,12,0,0,0,0,0,10,0,0,0,0,0,0,0,0,0,0,0,0,0,0,0,0,0,0,0,0,0,0,0,0,0,0,0,0,0,0,0,0,0,0,0,0,0,0,0,3,0,0,0,0,0,0,0,0,0,3,0,0,0,0,0,0,0,0,0,0,0,0,0,0,0,0,0,0,0,0,0,0,0,0,0,0,0,0,0,0,0,0,0,0,0,0,0,0,0,0,0,0,0,0,0,0,0,0,0,0
LGA23110,6,12,53,311,96,78,27,21,3,611,0,3,3,23,33,48,81,72,16,283,3,5,0,12,8,17,22,10,5,80,15,72,30,342,278,282,236,137,66,1459,0,7,0,25,18,11,4,4,0,66,0,0,4,35,8,7,3,8,0,62,4,6,5,50,29,20,91,38,18,265,0,0,3,15,50,93,178,163,59,560,0,0,7,43,14,12,4,0,0,80,37,73,86,722,69,47,36,19,3,1097,0,13,7,96,21,7,6,3,0,154,0,7,3,48,11,4,0,0,0,72,0,0,0,20,8,3,0,0,0,27,0,10,9,86,24,26,17,22,15,204,0,6,8,32,47,117,193,265,118,788,3,3,4,63,19,3,3,3,0,102,0,4,6,29,4,3,0,0,0,50,3,3,32,196,78,81,46,21,8,464,4,16,3,117,34,32,14,3,0,215,0,0,4,14,30,134,226,162,40,613
LGA23190,0,0,0,12,4,0,0,0,0,17,0,0,0,0,0,0,0,0,0,0,0,0,0,0,0,0,0,0,0,0,0,10,4,20,15,34,37,14,11,137,0,0,0,0,3,0,0,0,0,4,0,0,0,0,0,0,0,0,0,0,0,0,0,0,0,4,9,0,0,17,0,0,0,0,0,0,3,0,0,5,0,0,0,0,0,0,0,0,0,3,4,6,3,40,3,3,0,0,0,54,0,0,0,0,0,0,0,0,0,0,0,0,0,0,0,0,0,0,0,0,0,0,0,0,0,0,0,0,0,0,0,0,0,0,3,0,0,0,0,9,0,0,0,3,0,3,6,14,10,34,0,0,0,3,3,0,0,0,0,5,0,0,3,3,0,0,0,0,0,8,0,0,0,0,0,0,0,0,0,4,0,0,0,5,0,0,0,0,0,6,0,0,0,0,0,0,0,0,0,0
LGA23270,4,14,24,207,93,56,31,14,4,445,0,0,0,22,52,97,103,51,11,344,6,24,35,85,67,93,91,56,9,472,0,64,42,198,302,307,294,178,71,1443,0,16,35,210,93,75,40,13,4,483,0,3,4,11,17,9,6,7,3,53,0,4,14,42,29,41,105,32,30,301,0,10,32,38,54,87,187,122,30,563,0,3,9,37,16,15,0,0,0,84,76,205,292,2630,313,262,144,65,24,4012,0,16,9,91,17,11,0,3,0,150,10,57,54,153,38,21,20,11,0,353,28,405,779,2318,844,507,239,124,32,5275,0,9,7,35,23,24,11,9,10,130,0,4,15,44,173,404,476,317,108,1542,3,4,0,25,11,0,0,0,4,51,0,0,5,32,5,0,0,0,0,47,20,43,112,609,443,246,119,47,16,1651,5,13,25,99,41,43,19,8,3,255,0,0,4,24,45,163,227,89,30,591
LGA23350,0,0,0,3,0,0,0,0,0,5,0,0,0,0,0,3,0,3,0,4,0,0,0,0,0,0,0,0,0,0,0,6,0,30,41,66,58,31,16,248,0,0,0,0,0,4,3,0,0,4,0,3,0,3,0,0,0,0,0,10,0,0,0,4,13,15,14,8,4,61,0,0,0,0,0,0,0,0,0,0,0,0,0,3,0,0,0,0,0,3,0,5,0,4,0,0,3,0,0,13,0,0,0,3,0,0,0,0,0,7,0,0,0,0,0,0,0,0,0,0,0,0,0,0,0,0,0,0,0,0,0,0,0,0,0,3,0,3,0,7,0,0,0,0,0,6,5,3,0,13,0,0,0,5,0,0,0,0,0,6,0,0,0,0,0,0,0,0,0,0,0,0,0,0,0,0,0,0,0,0,0,0,0,0,0,0,0,0,0,3,0,0,0,0,0,0,0,0,0,0
LGA23430,21,93,372,990,351,275,96,73,18,2278,0,0,3,20,19,34,62,40,3,188,0,3,9,22,21,59,62,31,20,232,29,182,166,610,584,460,489,302,172,2999,0,0,9,69,56,44,16,7,0,191,0,3,12,44,21,8,8,7,3,101,10,3,17,77,59,29,90,65,34,385,3,41,42,73,143,249,492,416,95,1554,0,3,17,76,25,53,18,3,0,194,39,84,196,1218,326,231,166,99,24,2378,0,6,25,98,16,18,12,3,4,183,0,4,7,59,7,7,0,0,3,87,0,0,6,23,15,3,3,0,0,48,4,25,8,105,53,25,47,30,5,300,0,4,15,37,48,136,259,207,77,788,3,18,21,105,58,16,7,0,3,228,0,0,24,99,20,6,3,0,0,157,0,0,6,29,35,41,17,14,3,145,3,8,26,149,60,60,42,13,3,373,0,0,0,3,5,17,28,24,10,91
LGA23670,25,147,255,1733,547,384,152,83,36,3356,0,0,0,4,20,36,34,23,4,123,0,10,8,50,51,66,51,21,8,269,6,69,89,331,514,593,687,421,186,2889,0,5,10,48,32,24,13,6,0,135,0,0,0,12,14,9,12,6,5,51,0,9,24,57,43,64,169,160,96,614,0,3,0,17,32,66,91,49,10,278,13,27,63,248,139,158,45,6,3,695,12,92,171,927,329,222,112,70,16,1950,0,11,30,173,54,32,28,9,0,337,3,18,30,154,37,30,13,3,0,286,0,4,13,21,9,9,8,3,0,65,0,7,6,29,33,47,35,32,9,204,0,0,3,17,60,122,141,119,39,520,0,15,11,43,21,10,3,3,0,99,3,29,37,152,55,22,6,3,0,305,0,3,3,14,26,36,6,8,0,91,19,96,165,538,327,352,168,67,16,1741,0,0,0,3,9,30,34,16,3,91
LGA23810,0,7,27,60,25,11,10,4,0,139,0,0,0,3,10,3,13,5,3,35,0,5,0,3,0,5,0,4,0,13,7,11,10,55,144,239,304,210,91,1067,0,0,3,8,4,3,0,0,0,14,0,0,0,0,3,4,3,4,0,20,0,3,3,13,14,34,116,47,26,241,0,0,0,5,3,10,12,17,3,49,0,5,0,5,3,4,0,0,0,17,6,13,7,79,12,9,5,3,3,137,0,0,0,8,7,4,3,3,0,23,0,0,0,6,0,0,0,0,0,6,0,0,0,0,0,0,0,0,0,7,0,0,0,4,5,12,6,10,3,49,0,0,0,0,14,68,82,101,47,313,0,0,0,3,4,0,3,0,3,11,0,0,0,9,0,5,0,0,0,13,0,0,0,0,3,3,0,0,0,5,3,5,6,18,13,7,8,0,0,55,0,0,0,3,3,39,65,39,10,156
LGA23940,0,0,0,3,3,0,3,0,0,8,0,0,0,0,0,0,3,0,0,3,0,0,0,0,0,0,0,0,0,0,0,0,0,6,17,31,24,10,7,95,0,0,0,0,0,0,0,0,0,0,0,0,0,0,0,0,0,0,0,0,0,0,0,0,0,4,4,5,0,16,0,0,0,0,0,3,0,0,0,7,0,0,0,0,0,0,0,0,0,0,0,0,0,8,0,0,0,0,0,8,0,0,0,0,0,0,0,0,0,0,0,0,0,0,0,0,0,0,0,0,0,0,0,0,0,0,0,0,0,0,0,0,0,0,0,0,0,0,0,0,0,0,0,0,0,0,0,0,0,3,0,0,0,0,0,0,0,0,0,0,0,0,0,0,0,0,0,0,0,0,0,0,0,0,0,0,0,0,0,0,0,0,0,3,0,0,0,0,0,8,0,0,0,0,0,4,3,0,0,5
LGA24130,0,3,5,20,8,3,4,0,0,55,0,0,0,0,4,13,4,7,0,36,0,0,0,0,0,3,5,0,0,15,0,34,25,143,202,200,210,106,30,957,0,0,0,3,3,0,4,0,0,6,0,0,0,0,3,4,3,0,0,9,0,0,3,19,19,25,52,14,16,148,0,0,0,3,0,6,0,3,0,17,0,0,0,0,0,0,0,0,0,7,3,0,0,18,6,5,9,3,0,57,0,0,0,0,0,0,0,0,0,7,0,0,0,3,0,0,0,0,0,3,0,0,0,0,0,0,0,0,0,3,0,3,3,11,10,13,9,6,7,61,0,0,0,0,13,33,31,9,6,87,0,0,0,4,5,0,0,0,0,12,0,0,0,5,0,0,0,0,0,6,0,0,0,0,3,0,0,0,0,4,0,0,0,3,4,7,7,0,0,19,0,0,0,5,9,41,15,3,0,72
LGA24210,45,241,664,2384,1088,831,368,218,118,5959,0,0,0,11,25,19,55,43,11,167,0,7,17,70,48,78,61,44,13,343,9,76,71,161,208,234,232,183,84,1257,0,0,3,22,14,30,8,8,0,91,0,3,5,11,9,3,5,3,3,42,0,3,3,20,19,23,91,55,32,236,0,20,25,41,110,251,497,430,134,1519,10,44,95,507,262,433,176,52,9,1593,15,44,47,393,121,109,89,34,13,860,3,4,16,123,41,25,24,10,3,247,10,85,78,495,142,97,42,13,3,958,0,0,3,27,7,12,0,0,0,52,0,3,0,17,15,20,5,9,11,79,0,8,11,27,67,241,529,519,227,1634,0,18,6,48,23,6,12,3,4,124,9,34,80,170,89,39,10,5,0,437,0,0,3,33,53,71,32,18,3,208,6,120,195,646,382,388,233,79,27,2069,0,0,3,4,3,17,43,27,12,110
LGA24250,0,5,4,3,4,0,0,0,0,18,0,0,0,0,0,0,0,0,0,0,0,0,0,0,0,0,0,0,0,0,0,0,4,15,30,49,41,15,8,161,0,0,0,0,0,0,0,0,0,0,0,0,0,0,0,3,0,0,0,7,0,0,0,5,4,5,13,12,3,38,0,0,0,0,0,0,0,0,0,0,0,0,0,0,0,0,0,0,0,0,0,0,0,7,0,3,0,0,0,8,0,0,0,0,0,0,0,0,0,3,0,0,0,0,0,0,0,0,0,0,0,0,0,0,0,0,0,0,0,0,0,0,0,0,0,0,0,0,0,0,0,0,0,0,0,4,3,4,0,4,0,0,0,0,0,0,0,0,0,3,0,0,0,0,0,0,0,0,0,0,0,0,0,0,0,0,0,0,0,0,0,0,0,0,0,0,0,0,0,5,0,0,0,0,0,0,0,0,0,3
LGA24330,5,18,318,510,159,129,48,42,24,1250,0,0,0,30,15,30,57,49,9,193,0,4,5,6,6,10,9,13,0,62,3,29,39,351,111,106,58,25,30,747,0,3,3,45,16,16,0,3,0,84,0,0,0,25,4,4,0,0,0,40,0,0,14,54,12,14,38,9,14,149,0,6,3,8,32,56,148,166,36,458,0,0,10,128,14,14,6,0,4,178,48,63,132,823,57,33,24,7,4,1206,6,8,23,124,10,12,10,0,0,186,0,7,0,41,5,4,0,3,0,55,0,4,5,16,6,5,0,0,0,34,0,3,0,73,14,8,7,3,8,121,0,3,4,37,26,52,127,155,78,485,0,3,11,102,10,3,4,3,0,138,0,3,6,89,13,5,0,0,0,121,0,0,3,13,11,10,10,6,0,56,18,19,66,241,37,25,14,3,0,417,0,0,0,3,7,24,27,14,10,91
LGA24410,13,75,132,936,216,202,77,31,3,1683,0,0,0,3,10,15,22,12,3,71,0,4,4,23,7,6,13,3,0,58,8,49,76,292,425,437,512,327,196,2316,0,0,10,23,14,14,8,0,0,68,0,0,0,15,7,8,7,3,0,46,0,8,7,43,37,49,100,73,33,353,0,4,0,10,7,33,35,23,3,124,3,12,18,119,34,38,6,3,0,232,19,80,45,551,83,50,48,17,11,906,0,7,9,73,19,9,6,5,0,129,0,22,21,142,29,18,14,4,0,252,0,0,0,9,4,3,0,0,0,20,3,9,0,24,14,19,28,17,8,123,0,0,5,19,16,52,68,55,34,246,0,6,0,39,6,7,8,5,0,68,3,8,12,70,16,6,9,0,0,131,0,0,0,12,10,5,3,0,0,30,35,76,31,176,82,74,33,17,7,535,0,0,3,5,6,21,19,17,0,63
LGA24600,29,87,7824,3827,549,263,117,102,51,12851,0,0,0,18,12,12,11,5,4,72,3,8,7,19,5,18,15,12,6,89,9,27,224,553,192,159,128,38,22,1369,0,0,7,42,8,5,10,0,0,74,3,0,66,161,13,10,7,8,0,267,0,5,45,109,23,19,30,14,7,247,0,0,3,27,16,23,16,25,9,116,5,11,372,473,59,60,22,9,0,1017,166,94,315,1786,62,45,23,7,0,2508,0,16,1086,609,29,23,26,3,0,1785,5,3,18,220,14,8,6,0,0,265,0,0,3,18,3,3,0,0,0,28,4,3,17,144,15,8,7,4,3,203,0,3,64,182,29,50,64,63,62,514,7,4,182,448,55,13,6,0,0,722,8,14,503,1030,46,13,4,0,0,1623,0,0,3,19,4,4,9,3,0,34,10,22,1679,1394,135,121,59,21,5,3445,0,0,0,3,0,11,19,7,3,45
LGA24650,4,12,32,252,81,61,19,14,3,477,0,0,6,50,100,103,65,29,10,362,5,55,25,139,52,63,44,12,6,404,0,51,41,189,278,289,243,149,61,1302,0,20,20,137,57,31,12,3,0,277,0,0,0,5,4,10,3,0,3,31,0,3,14,27,17,36,103,31,12,248,0,5,0,15,36,46,42,26,9,175,0,9,10,41,12,9,0,0,0,79,27,150,166,1548,236,176,87,27,17,2433,0,15,15,108,29,19,3,0,0,181,0,8,7,36,17,0,4,8,0,81,4,23,27,70,24,16,6,3,0,168,5,11,5,26,12,13,24,8,9,109,0,3,10,30,87,149,122,52,15,463,0,3,9,27,13,0,4,0,0,50,3,9,7,53,11,3,0,0,0,87,0,3,11,53,43,32,8,3,0,161,5,31,12,135,44,31,9,5,0,272,3,8,25,110,92,304,294,88,20,947
LGA24780,0,3,14,28,6,4,3,0,0,64,0,0,0,0,3,5,8,7,6,38,0,0,0,0,0,0,0,0,0,3,0,3,21,56,78,77,82,44,20,384,0,0,3,8,0,0,0,0,0,18,0,0,6,3,0,3,0,0,0,11,0,0,4,10,4,10,34,3,4,69,0,0,0,0,3,3,24,32,7,70,0,0,4,15,0,5,3,0,0,32,4,7,8,126,10,7,5,4,0,171,4,0,0,7,0,0,0,0,0,7,0,3,0,3,0,0,0,0,0,10,0,0,3,7,5,0,0,0,0,20,0,3,0,8,0,3,0,0,3,19,0,0,0,7,21,37,99,108,40,309,0,0,3,17,0,0,0,0,0,18,0,0,8,18,0,0,0,0,0,24,0,0,0,0,3,0,0,0,0,3,0,8,23,60,3,3,0,0,0,98,0,0,0,0,0,3,0,0,0,3
LGA24850,0,3,38,28,9,4,0,0,0,75,0,0,0,4,9,3,3,3,0,20,0,0,0,0,0,4,3,3,0,12,0,14,17,71,121,118,130,65,14,560,0,0,0,10,3,0,0,0,0,21,0,0,0,3,3,0,0,0,0,5,0,0,3,11,7,8,33,11,6,77,0,0,0,0,7,4,6,3,0,17,0,0,0,4,3,0,0,0,0,10,7,3,6,90,4,10,5,0,0,122,0,0,0,9,0,0,0,3,0,18,0,0,0,0,0,0,0,0,0,0,0,0,0,9,4,3,0,0,0,13,0,3,3,15,3,8,12,3,0,47,0,0,0,0,15,27,26,20,3,105,0,0,7,10,3,0,0,0,0,15,0,0,0,3,4,0,0,0,0,10,0,0,0,3,0,0,0,0,0,9,0,4,3,8,9,9,0,0,0,34,0,0,0,7,3,19,23,8,0,61
LGA24900,0,0,0,7,3,3,0,0,0,14,0,0,0,0,0,3,0,0,0,7,0,0,0,0,0,0,0,0,0,0,0,4,4,24,45,65,97,55,15,298,0,3,0,3,0,0,0,0,0,6,0,0,0,0,0,0,0,0,0,3,0,0,6,5,0,8,17,4,0,44,0,0,0,0,0,3,3,0,0,7,0,0,0,0,0,0,0,0,0,3,3,3,0,51,4,3,0,0,0,67,0,0,0,5,0,0,0,0,0,8,0,0,0,0,0,0,0,0,0,0,0,4,3,16,4,0,0,0,0,25,0,0,0,5,0,4,4,4,0,12,0,0,0,3,8,13,46,32,9,106,0,0,0,3,0,0,0,0,0,3,0,0,0,0,0,0,0,0,0,0,0,0,0,0,0,0,0,0,0,0,0,3,6,19,4,0,0,0,0,36,0,0,0,0,0,4,7,6,0,16
LGA24970,97,453,3467,4865,1660,1096,464,274,65,12436,0,0,0,12,22,38,55,62,14,204,3,13,9,42,37,58,100,66,30,358,30,76,124,254,265,248,299,245,129,1671,0,5,13,67,35,24,17,13,0,173,4,3,10,25,23,9,9,8,5,89,0,13,16,56,39,31,89,86,52,375,10,60,59,110,190,329,766,692,128,2347,18,41,243,410,199,259,106,29,3,1303,95,329,381,2386,556,330,199,111,52,4437,17,29,175,494,98,68,40,18,0,945,0,9,24,161,40,30,13,11,3,293,3,5,10,38,6,8,4,0,0,76,3,13,8,32,29,29,25,21,23,181,3,6,16,45,59,198,377,458,206,1375,5,40,47,191,81,27,24,14,3,429,11,95,199,487,193,68,22,10,4,1085,0,0,0,28,26,33,17,6,4,112,9,156,538,997,448,549,329,94,30,3155,0,0,0,0,3,18,39,12,6,84
LGA25060,4,21,182,434,153,129,47,64,43,1076,0,0,0,19,37,44,77,81,13,282,3,15,3,42,24,43,59,41,22,256,17,41,45,276,184,159,148,81,36,979,0,0,0,23,7,7,4,3,0,48,0,0,3,29,5,6,6,6,0,58,0,3,10,49,19,23,89,35,25,254,0,4,15,19,56,131,235,234,55,740,3,4,16,89,35,36,12,0,5,195,42,67,80,777,85,72,71,36,19,1249,0,4,30,91,9,10,6,3,4,149,3,21,18,118,17,16,9,3,4,206,0,3,3,25,11,8,0,0,0,46,4,8,5,101,29,21,23,15,7,205,3,17,22,88,130,392,778,849,316,2588,0,3,12,79,28,11,3,0,3,134,3,4,22,86,16,0,7,0,0,141,0,0,7,25,40,35,27,18,0,152,5,6,44,203,42,52,28,10,8,390,0,0,0,14,19,61,141,93,40,369
LGA25150,0,0,3,9,13,3,0,0,0,26,0,0,0,3,4,4,11,4,0,31,0,0,0,0,0,0,0,0,0,3,0,15,17,74,124,149,161,62,26,622,0,0,3,5,0,3,0,0,0,17,0,0,0,0,3,0,0,0,0,5,0,0,0,7,12,11,30,12,9,87,0,0,0,0,3,3,8,3,0,17,0,0,0,3,0,0,0,0,0,3,4,9,0,48,5,9,5,3,3,80,0,0,0,3,0,0,0,0,0,3,0,0,0,0,0,0,0,0,0,0,0,0,0,0,0,0,0,0,0,3,0,0,0,6,6,7,7,3,3,40,0,0,0,0,4,8,13,9,3,39,0,0,0,3,0,0,0,0,0,5,0,0,0,0,0,0,0,0,0,3,0,0,0,0,0,5,0,0,0,4,0,0,0,0,3,3,0,0,0,14,0,0,0,10,14,18,21,4,3,73
LGA25250,4,31,392,641,191,187,53,34,13,1545,0,0,0,26,26,28,48,57,22,204,3,17,9,42,21,54,62,65,40,308,16,56,111,670,216,179,118,89,50,1507,0,0,11,73,39,14,20,8,0,164,0,3,26,70,7,3,9,4,0,127,0,12,25,132,40,15,64,23,36,345,3,23,19,59,104,275,549,616,195,1839,0,9,23,100,15,17,7,3,3,171,53,117,138,1195,81,72,49,22,15,1738,24,30,20,255,28,10,16,4,0,379,6,22,36,156,27,6,4,0,0,259,3,24,29,153,61,44,19,17,3,361,3,10,10,152,22,16,9,9,10,241,3,13,32,159,212,522,1044,1621,728,4341,0,8,24,178,36,10,6,4,0,263,0,4,15,127,15,3,0,0,0,170,7,15,58,378,322,288,167,64,25,1315,4,20,89,293,48,50,34,7,0,551,0,0,0,13,21,57,143,172,66,468
LGA25340,0,24,80,65,37,17,17,5,4,243,0,0,0,7,15,28,22,36,5,119,0,3,0,6,6,18,27,18,4,93,29,271,270,715,1094,1017,1325,949,350,6011,0,0,0,10,10,14,5,3,0,48,0,3,4,14,10,7,17,9,3,71,0,7,10,54,54,63,148,86,34,463,0,0,4,9,19,43,102,91,19,295,0,3,6,4,7,13,3,0,3,45,6,3,6,67,29,35,20,21,5,202,0,3,3,31,3,4,7,7,3,59,0,0,0,4,3,8,0,0,0,16,0,0,0,3,3,0,0,0,0,6,3,29,9,70,49,53,51,39,16,319,0,8,0,21,29,91,186,125,43,511,0,5,5,29,20,9,0,3,4,69,0,0,0,14,0,5,0,0,0,29,0,0,0,4,7,5,0,0,0,15,0,7,3,24,20,29,17,10,3,112,0,0,0,3,3,25,52,15,7,103
LGA25430,0,3,0,6,3,0,0,0,0,11,0,0,0,0,0,0,3,0,0,4,0,0,0,0,0,0,0,0,0,3,0,4,5,29,57,91,90,47,24,346,0,0,0,3,0,0,0,0,0,3,0,0,0,3,0,3,0,0,0,8,0,0,0,10,6,15,12,3,0,43,0,0,0,0,0,0,3,0,0,10,0,0,3,0,0,0,0,0,0,4,0,0,0,12,0,3,0,0,0,20,0,0,0,0,0,0,0,0,0,4,0,0,0,0,0,0,0,0,0,0,0,0,0,0,0,0,0,0,0,0,0,0,0,0,0,3,3,0,0,13,0,0,0,0,0,3,7,0,0,11,0,0,3,4,3,6,0,0,0,19,0,0,0,0,0,0,0,0,0,0,0,0,0,0,0,0,0,0,0,3,0,0,0,4,11,3,0,0,0,19,0,0,0,0,0,3,3,0,0,4
LGA25490,0,0,0,4,3,0,0,0,0,13,0,0,0,0,0,0,0,0,0,3,0,0,0,0,0,0,0,0,0,0,0,13,5,24,32,40,46,27,10,189,0,0,0,0,0,0,0,0,0,0,0,0,0,3,0,0,0,0,0,7,0,0,0,3,7,4,4,0,0,22,0,0,0,0,0,3,0,0,0,3,0,0,0,3,0,0,0,0,0,0,0,0,0,0,3,0,0,4,0,4,0,0,0,0,0,0,0,0,0,4,0,0,0,0,0,0,0,0,0,0,0,0,0,0,0,0,0,0,0,0,0,0,4,6,0,3,0,0,0,14,0,0,0,0,3,0,0,0,0,9,0,3,0,0,0,0,0,0,0,6,0,0,0,0,0,0,0,0,0,0,0,0,0,0,0,0,0,0,0,0,0,0,0,0,7,0,0,0,0,9,0,0,0,0,0,0,0,0,0,0
LGA25620,0,0,3,3,4,3,0,0,0,13,0,0,0,0,0,0,0,0,0,0,0,0,0,0,0,0,0,0,0,0,0,3,0,24,31,50,90,43,10,258,0,0,0,0,0,0,0,0,0,0,0,0,0,0,0,0,0,0,0,3,0,0,0,3,3,7,26,4,0,38,0,0,0,0,3,7,5,0,0,12,0,0,0,0,0,3,0,0,0,5,0,3,0,10,0,3,5,0,0,17,0,0,0,0,0,0,0,0,0,3,0,0,0,0,0,0,0,0,0,0,0,0,0,0,0,0,0,0,0,0,0,0,0,4,4,3,0,0,0,17,0,0,0,0,0,3,4,0,0,15,0,0,0,0,0,0,0,0,0,0,0,0,0,3,0,0,0,0,0,3,0,0,0,0,0,0,0,0,0,3,0,0,0,6,0,0,0,0,0,12,0,0,0,0,0,3,3,0,0,5
LGA25710,0,11,19,133,32,23,15,3,0,237,0,0,0,3,11,16,14,6,6,59,0,0,0,4,4,12,14,7,0,45,13,77,92,201,299,258,213,90,35,1272,0,0,0,3,5,4,0,0,0,21,0,0,3,11,3,3,11,0,0,28,0,0,7,30,31,20,63,19,8,190,0,4,3,7,21,21,19,14,6,93,0,4,4,15,3,12,0,0,0,36,0,3,6,40,23,23,15,3,5,121,0,0,0,20,9,0,4,4,0,39,0,5,3,23,5,3,7,0,0,49,0,0,3,3,3,0,0,0,0,10,0,3,3,27,24,19,11,7,0,84,0,0,0,9,45,93,76,40,17,281,0,0,0,13,13,3,0,3,0,41,0,0,3,7,0,0,0,0,0,12,0,0,0,5,10,4,3,0,0,21,0,11,3,37,16,37,15,5,3,128,0,0,3,0,8,14,26,7,0,62
LGA25810,0,0,0,4,0,0,0,0,0,9,0,0,0,0,0,0,0,0,0,3,0,0,0,0,0,0,0,0,0,0,0,0,0,16,18,35,34,22,5,132,0,0,0,0,0,3,0,0,0,3,0,0,0,0,0,0,0,0,0,4,0,0,0,0,0,3,12,4,0,15,0,0,0,0,0,0,0,0,0,0,0,0,0,0,0,0,0,0,0,0,0,0,0,15,0,3,0,0,0,20,0,0,4,3,0,0,0,0,0,3,0,0,0,0,0,0,0,0,0,0,0,0,0,0,0,0,0,0,0,0,0,0,0,0,0,0,0,0,0,4,0,0,0,0,3,0,0,0,0,5,0,0,0,0,0,0,0,0,0,0,0,0,3,4,0,0,0,0,0,3,0,0,0,0,0,0,0,0,0,0,0,0,0,0,0,0,0,0,0,14,0,0,0,0,0,0,0,0,0,0
LGA25900,4,34,278,519,134,68,31,27,6,1118,0,0,3,20,11,16,11,11,0,69,0,0,0,14,10,16,23,7,3,84,33,74,171,1088,353,262,200,59,34,2268,0,0,0,33,10,8,0,3,0,55,3,8,29,176,30,6,17,3,0,278,7,7,13,173,61,30,53,14,14,378,0,6,7,26,41,71,195,222,55,630,10,6,16,113,17,15,11,0,3,194,33,44,56,603,44,45,22,12,6,860,0,5,57,144,25,10,10,3,0,255,3,3,3,106,4,7,4,0,0,129,0,0,0,10,3,0,0,3,0,20,3,3,47,459,38,21,12,5,3,598,6,3,20,146,31,40,56,59,19,375,7,0,15,152,31,11,3,0,0,228,3,3,22,130,13,5,3,0,0,177,0,0,0,14,8,4,7,0,0,29,3,6,49,269,50,53,28,6,0,464,0,0,0,3,3,10,15,8,6,53
LGA25990,0,0,0,3,4,0,0,0,0,4,0,0,0,0,0,0,0,0,0,0,0,0,0,0,0,0,0,0,0,0,0,0,0,11,31,30,43,12,3,129,0,0,0,0,0,0,0,0,0,3,0,0,0,0,0,0,0,0,0,4,0,0,0,3,0,0,3,3,0,7,0,0,0,0,0,0,0,0,0,0,0,0,0,0,0,0,0,0,0,0,0,0,0,0,0,0,0,0,0,0,0,0,0,0,0,0,0,0,0,0,0,0,0,0,0,0,0,0,0,0,0,0,0,0,0,0,0,0,0,0,0,0,0,0,0,3,0,0,0,5,0,0,0,0,0,3,0,0,0,3,0,0,0,0,0,0,0,0,0,0,0,0,0,0,0,0,0,0,0,0,0,0,0,0,0,0,0,0,0,0,0,0,0,0,3,0,0,0,0,0,0,0,0,0,0,0,0,0,0,3
LGA26080,0,0,0,0,0,0,0,0,0,3,0,0,0,0,0,0,0,0,0,0,0,0,0,0,0,0,0,0,0,0,0,0,3,3,7,15,23,3,0,57,0,0,0,0,0,0,0,0,0,0,0,0,0,0,0,0,0,0,0,3,0,0,0,0,0,0,3,0,0,3,0,0,0,0,0,0,0,0,0,0,0,0,0,0,0,0,0,0,0,0,0,0,0,0,0,0,0,0,0,0,0,0,0,0,0,0,0,0,0,3,0,0,0,0,0,0,0,0,0,0,0,0,0,0,0,0,0,0,0,0,0,0,0,0,0,3,0,0,0,3,0,0,0,0,0,0,0,6,0,6,0,0,0,0,0,0,0,0,0,4,0,0,0,0,0,0,0,0,0,0,0,0,0,0,0,0,0,0,0,0,0,0,0,0,0,0,0,0,0,0,0,0,0,0,0,0,0,0,0,0
LGA26170,0,3,0,13,0,3,3,4,0,24,0,0,0,0,3,0,3,0,0,3,0,0,0,0,0,0,0,0,0,3,0,3,10,36,86,141,179,90,30,574,0,0,0,0,0,0,0,0,0,0,0,0,0,0,0,0,0,0,0,4,0,0,0,9,9,9,28,19,7,78,0,0,0,0,0,3,6,0,3,12,0,0,0,0,3,0,0,0,0,3,0,4,3,30,3,3,9,0,0,56,0,0,0,0,3,0,0,0,0,8,0,0,0,0,0,0,0,0,0,0,0,0,0,0,0,0,0,0,0,0,0,7,0,8,3,3,4,6,0,31,0,0,0,3,5,12,26,21,15,89,0,0,0,3,0,0,0,0,0,6,0,0,0,9,0,0,0,0,0,10,0,0,0,0,0,0,0,0,0,0,0,0,0,7,6,0,0,0,0,13,0,0,0,0,0,0,0,4,0,5
LGA26260,0,0,6,3,3,0,0,0,0,15,0,0,0,0,0,0,0,0,0,0,0,0,0,0,0,0,0,0,0,0,0,3,4,24,34,32,44,30,6,179,0,0,0,0,0,0,0,0,0,0,0,0,0,0,0,0,0,0,0,3,0,0,0,4,0,3,6,5,0,17,0,0,0,0,0,0,3,0,0,6,0,0,0,3,0,0,0,0,0,3,0,0,3,17,3,3,0,0,0,28,0,0,0,0,0,0,0,0,0,0,0,0,0,0,0,0,0,0,0,0,0,0,0,0,0,0,0,0,0,0,0,0,0,0,0,3,0,0,0,6,0,0,0,0,0,0,0,0,0,4,0,0,0,0,0,0,0,0,0,0,0,0,0,3,0,0,0,0,0,4,0,0,0,0,0,0,0,0,0,0,0,0,0,3,0,3,0,0,0,5,0,0,0,0,0,0,4,0,0,6
LGA26350,13,110,1046,989,298,163,77,63,17,2770,0,0,0,16,10,12,13,8,3,66,0,3,3,10,3,21,19,26,7,96,21,80,147,650,236,211,180,88,55,1666,0,0,4,29,9,8,6,3,3,61,3,3,18,125,20,12,22,6,6,224,0,0,24,91,9,22,76,29,24,280,0,0,6,40,45,100,270,369,69,894,3,25,61,148,30,48,19,5,3,343,45,58,118,751,69,53,44,21,6,1157,0,3,90,137,25,20,15,6,0,297,0,3,14,105,12,6,8,4,0,149,0,0,0,12,0,0,0,0,0,18,0,0,17,227,17,20,20,13,8,322,0,0,12,59,18,42,76,57,42,314,3,12,20,142,42,18,13,3,3,258,0,0,34,138,24,11,3,0,0,206,0,0,4,9,8,3,3,3,0,30,4,12,121,316,92,90,68,14,12,720,0,0,0,0,9,6,4,3,0,27
LGA26430,0,0,0,0,3,0,0,0,0,10,0,0,0,0,0,0,0,0,0,3,0,0,0,0,0,0,0,0,0,0,0,0,3,15,22,23,44,29,6,149,0,0,0,0,0,0,0,0,0,0,0,0,0,0,0,0,3,0,0,3,0,0,0,0,0,3,11,4,4,28,0,0,0,0,0,0,0,0,0,0,0,0,3,0,0,0,0,0,0,9,0,0,0,7,0,0,3,0,0,18,0,0,0,0,0,0,0,0,0,3,0,0,0,0,0,0,0,0,0,0,0,0,0,0,0,0,0,0,0,0,0,0,0,3,0,0,3,0,0,7,0,0,0,0,3,3,5,4,0,12,0,0,0,0,0,0,0,0,0,3,0,0,4,4,0,0,0,0,0,7,0,0,0,0,0,0,0,0,0,0,0,0,0,0,0,0,0,0,0,4,0,0,0,0,0,0,0,0,0,6
LGA26490,0,0,4,10,0,7,0,0,0,21,0,0,0,0,3,0,4,0,0,6,0,0,0,0,0,3,5,0,0,8,3,36,23,100,111,88,104,58,26,539,0,0,0,0,4,0,0,0,0,4,0,0,0,13,0,0,0,0,0,16,0,0,3,23,7,8,26,7,8,87,0,0,0,0,0,7,9,3,3,25,0,0,0,0,3,3,0,0,0,13,0,0,0,21,0,8,4,0,3,38,0,0,0,8,3,0,0,0,0,14,0,0,0,3,5,0,0,0,0,4,0,0,0,0,0,0,0,0,0,3,0,3,0,15,14,9,7,3,4,52,0,0,0,4,6,8,19,8,0,48,0,4,6,5,0,3,0,0,0,20,0,0,0,3,0,0,0,0,0,6,0,0,0,0,0,0,0,0,0,0,0,0,3,4,3,0,0,0,0,7,0,0,0,3,3,8,12,3,0,28
LGA26610,0,0,7,21,0,0,3,0,0,39,0,0,0,0,0,0,0,0,0,0,0,0,0,0,0,0,0,0,0,3,0,0,3,16,21,18,19,12,11,99,0,0,0,10,6,4,3,0,0,28,0,0,0,7,3,0,0,0,0,13,0,0,0,3,0,4,3,0,0,19,0,0,0,0,0,3,5,6,3,18,0,0,0,10,0,0,0,0,0,10,3,3,9,75,7,5,5,0,0,99,0,0,3,12,7,0,0,0,0,22,0,0,0,0,0,0,0,0,0,0,0,0,3,0,0,0,0,0,0,3,0,0,0,8,3,0,0,0,0,5,0,0,0,0,3,14,38,38,18,115,0,0,0,4,0,0,0,0,0,8,0,0,0,10,0,0,0,0,0,12,0,0,0,0,0,0,0,0,0,0,6,5,5,39,8,3,0,0,0,65,0,0,0,0,0,3,0,0,0,3
LGA26670,0,0,0,3,0,0,0,0,0,3,0,0,0,0,0,0,0,0,0,0,0,0,0,0,0,0,0,0,0,0,0,3,0,9,19,15,19,10,3,77,0,0,0,0,0,0,0,0,0,0,0,0,0,0,0,0,0,0,0,4,0,0,0,0,3,3,12,4,0,20,0,0,0,0,0,0,0,0,0,0,0,0,0,0,0,0,0,0,0,0,0,0,0,6,0,0,0,0,0,7,0,0,0,0,0,0,0,0,0,4,0,0,0,0,0,0,0,0,0,0,0,0,0,0,0,0,0,0,0,0,0,0,0,0,0,0,0,0,0,3,0,0,0,0,0,0,0,0,0,3,0,0,0,0,0,0,0,0,0,0,0,0,0,0,0,0,0,0,0,0,0,0,0,0,0,0,0,0,0,0,0,0,0,0,0,0,0,0,0,4,0,0,0,0,0,0,0,0,0,0
LGA26700,0,0,3,8,4,0,0,0,0,19,0,0,0,0,0,3,3,0,0,8,0,3,0,3,0,0,0,0,0,3,3,4,5,18,45,65,80,37,21,275,0,0,0,0,0,0,0,0,0,0,0,0,0,3,0,0,3,0,0,6,0,0,0,8,3,3,25,9,9,58,0,0,0,0,3,3,3,0,0,11,0,0,0,3,0,0,0,0,0,5,0,4,0,22,0,3,3,0,0,35,0,0,0,3,0,0,0,0,0,7,0,0,0,7,0,0,0,0,0,7,0,0,0,0,0,0,0,0,0,0,0,0,0,3,0,0,3,0,0,10,0,0,0,5,7,29,52,53,35,174,0,0,0,3,0,0,0,0,0,3,0,0,0,0,0,0,0,0,0,3,0,0,0,0,0,0,0,0,0,0,0,0,0,11,3,7,0,0,0,20,0,0,0,0,0,3,0,0,0,3
LGA26730,0,5,4,40,14,5,3,0,0,68,0,0,0,0,0,0,0,0,0,0,0,3,0,3,0,3,3,0,0,13,0,16,5,44,40,55,75,36,23,291,0,0,3,3,0,0,0,0,0,9,0,3,3,0,4,0,0,0,0,9,0,0,0,0,0,5,3,6,3,17,0,0,0,0,0,0,0,0,0,6,0,0,3,7,3,0,0,0,0,17,0,7,3,28,3,3,0,0,0,42,0,3,0,12,0,0,0,0,0,14,0,0,0,0,0,0,0,0,0,0,0,0,0,0,0,0,0,0,0,0,0,9,9,10,0,8,7,0,0,37,0,0,0,0,0,4,0,0,0,8,0,0,0,7,3,0,0,0,0,13,0,0,7,14,0,0,0,0,0,21,0,0,0,0,0,0,0,0,0,3,0,0,0,11,6,3,0,0,0,16,0,0,0,0,3,0,5,0,0,10
LGA26810,0,0,0,11,3,4,0,0,0,21,0,0,0,0,3,3,6,5,0,21,0,0,0,0,0,0,0,0,0,5,0,9,10,57,103,168,182,94,47,676,0,0,0,3,0,4,0,0,0,13,0,0,0,4,0,0,0,0,0,6,0,0,0,10,12,12,46,10,9,85,0,0,0,0,0,5,0,0,0,14,0,0,3,6,0,0,0,0,0,10,0,6,3,56,0,4,4,3,0,82,0,0,0,7,0,0,0,0,0,6,0,0,0,0,0,0,0,0,0,0,0,0,0,0,0,0,0,0,0,0,0,0,0,7,0,9,5,4,0,29,0,0,0,0,3,7,14,11,3,42,0,0,0,3,0,0,0,0,0,8,0,0,0,3,0,0,0,0,0,6,0,0,0,3,0,0,0,0,0,3,0,5,0,16,7,12,3,0,0,41,0,0,0,0,0,0,4,0,0,8
LGA26890,0,0,0,0,0,0,0,0,0,0,0,0,0,0,0,0,0,0,0,0,0,0,0,0,0,0,0,0,0,0,0,0,0,3,8,8,12,4,3,39,0,0,0,0,0,0,0,0,0,0,0,0,0,0,0,0,0,0,0,3,0,0,0,0,0,0,3,3,0,10,0,0,0,0,0,0,0,0,0,0,0,0,0,0,0,0,0,0,0,0,0,0,0,5,0,0,0,0,0,13,0,0,0,0,0,0,0,0,0,0,0,0,0,0,0,0,0,0,0,0,0,0,0,0,0,0,0,0,0,0,0,0,0,0,0,0,0,0,0,0,0,0,0,0,0,0,0,0,0,0,0,0,0,0,0,0,0,0,0,0,0,0,0,0,0,0,0,0,0,0,0,0,0,0,0,0,0,0,0,0,0,0,0,0,0,0,0,0,0,0,0,0,0,0,0,0,0,0,0,0
LGA26980,72,392,2003,4595,1426,1008,439,269,100,10299,0,0,0,3,18,18,31,40,8,117,0,5,0,20,14,22,43,21,19,148,14,89,102,278,305,287,342,300,162,1878,0,3,11,49,28,39,14,18,3,165,0,4,4,19,17,13,7,5,7,81,0,4,12,34,42,47,114,56,41,352,0,3,6,18,58,108,303,319,60,878,13,34,164,477,195,218,88,31,8,1225,50,118,241,1224,213,151,107,61,24,2188,4,7,85,292,62,36,30,6,11,534,3,44,44,261,46,37,19,12,3,482,0,4,5,15,5,3,3,0,5,34,3,17,3,36,27,28,29,30,12,178,0,3,5,25,41,90,221,250,104,738,7,13,19,129,43,18,19,3,0,259,5,42,97,300,103,31,10,3,0,587,0,0,3,11,17,10,14,0,5,56,16,107,311,907,334,364,210,75,32,2348,0,0,0,0,3,8,23,12,8,60
LGA27070,21,57,249,1042,273,219,93,41,7,1998,0,3,6,37,52,69,85,68,7,330,0,32,21,143,62,115,79,36,23,505,14,100,62,242,282,226,218,105,45,1300,3,9,21,158,70,52,17,16,3,348,0,0,0,7,13,11,3,0,0,38,0,3,18,44,26,21,55,14,18,202,4,39,42,97,174,406,604,479,117,1962,7,0,19,76,26,31,6,3,0,171,67,291,419,3475,399,244,123,47,15,5082,3,10,22,135,31,21,9,3,0,225,15,113,104,397,60,30,9,0,0,736,12,68,156,558,227,79,44,20,3,1164,3,17,0,42,15,16,23,10,3,135,6,26,31,99,264,727,858,738,301,3046,0,3,12,37,18,6,3,0,3,81,0,5,13,66,16,10,0,0,0,114,8,19,37,231,236,153,63,31,12,789,5,36,74,221,90,103,40,17,3,591,0,0,0,18,24,156,200,88,29,510
LGA27170,0,0,5,21,6,3,6,0,0,49,0,0,0,3,3,12,16,16,7,64,0,0,0,0,0,0,0,0,0,4,3,11,18,48,72,57,73,45,16,348,0,0,0,8,0,0,0,0,0,8,0,0,0,0,3,4,3,0,0,10,0,4,3,3,12,19,60,28,23,153,0,0,0,0,0,0,0,0,0,7,0,0,0,0,0,5,0,0,0,3,0,12,8,96,11,3,3,3,3,138,0,0,0,3,5,0,0,0,0,7,0,0,0,9,0,0,0,0,0,10,0,0,0,0,0,0,0,0,0,0,0,0,0,3,3,4,8,0,0,23,0,0,0,3,0,4,8,8,6,32,0,0,0,3,0,0,0,0,0,3,0,0,0,3,0,0,0,0,0,8,0,0,0,0,0,3,0,0,0,6,0,0,3,6,8,6,4,0,0,23,0,0,0,0,0,0,0,0,0,5
LGA27260,44,122,234,1754,376,415,94,29,7,3066,0,0,3,45,51,60,41,32,0,241,6,32,20,50,22,33,18,4,3,187,30,174,129,482,540,407,357,203,72,2399,0,17,38,266,93,70,36,6,0,527,0,3,6,25,10,9,8,4,0,57,3,12,16,54,44,36,76,32,16,296,0,13,7,19,44,51,67,50,19,276,5,16,25,125,42,47,13,0,0,280,244,649,669,7705,513,436,201,66,12,10499,5,27,37,525,66,40,21,9,0,727,5,32,19,134,18,10,6,0,0,225,0,12,18,59,20,10,5,3,0,130,0,12,15,65,27,23,21,16,3,189,0,9,13,43,78,166,222,193,92,815,0,11,9,95,25,8,10,4,3,160,9,40,31,237,38,24,10,0,0,385,5,21,41,188,73,35,21,6,0,394,28,92,106,517,135,150,51,13,3,1104,0,3,5,36,68,169,168,77,12,550
LGA27350,4,19,163,279,116,119,64,132,30,932,0,0,3,10,15,19,14,20,0,81,0,8,0,9,3,7,15,8,4,54,17,40,122,805,165,150,125,46,7,1470,0,0,0,22,10,9,5,0,0,41,0,4,22,116,10,3,3,3,4,168,0,0,14,110,25,11,38,12,9,218,0,0,4,19,37,71,178,262,60,638,0,6,21,106,21,11,4,4,4,176,6,8,27,194,13,19,16,5,3,292,0,3,30,77,8,3,9,0,0,134,0,3,7,51,3,3,3,0,0,67,0,0,0,4,4,0,0,0,0,12,0,0,6,198,15,21,12,0,4,252,3,0,7,76,17,38,70,133,92,444,0,8,13,115,29,3,3,0,0,175,0,0,14,81,11,3,0,0,0,105,0,0,0,9,9,3,3,3,3,27,0,8,48,205,55,45,29,15,3,408,0,0,0,3,0,8,7,12,3,33
LGA27450,0,19,39,183,70,51,21,9,0,411,0,0,0,3,12,13,14,15,5,57,0,0,0,6,0,6,13,3,3,32,12,86,112,487,825,961,885,497,192,4057,0,0,4,12,7,12,0,5,0,39,0,5,9,15,12,10,11,5,0,59,0,5,9,55,83,100,155,98,45,552,0,0,0,6,7,11,20,5,4,58,0,4,4,22,16,11,6,0,0,61,3,15,33,158,46,45,37,19,7,367,0,3,4,36,11,17,8,9,4,86,0,3,0,31,6,3,0,0,0,57,0,0,0,4,0,0,0,0,0,6,0,9,0,31,20,23,36,13,0,131,0,0,3,20,23,82,109,106,55,404,0,8,10,39,14,9,7,3,0,85,0,4,3,23,3,7,0,0,0,42,0,5,0,12,3,8,3,0,0,28,11,24,14,46,34,29,14,3,3,179,0,0,0,0,3,16,23,12,0,49
LGA27630,0,0,0,0,7,0,0,0,0,5,0,0,0,0,0,0,0,0,0,0,0,0,0,0,0,0,0,0,0,0,0,0,0,3,9,18,20,4,14,70,0,0,0,0,0,0,0,0,0,0,0,0,0,0,0,0,0,0,0,0,0,0,0,0,0,0,0,5,0,9,0,0,0,0,0,0,3,0,0,3,0,0,0,0,0,0,0,0,0,0,0,0,0,12,0,0,0,0,0,17,0,0,0,0,0,0,0,0,0,0,0,0,0,0,0,0,0,0,0,0,0,0,0,0,0,0,0,0,0,0,0,0,0,3,3,0,3,0,0,9,0,0,0,0,0,0,0,0,0,3,0,0,0,0,0,0,0,0,0,0,0,0,0,0,0,0,0,0,0,0,0,0,0,0,0,0,0,0,0,0,0,0,0,0,0,0,0,0,0,0,0,0,0,0,0,0,0,0,0,0
LGA29399,0,0,0,4,0,0,0,0,0,4,0,0,0,0,0,0,0,0,0,0,0,0,0,0,0,0,0,0,0,0,0,0,0,3,0,3,0,0,0,15,0,0,0,0,0,0,0,0,0,0,0,0,0,0,0,0,0,0,0,0,0,0,0,0,0,0,0,0,0,3,0,0,0,0,0,0,0,0,0,0,0,0,0,0,0,0,0,0,0,3,0,0,0,0,0,0,0,0,0,0,0,0,0,0,0,0,0,0,0,0,0,0,0,0,0,0,0,0,0,0,0,0,0,0,0,0,0,0,0,0,0,0,0,0,0,0,0,0,0,0,0,0,0,0,0,0,0,0,0,0,0,0,0,3,0,0,0,0,0,8,0,0,0,3,0,0,0,0,0,3,0,0,0,0,0,0,0,0,0,0,0,0,0,3,0,0,0,0,0,3,0,0,0,0,0,0,0,0,0,0
LGA29499,0,4,43,31,0,3,0,0,0,82,0,0,0,0,0,0,0,0,0,4,0,0,0,0,0,0,0,0,0,8,0,0,24,32,16,18,16,3,0,116,0,0,0,0,3,0,0,0,0,3,0,0,0,6,0,0,0,0,0,7,0,0,3,3,3,0,6,0,0,19,0,0,0,0,3,0,0,3,0,3,0,0,5,11,0,0,0,0,0,18,3,0,12,30,0,0,0,0,0,43,0,0,0,0,0,0,0,0,0,4,0,0,0,0,0,0,0,0,0,5,3,3,0,0,3,0,0,0,0,12,0,0,3,4,0,0,0,0,0,9,0,0,6,7,3,0,8,0,0,19,0,0,0,0,0,0,0,0,0,9,0,0,8,9,0,0,0,0,0,15,0,0,0,0,0,0,0,0,0,0,0,0,3,9,0,0,0,0,0,18,0,0,0,0,0,0,0,0,0,4
LGA29799,0,0,0,0,0,0,0,0,0,0,0,0,0,0,0,0,0,0,0,0,0,0,0,0,0,0,0,0,0,0,0,0,0,0,0,0,0,0,0,0,0,0,0,0,0,0,0,0,0,0,0,0,0,0,0,0,0,0,0,0,0,0,0,0,0,0,0,0,0,0,0,0,0,0,0,0,0,0,0,0,0,0,0,0,0,0,0,0,0,0,0,0,0,0,0,0,0,0,0,0,0,0,0,0,0,0,0,0,0,0,0,0,0,0,0,0,0,0,0,0,0,0,0,0,0,0,0,0,0,0,0,0,0,0,0,0,0,0,0,0,0,0,0,0,0,0,0,0,0,0,0,0,0,0,0,0,0,0,0,0,0,0,0,0,0,0,0,0,0,0,0,0,0,0,0,0,0,0,0,0,0,0,0,0,0,0,0,0,0,0,0,0,0,0,0,0,0,0,0,0
